date,P_t,P_next_actual,r_actual,r_now,r_hat_M0,P_hat_M0,P_hat_M2_Deep_gated,P_hat_M_rs_deep,r_hat_M2_Deep_gated,r_hat_M_rs_deep
2021-01-22,55.22,55.25,0.0005431338958538,0.0076350125480385,0.0,55.22,54.0019801889771,53.78278056778734,-0.0223044904438254,-0.0263718543613924
2021-01-29,55.25,59.48,0.0737717811940921,0.0005431338958538,0.0,55.25,53.12954708304533,53.81723016597467,-0.0391351246646389,-0.0262746611953903
2021-02-05,59.48,62.47,0.0490463199135243,0.0737717811940921,0.0,59.48,58.86443508708262,57.95668353899316,-0.0104030318617273,-0.0259442256007238
2021-02-12,62.47,62.84,0.005905371881942,0.0490463199135243,0.0,62.47,61.40924015754069,60.87010794688808,-0.0171261265098834,-0.0259442256007238
2021-02-19,62.84,65.86,0.0469394635607977,0.005905371881942,0.0,62.84,61.44117086823907,61.24025396227786,-0.0225116676293426,-0.0257870956065711
2021-02-26,65.86,69.95,0.060249424163272,0.0469394635607977,0.0,65.86,64.72263027063866,64.21045226198294,-0.0174203642537298,-0.0253652716850085
2021-03-05,69.95,68.87,-0.0155600315548833,0.060249424163272,0.0,69.95,68.18812609898048,68.2262732181732,-0.0255102555404764,-0.024950972643978
2021-03-12,68.87,64.0,-0.073337586196935,-0.0155600315548833,0.0,68.87,68.48141946412494,67.20534403804443,-0.0056582097819154,-0.0244679008137373
2021-03-19,64.0,63.77,-0.0036002230324915,-0.073337586196935,0.0,64.0,63.17128617173846,62.55888215689181,-0.0130332181729017,-0.0227748556183851
2021-03-26,63.77,63.85,0.0012537221513679,-0.0036002230324915,0.0,63.77,62.56475861283013,62.44552035421157,-0.0190807021998131,-0.0209883580464256
2021-04-02,63.85,61.89,-0.0311779667272782,0.0012537221513679,0.0,63.85,62.6034504714071,62.64218361362121,-0.0197161865399599,-0.0190976716714477
2021-04-09,61.89,65.98,0.0639930500491652,-0.0311779667272782,0.0,61.89,60.488265358309945,60.84199107854281,-0.0229092305470159,-0.017078422423902
2021-04-16,65.98,65.75,-0.0034919947425615,0.0639930500491652,0.0,65.98,65.55077589281142,65.39249469650467,-0.0065266190046172,-0.0089441739149975
2021-04-23,65.75,67.73,0.0296695421689385,-0.0034919947425615,0.0,65.75,65.05657832703496,65.23126979239021,-0.0106023439712528,-0.007920719052855
2021-04-30,67.73,68.73,0.0146565719067016,0.0296695421689385,0.0,67.73,66.89254882002409,67.26771030111131,-0.0124416301726747,-0.006848879213043
2021-05-07,68.73,69.24,0.0073929451744944,0.0146565719067016,0.0,68.73,68.24440263019473,68.30482729516707,-0.0070903671760734,-0.0062053432334349
2021-05-14,69.24,66.72,-0.037073972257517,0.0073929451744944,0.0,69.24,68.55102053329868,68.81167236894176,-0.0100004369809074,-0.0062053432334349
2021-05-21,66.72,69.36,0.038805574421795,-0.037073972257517,0.0,66.72,66.08312271566348,66.3332478111662,-0.009591373361356,-0.0058135112738411
2021-05-28,69.36,71.3,0.0275859949479638,0.038805574421795,0.0,69.36,68.78844279875449,68.98630897406062,-0.0082745842198846,-0.0054022682287998
2021-06-04,71.3,72.05,0.0104639950252809,0.0275859949479638,0.0,71.3,70.81167043157122,70.95539910637099,-0.0068725037005232,-0.0048448293680732
2021-06-11,72.05,73.1,0.0144680443102017,0.0104639950252809,0.0,72.05,71.46244391598927,71.7454040690476,-0.0081882706591179,-0.0042365246441891
2021-06-18,73.1,76.45,0.0448085656193386,0.0144680443102017,0.0,73.1,72.51431785011421,72.81051888529545,-0.008044336805428,-0.0039679318081637
2021-06-25,76.45,77.51,0.0137700279183487,0.0448085656193386,0.0,76.45,76.0039495826036,76.17218108533285,-0.0058516252468873,-0.0036406139598327
2021-07-02,77.51,77.14,-0.0047850075133383,0.0137700279183487,0.0,77.51,77.0864012758101,77.24893253718112,-0.0054800730261737,-0.0033738628999561
2021-07-09,77.14,74.46,-0.0353598843355109,-0.0047850075133383,0.0,77.14,76.7294202507693,76.89764150386038,-0.0053367423238707,-0.0031467463895169
2021-07-16,74.46,74.86,0.0053576340317122,-0.0353598843355109,0.0,74.46,74.02592203168247,74.19945174417163,-0.005846738854886,-0.0035053071910996
2021-07-23,74.86,77.72,0.0374929220329564,0.0053576340317122,0.0,74.86,75.4992300882712,74.53124449855473,0.0085027562203596,-0.0044012757675114
2021-07-30,77.72,71.02,-0.0901510969942975,0.0374929220329564,0.0,77.72,78.03205361453963,77.40735866619887,0.0040070615422335,-0.004030775226025
2021-08-06,71.02,70.9,-0.0016910939768598,-0.0901510969942975,0.0,71.02,71.68018960853948,70.75099559101942,0.0092528863566537,-0.0037949191327322
2021-08-13,70.9,65.51,-0.0790676307942968,-0.0016910939768598,0.0,70.9,71.5042579286373,70.63145011832269,0.0084865658382357,-0.0037949191327322
2021-08-20,65.51,72.26,0.0980679229757092,-0.0790676307942968,0.0,65.51,65.84792240601818,65.20804203008308,0.005145074545627,-0.0046199973977467
2021-08-27,72.26,73.07,0.0111471600836321,0.0980679229757092,0.0,72.26,72.92184743836356,71.9049268131374,0.0091175589094183,-0.0049259402088385
2021-09-03,73.07,72.44,-0.0086592527879137,0.0111471600836321,0.0,73.07,73.38007242082243,72.72633077159114,0.0042345200521466,-0.0047143829080679
2021-09-10,72.44,74.64,0.0299179235238758,-0.0086592527879137,0.0,72.44,73.0031722486983,72.13298240958913,0.0077442626506379,-0.0042472396545883
2021-09-17,74.64,77.42,0.0365685886104137,0.0299179235238758,0.0,74.64,75.19415004406196,74.38973738322986,0.0073968794234926,-0.003358562611866
2021-09-24,77.42,79.4,0.0252532231035881,0.0365685886104137,0.0,77.42,77.78996802379655,77.3299815324009,0.0047673320110751,-0.0011634053440412
2021-10-01,79.4,82.17,0.0342919036900064,0.0252532231035881,0.0,79.4,79.96937762842389,79.50437352089759,0.0071454134972613,0.0013136647355243
2021-10-08,82.17,84.67,0.0299710757110894,0.0342919036900064,0.0,82.17,82.90863270512963,82.42381346914271,0.0089489187347263,0.0030841216322585
2021-10-15,84.67,85.43,0.0089359795093414,0.0299710757110894,0.0,84.67,85.40559266249362,85.38911670254026,0.0086502388473158,0.0084573059389641
2021-10-22,85.43,83.1,-0.0276526253021248,0.0089359795093414,0.0,85.43,86.23984591665767,86.46615447685978,0.009434993314878,0.0120557324810395
2021-10-29,83.1,82.43,-0.0080952535362662,-0.0276526253021248,0.0,83.1,83.80982039221696,84.16484373314749,0.0085054872118812,0.0127325993352818
2021-11-05,82.43,82.9,0.0056856138161131,-0.0080952535362662,0.0,82.43,83.22419858619273,83.54998490625425,0.0095887056055722,0.0134956260610048
2021-11-12,82.9,80.24,-0.0326129184875693,0.0056856138161131,0.0,82.9,83.61599491041748,84.02637084469826,0.0085997663284266,0.0134956260610048
2021-11-19,80.24,72.37,-0.1032302947756436,-0.0326129184875693,0.0,80.24,80.9229388665508,81.26706095576611,0.0084751861592725,0.0127186365072879
2021-11-26,72.37,70.71,-0.023204843261887,-0.1032302947756436,0.0,72.37,72.73897431053933,73.15822505049562,0.005085489818939,0.0108327131487846
2021-12-03,70.71,74.98,0.0586344056916167,-0.023204843261887,0.0,70.71,70.82243724038773,71.31258995942241,0.0015888550530699,0.008485883487171
2021-12-10,74.98,72.97,-0.0271730135302372,0.0586344056916167,0.0,74.98,75.11377975886512,75.39095582000715,0.0017826161018298,0.005465907174872
2021-12-17,72.97,75.24,0.0306346066553009,-0.0271730135302372,0.0,72.97,72.52436405979718,73.30495361097482,-0.0061258363738663,0.0045797887903832
2021-12-24,75.24,77.24,0.0262344531274841,0.0306346066553009,0.0,75.24,74.95174686149356,75.5193899694914,-0.00383847313123,0.0037064396373016
2021-12-31,77.24,82.28,0.0632106072244427,0.0262344531274841,0.0,77.24,76.50151113688186,77.4600403080303,-0.0096069634996275,0.0028447368983531
2022-01-07,82.28,87.17,0.0577321702387283,0.0632106072244427,0.0,82.28,81.73017501769029,82.44110325560028,-0.0067047918459399,0.001956073675859
2022-01-14,87.17,89.75,0.0291677923449035,0.0577321702387283,0.0,87.17,86.43983461027946,87.34067781709622,-0.0084116167336977,0.001956073675859
2022-01-21,89.75,91.47,0.0189830222998847,0.0291677923449035,0.0,89.75,88.75718023018057,89.15792081990517,-0.0111236982833806,-0.0066188387737582
2022-01-28,91.47,96.86,0.0572555873068098,0.0189830222998847,0.0,91.47,90.29881262747382,90.76909208673014,-0.0128867385291953,-0.0076922175293243
2022-02-04,96.86,97.5,0.0065857410287184,0.0572555873068098,0.0,96.86,95.70324116625515,96.00660697259764,-0.0120144711037344,-0.00884962524419
2022-02-11,97.5,96.18,-0.0136309421542848,0.0065857410287184,0.0,97.5,95.99357165342026,96.52890747627984,-0.0155711507215552,-0.0100098551781142
2022-02-18,96.18,98.56,0.024444063935693,-0.0136309421542848,0.0,96.18,94.73818560581812,95.25171138924104,-0.0151042898375093,-0.0096984546630036
2022-02-25,98.56,123.86,0.2284863957247052,0.024444063935693,0.0,98.56,96.7986542512506,97.63320154336988,-0.0180324079624307,-0.0094478844665322
2022-03-04,123.86,118.11,-0.047535501886159,0.2284863957247052,0.0,123.86,122.14213573471864,122.71964507310425,-0.0139664819113713,-0.0092494500634672
2022-03-11,118.11,114.32,-0.0326148600021439,-0.047535501886159,0.0,118.11,116.43541085759072,117.0421136953601,-0.014279687601413,-0.0090825774768725
2022-03-18,114.32,122.67,0.0704962894230488,-0.0326148600021439,0.0,114.32,112.84315866823192,113.36469105841718,-0.0130026554280564,-0.0083915571404107
2022-03-25,122.67,106.13,-0.1448330652709296,0.0704962894230488,0.0,122.67,120.93826611329064,121.70271047294564,-0.014217605053725,-0.0079165515412154
2022-04-01,106.13,101.26,-0.0469732912319679,-0.1448330652709296,0.0,106.13,104.63029662960808,105.3295093645681,-0.0142316053507876,-0.0075711370148525
2022-04-08,101.26,110.83,0.0903060292457984,-0.0469732912319679,0.0,101.26,99.79683406047124,100.51999124381904,-0.0145550065684945,-0.0073348409752189
2022-04-15,110.83,105.15,-0.0526095936388528,0.0903060292457984,0.0,110.83,109.61668821365384,110.20684327539996,-0.0110078681416239,-0.0056385023089513
2022-04-22,105.15,108.36,0.0300711150681855,-0.0526095936388528,0.0,105.15,104.53473128279644,104.8957985591125,-0.0058685291889495,-0.0024204394159283
2022-04-29,108.36,113.86,0.0495106063060414,0.0300711150681855,0.0,108.36,107.48532764670044,108.31435553764288,-0.008104665971814,-0.0004213185535413
2022-05-06,113.86,112.12,-0.0153998972263482,0.0495106063060414,0.0,113.86,113.2252739648388,113.99991596836304,-0.0055902144338723,0.0012280877516654
2022-05-13,112.12,113.63,0.01337782963333,-0.0153998972263482,0.0,112.12,111.28936279089156,112.25777778300424,-0.0074360449913029,0.0012280877516654
2022-05-20,113.63,121.19,0.0644120060504783,0.01337782963333,0.0,113.63,113.02682180856269,113.87878712767582,-0.0053224042455523,0.0021870559812974
2022-05-27,121.19,125.68,0.0363794319669697,0.0644120060504783,0.0,121.19,120.81432138633062,121.643420359795,-0.003104728984109,0.0037344191427094
2022-06-03,125.68,127.44,0.0139066716544272,0.0363794319669697,0.0,125.68,125.02009802094491,126.37499984336392,-0.0052644854018941,0.0055146821538148
2022-06-10,127.44,119.22,-0.0666751398100125,0.0139066716544272,0.0,127.44,126.49904795347014,128.33097283720429,-0.0074108835220636,0.0069669863723892
2022-06-17,119.22,117.36,-0.0157243919570542,-0.0666751398100125,0.0,119.22,118.61762588081666,120.04148944414872,-0.0050654340746921,0.006866902602015
2022-06-24,117.36,119.21,0.0156405098951838,-0.0157243919570542,0.0,117.36,117.01437718696968,118.1566705636834,-0.0029493246464254,0.0067653266359873
2022-07-01,119.21,113.95,-0.0451268880382168,0.0156405098951838,0.0,119.21,118.55893333655806,120.00337787187571,-0.0054764790465081,0.0066332475882596
2022-07-08,113.95,112.26,-0.0149421461776399,-0.0451268880382168,0.0,113.95,113.41109380633372,114.69488751501764,-0.0047405402029689,0.0065156947825654
2022-07-15,112.26,106.77,-0.0501406213238422,-0.0149421461776399,0.0,112.26,111.89501294123916,113.02022215815114,-0.0032565622917369,0.0067491503391462
2022-07-22,106.77,111.51,0.0434372847870595,-0.0501406213238422,0.0,106.77,106.67296810529386,107.3493626925453,-0.0009092068223359,0.0054115993917149
2022-07-29,111.51,100.31,-0.1058488820818767,0.0434372847870595,0.0,111.51,111.2590117095817,112.06488901050103,-0.0022533510805069,0.0049637967152316
2022-08-05,100.31,103.7,0.0332367243400878,-0.1058488820818767,0.0,100.31,100.09729130962452,100.7808383986194,-0.0021227647842541,0.0046828514196901
2022-08-12,103.7,96.45,-0.0724773758837435,0.0332367243400878,0.0,103.7,103.48810342026128,104.1867504928405,-0.0020454519358956,0.0046828514196901
2022-08-19,96.45,101.13,0.0473820785623409,-0.0724773758837435,0.0,96.45,96.24336525542286,96.91725584284995,-0.0021447009709834,0.0048328425644026
2022-08-26,101.13,93.09,-0.0828400507856804,0.0473820785623409,0.0,101.13,100.79269219066262,101.6367688225124,-0.0033409630134313,0.0049985496204412
2022-09-02,93.09,91.68,-0.015262514161969,-0.0828400507856804,0.0,93.09,92.84148075649462,93.55873360959326,-0.0026732362964185,0.0050226388994918
2022-09-09,91.68,89.43,-0.0248480566083396,-0.015262514161969,0.0,91.68,91.44833440177472,92.1409402795038,-0.0025300915072847,0.0050151113894649
2022-09-16,89.43,84.29,-0.0591929623486989,-0.0248480566083396,0.0,89.43,89.20526097075266,89.79853005951908,-0.0025161790186052,0.0041124097684179
2022-09-23,84.29,88.9,0.0532489085104681,-0.0591929623486989,0.0,84.29,84.13678935905108,84.57618540258507,-0.0018193148939236,0.0033894965518874
2022-09-30,88.9,98.88,0.1063948511895216,0.0532489085104681,0.0,88.9,88.64204764437547,89.15538854741033,-0.0029058191065707,0.002868643567925
2022-10-07,98.88,92.22,-0.0697299669308211,0.1063948511895216,0.0,98.88,98.75327427937636,99.102859356865,-0.0012824332183316,0.0022513004581958
2022-10-14,92.22,91.82,-0.0043468879574835,-0.0697299669308211,0.0,92.22,92.07334566547922,92.42784880552276,-0.0015915318585939,0.0022513004581958
2022-10-21,91.82,94.64,0.0302500808490554,-0.0043468879574835,0.0,91.82,91.63247921766748,91.6853718297311,-0.0020443533763323,-0.0014672943149349
2022-10-28,94.64,99.53,0.0503788865878407,0.0302500808490554,0.0,94.64,94.3774760967399,94.5945691740477,-0.002777775658473,-0.0004801535683824
2022-11-04,99.53,96.37,-0.032264156394776,0.0503788865878407,0.0,99.53,99.28027489419463,99.59219955512062,-0.0025121964875866,0.0006247375459149
2022-11-11,96.37,88.93,-0.0803454064516473,-0.032264156394776,0.0,96.37,96.21539186010564,96.51434483097334,-0.0016056064441408,0.0014966985324337
2022-11-18,88.93,83.4,-0.0642012340468476,-0.0803454064516473,0.0,88.93,88.65380400709934,88.96221740260215,-0.003110601410385,0.0003622126186832
2022-11-25,83.4,86.54,0.0369584254320376,-0.0642012340468476,0.0,83.4,83.16536110490193,83.32314890755383,-0.0028173811019062,-0.000921900748549
2022-12-02,86.54,76.37,-0.125016785896446,0.0369584254320376,0.0,86.54,86.34830320854567,86.35157277532153,-0.0022175805587201,-0.0021797164113648
2022-12-09,76.37,80.2,0.0489335659721759,-0.125016785896446,0.0,76.37,76.1079755728367,76.10116208780128,-0.0034368856761409,-0.0035264136130925
2022-12-16,80.2,82.45,0.027668534133139,0.0489335659721759,0.0,80.2,79.94234974940953,79.7641176509679,-0.0032177681082299,-0.0054497650377971
2022-12-23,82.45,82.82,0.0044775291118132,0.027668534133139,0.0,82.45,82.14279478988806,81.89097289120846,-0.0037329163434826,-0.0068032853299427
2022-12-30,82.82,76.41,-0.0805560004579458,0.0044775291118132,0.0,82.82,82.3524553719486,82.17429191068214,-0.0056613056425965,-0.0078270754502365
2023-01-06,76.41,83.43,0.087894379254508,-0.0805560004579458,0.0,76.41,76.23781273619039,75.74591354799232,-0.0022560079145991,-0.0087290812863223
2023-01-13,83.43,86.96,0.0414402858989706,0.087894379254508,0.0,83.43,83.19625063113416,82.70490207183614,-0.0028056746318941,-0.0087290812863223
2023-01-20,86.96,85.36,-0.018570635819456,0.0414402858989706,0.0,86.96,86.6813038695921,86.56042544278483,-0.0032100239229961,-0.0046055127224153
2023-01-27,85.36,78.85,-0.0793302935844505,-0.018570635819456,0.0,85.36,85.2399215238217,84.95495793653309,-0.0014077204131801,-0.0047563975823408
2023-02-03,78.85,85.46,0.0805011168068314,-0.0793302935844505,0.0,78.85,78.62291500154511,78.47966323983192,-0.0028841170033953,-0.0047077891928495
2023-02-10,85.46,81.97,-0.0416951035509395,0.0805011168068314,0.0,85.46,85.17946548174683,85.10567522767053,-0.0032880409019604,-0.0041547079333597
2023-02-17,81.97,82.31,0.0041392803196134,-0.0416951035509395,0.0,81.97,81.68918131613657,81.60623047447368,-0.0034317531983667,-0.0044477137558409
2023-02-24,82.31,85.74,0.0408268541852784,0.0041392803196134,0.0,82.31,82.07872749837884,81.92816941859178,-0.0028137288696612,-0.0046497263174529
2023-03-03,85.74,82.3,-0.0409483534868068,0.0408268541852784,0.0,85.74,85.53493728433664,85.33904336232236,-0.002394545482228,-0.0046873931948319
2023-03-10,82.3,71.03,-0.1472687846733054,-0.0409483534868068,0.0,82.3,82.07047777238608,81.91688549794388,-0.0027927445354283,-0.0046659659384875
2023-03-17,71.03,73.63,0.0359502283709067,-0.1472687846733054,0.0,71.03,70.88414558877272,70.69158103385263,-0.002055530996964,-0.004775837341322
2023-03-24,73.63,79.19,0.0727974768416957,0.0359502283709067,0.0,73.63,73.4918772115247,73.26156410195519,-0.0018776653978864,-0.005016444244827
2023-03-31,79.19,86.56,0.0889877868758503,0.0727974768416957,0.0,79.19,79.01180137311857,78.78472341374605,-0.002252802442193,-0.0051309154605867
2023-04-07,86.56,87.31,0.0086271887245447,0.0889877868758503,0.0,86.56,86.26169453966168,86.15971634594386,-0.0034521795123989,-0.0046350744334535
2023-04-14,87.31,83.36,-0.0462964258176594,0.0086271887245447,0.0,87.31,87.00824669672988,86.90624808415387,-0.0034621000427996,-0.0046350744334535
2023-04-21,83.36,81.32,-0.0247765892449109,-0.0462964258176594,0.0,83.36,85.17627364506794,84.1718044964052,0.0215543387036458,0.009691423700814
2023-04-28,81.32,75.85,-0.0696342829656046,-0.0247765892449109,0.0,81.32,79.75958754201794,82.23347040986097,-0.0193750343584249,0.0111704130273642
2023-05-05,75.85,74.54,-0.0174218117434287,-0.0696342829656046,0.0,75.85,74.22044729742292,76.80539035007126,-0.0217180235375265,0.0125171187459898
2023-05-12,74.54,75.42,0.0117365977790986,-0.0174218117434287,0.0,74.54,73.24131984213264,75.56935591339479,-0.0175761536243697,0.0137149618989433
2023-05-19,75.42,76.33,0.0119935539801678,0.0117365977790986,0.0,75.42,76.92344985044068,76.43691511146271,0.0197382777343662,0.0133932697345955
2023-05-26,76.33,76.0,-0.0043327055240478,0.0119935539801678,0.0,76.33,76.04926604592183,77.3355818129008,-0.0036846780928466,0.0130881119319674
2023-06-02,76.0,74.74,-0.0167179162289933,-0.0043327055240478,0.0,76.0,77.10930015287026,76.98720080034353,0.0144905575592428,0.012905844378555
2023-06-09,74.74,76.76,0.0266682470821614,-0.0167179162289933,0.0,74.74,73.19070754951149,75.67696334996586,-0.020946957193328,0.0124583750129452
2023-06-16,76.76,73.56,-0.0425822714033789,0.0266682470821614,0.0,76.76,77.33287855417389,77.60547008033829,0.0074355310764164,0.0109542442913284
2023-06-23,73.56,74.51,0.0128319448295158,-0.0425822714033789,0.0,73.56,73.63517198323545,74.1815627869857,0.0010213920573322,0.0084142396011928
2023-06-30,74.51,78.77,0.0555988691495966,0.0128319448295158,0.0,74.51,74.89570279537347,74.98414531162598,0.0051631717532376,0.0063433507784362
2023-07-07,78.77,79.9,0.0142436390569961,0.0555988691495966,0.0,78.77,75.88811309320815,79.08209950583326,-0.0372721543164096,0.0039543333727639
2023-07-14,79.9,81.06,0.0144137684279334,0.0142436390569961,0.0,79.9,76.96671784096394,80.21657674896633,-0.037402760191016,0.0039543333727639
2023-07-21,81.06,84.49,0.0414435629645908,0.0144137684279334,0.0,81.06,80.61243378008443,80.9690418276606,-0.0055367183236483,-0.0011227392431398
2023-07-28,84.49,87.38,0.0336332393585364,0.0414435629645908,0.0,84.49,83.99455060597134,84.38612793069677,-0.005881261164268,-0.0012301570822949
2023-08-04,87.38,87.93,0.0062746198676211,0.0336332393585364,0.0,87.38,86.88830537311757,87.25953229670041,-0.0056429759914052,-0.0013796157241477
2023-08-11,87.93,85.92,-0.0231244126303562,0.0062746198676211,0.0,87.93,87.16246766251362,87.79460463055598,-0.0087672218461322,-0.0015409953150489
2023-08-18,85.92,85.42,-0.0058363653472341,-0.0231244126303562,0.0,85.92,85.555365965537,85.80546243054701,-0.0042529092387294,-0.0013339616014584
2023-08-25,85.42,89.98,0.0520071579997058,-0.0058363653472341,0.0,85.42,85.07087422967855,85.3166626041883,-0.0040955418863652,-0.0012104887943076
2023-09-01,89.98,91.85,0.0205693882481082,0.0520071579997058,0.0,89.98,89.74112225656576,89.88065431965707,-0.0026583172985681,-0.0011046961974178
2023-09-08,91.85,95.55,0.0394928590251474,0.0205693882481082,0.0,91.85,91.7582413313653,91.75707033067891,-0.00099950498527,-0.0010122668706493
2023-09-15,95.55,93.99,-0.0164612770540719,0.0394928590251474,0.0,95.55,95.18460350690977,95.4199578853112,-0.0038314698369192,-0.001361911959651
2023-09-22,93.99,95.86,0.0197004000992753,-0.0164612770540719,0.0,93.99,93.7946246402652,93.83245231809803,-0.002080845869098,-0.001677623914585
2023-09-29,95.86,87.86,-0.0871441551838517,0.0197004000992753,0.0,95.86,95.59362515706906,95.6621314397535,-0.0027826583549402,-0.0020662743167992
2023-10-06,87.86,94.33,0.0710546341141284,-0.0871441551838517,0.0,87.86,87.58443743975663,87.6399830383866,-0.0031413111850692,-0.0025073173577369
2023-10-13,94.33,93.72,-0.0064876590221669,0.0710546341141284,0.0,94.33,93.79983813824644,94.09378101537682,-0.0056361422561203,-0.0025073173577369
2023-10-20,93.72,90.73,-0.0324235504580573,-0.0064876590221669,0.0,93.72,93.49426184063287,93.45617951217471,-0.0024115499166297,-0.0028189555232636
2023-10-27,90.73,87.55,-0.0356780044496768,-0.0324235504580573,0.0,90.73,90.42205307321343,90.38352871083916,-0.003399875609424,-0.0038260169107835
2023-11-03,87.55,83.66,-0.0454490927178085,-0.0356780044496768,0.0,87.55,87.38889684933079,87.16740045858674,-0.0018418224776004,-0.0043796456674809
2023-11-10,83.66,81.22,-0.0295994437559005,-0.0454490927178085,0.0,83.66,83.36423947342898,83.29973146106583,-0.0035415318954119,-0.0043156406031643
2023-11-17,81.22,79.82,-0.0173874226375639,-0.0295994437559005,0.0,81.22,81.06461119797196,80.88868342346144,-0.001915016443875,-0.0040875914954812
2023-11-24,79.82,78.72,-0.0138768468765897,-0.0173874226375639,0.0,79.82,79.55094170237992,79.524301529656,-0.0033765070391038,-0.0037114450524828
2023-12-01,78.72,75.94,-0.0359536979403416,-0.0138768468765897,0.0,78.72,78.53261773856292,78.45669173732358,-0.0023832016639291,-0.0033504778104727
2023-12-08,75.94,76.84,0.0117817830966997,-0.0359536979403416,0.0,75.94,75.74044084297991,75.70292532315943,-0.0026313118692606,-0.0031267514720321
2023-12-15,76.84,80.23,0.0431721718652087,0.0117817830966997,0.0,76.84,76.67993634924949,76.52397548673889,-0.002085249806075,-0.0041212411135611
2023-12-22,80.23,77.69,-0.0321709608032353,0.0431721718652087,0.0,80.23,79.95361858690595,79.82513719438501,-0.0034508108856181,-0.0050590524767502
2023-12-29,77.69,78.31,0.007948759800517,-0.0321709608032353,0.0,77.69,77.28612357915061,77.25095267955307,-0.0052121233366548,-0.0056673008391192
2024-01-05,78.31,79.89,0.0199753797311041,0.007948759800517,0.0,78.31,78.05807478920525,77.83155119722569,-0.0032222105324897,-0.0061284174077931
2024-01-12,79.89,80.71,0.0102117948423304,0.0199753797311041,0.0,79.89,79.60090509710933,79.40189790762814,-0.0036252251415573,-0.0061284174077931
2024-01-19,80.71,83.34,0.0320661426580264,0.0102117948423304,0.0,80.71,80.4303082952727,80.40958337962167,-0.0034714093395891,-0.0037291179907192
2024-01-26,83.34,79.54,-0.0466685862147627,0.0320661426580264,0.0,83.34,82.94473550067607,83.02908104366412,-0.0047540773070906,-0.003737705544303
2024-02-02,79.54,83.58,0.0495442172402245,-0.0466685862147627,0.0,79.54,79.15673262771064,79.25528808259412,-0.0048301954438976,-0.0035859026540272
2024-02-09,83.58,84.88,0.0154342372859582,0.0495442172402245,0.0,83.58,83.16644880995557,83.2900960389787,-0.0049602500193088,-0.0034746100058455
2024-02-16,84.88,84.18,-0.0082811309633029,0.0154342372859582,0.0,84.88,84.523100806067,84.58511702657424,-0.0042136149844171,-0.0034801648412816
2024-02-23,84.18,84.82,0.0075740007040198,-0.0082811309633029,0.0,84.18,83.82326291962002,83.87983627621574,-0.0042467939054766,-0.0035721091916816
2024-03-01,84.82,84.29,-0.0062681300370536,0.0075740007040198,0.0,84.82,84.36055093766454,84.50240249945685,-0.0054314776645867,-0.0037513981412615
2024-03-08,84.29,85.39,0.0129657639101239,-0.0062681300370536,0.0,84.29,83.93716698952682,83.95332534731376,-0.004194727096106,-0.0040022402243131
2024-03-15,85.39,84.87,-0.0061083239379291,0.0129657639101239,0.0,85.39,85.0365672358932,85.05626636304387,-0.0041476311646668,-0.0039160032139538
2024-03-22,84.87,86.17,0.0152014152700899,-0.0061083239379291,0.0,84.87,84.56137478028447,84.54288279723018,-0.0036430745067725,-0.0038617796226922
2024-03-29,86.17,92.81,0.074232303355626,0.0152014152700899,0.0,86.17,85.90871159330193,85.84425484987457,-0.0030368498821129,-0.0037874249410272
2024-04-05,92.81,93.12,0.0033345913758262,0.074232303355626,0.0,92.81,92.46851119224604,92.47063220978193,-0.003686225588094,-0.0036632881234019
2024-04-12,93.12,87.96,-0.0570068182965674,0.0033345913758262,0.0,93.12,92.72573777260864,92.77949866797644,-0.0042429040728428,-0.0036632881234019
2024-04-19,87.96,89.95,0.0223717947099818,-0.0570068182965674,0.0,87.96,87.57195197633892,87.38306714470086,-0.0044214019322147,-0.0065806415581908
2024-04-26,89.95,83.6,-0.0732104403058862,0.0223717947099818,0.0,89.95,89.47128659650383,89.49692996938754,-0.0053362067403217,-0.0050496377220765
2024-05-03,83.6,83.39,-0.0025151219917618,-0.0732104403058862,0.0,83.6,83.34352096632108,83.30577154826298,-0.0030726467727835,-0.0035256870243699
2024-05-10,83.39,82.24,-0.013886596392039,-0.0025151219917618,0.0,83.39,83.0777065021869,83.25835343112179,-0.0037520053677122,-0.0015799327572374
2024-05-17,82.24,78.92,-0.0412071205524403,-0.013886596392039,0.0,82.24,81.98972473134756,81.9294088713504,-0.0030478704486225,-0.0037837926243158
2024-05-24,78.92,79.41,0.0061896237527049,-0.0412071205524403,0.0,78.92,78.73438694005455,78.47838484782844,-0.0023546841836702,-0.0056114465394074
2024-05-31,79.41,78.12,-0.0163781988986412,0.0061896237527049,0.0,79.41,79.11082600938127,78.88481878008665,-0.0037745746518578,-0.0066355064674179
2024-06-07,78.12,81.49,0.0422342073236502,-0.0163781988986412,0.0,78.12,77.70663358518009,77.55750505857931,-0.0053054779524148,-0.0072264440397782
2024-06-14,81.49,86.42,0.0587388171716588,0.0422342073236502,0.0,81.49,81.05617874769716,80.90323972380475,-0.0053378342782102,-0.0072264440397782
2024-06-21,86.42,87.26,0.0096730371916763,0.0587388171716588,0.0,86.42,85.98033648914665,85.79227226012607,-0.0051005058686801,-0.0072901949644348
2024-06-28,87.26,88.66,0.0159166616214437,0.0096730371916763,0.0,87.26,86.58045838882114,86.5748579360854,-0.0078180312994657,-0.0078827183429428
2024-07-05,88.66,87.35,-0.0148857927368419,0.0159166616214437,0.0,88.66,88.01614368438698,87.90572906691874,-0.0072885807048275,-0.0085438496516592
2024-07-12,87.35,85.19,-0.0250389805253164,-0.0148857927368419,0.0,87.35,86.68565063218944,86.55409870496645,-0.0076346724636344,-0.0091533995803849
2024-07-19,85.19,81.35,-0.0461232223897023,-0.0250389805253164,0.0,85.19,84.79917714708537,84.78443418305923,-0.0045982167581524,-0.0047720892679738
2024-07-26,81.35,78.35,-0.0375748648630169,-0.0461232223897023,0.0,81.35,80.90036016217294,80.96869064595812,-0.0055425576677053,-0.0046982889516932
2024-08-02,78.35,81.07,0.0341270101975859,-0.0375748648630169,0.0,78.35,77.99889509840185,78.00343006239677,-0.0044913076178728,-0.004433167920384
2024-08-09,81.07,81.56,0.0060259667066386,0.0341270101975859,0.0,81.07,80.54304881784803,80.74718703217258,-0.0065211695889293,-0.0039898530185111
2024-08-16,81.56,80.34,-0.0150713167751182,0.0060259667066386,0.0,81.56,81.17443714029206,81.20819938029214,-0.0047385616460096,-0.0043227260467111
2024-08-23,80.34,80.2,-0.0017441140586673,-0.0150713167751182,0.0,80.34,79.95542911372166,79.97351576165345,-0.0047982855937079,-0.004572102046721
2024-08-30,80.2,72.82,-0.0965328721251816,-0.0017441140586673,0.0,80.2,79.71679923084588,79.82038396837042,-0.0060431704738295,-0.0047446048353575
2024-09-06,72.82,73.68,0.0117407491997641,-0.0965328721251816,0.0,72.82,72.53272818173832,72.46250030758121,-0.0039527595510649,-0.004921451836741
2024-09-13,73.68,75.96,0.0304754939970335,0.0117407491997641,0.0,73.68,73.39028092575721,73.31827825683308,-0.0039398775495085,-0.004921451836741
2024-09-20,75.96,71.63,-0.0586929053177252,0.0304754939970335,0.0,75.96,75.62982858152627,75.59182661580347,-0.0043561226194234,-0.0048587221508618
2024-09-27,71.63,79.32,0.1019763230252352,-0.0586929053177252,0.0,71.63,71.3207924885186,71.29779583401088,-0.0043260759640661,-0.0046485676529479
2024-10-04,79.32,80.27,0.0119056484918903,0.1019763230252352,0.0,79.32,78.95996979339202,78.9687786346469,-0.0045492910822677,-0.0044377364558719
2024-10-11,80.27,72.75,-0.0983670460918835,0.0119056484918903,0.0,80.27,79.87869202400996,79.93054454574634,-0.004886817991198,-0.0042378877457502
2024-10-18,72.75,75.62,0.0386918924111849,-0.0983670460918835,0.0,72.75,72.39856245228738,72.45184907708786,-0.0048424624884465,-0.0041067154975801
2024-10-25,75.62,73.63,-0.0266682470821614,0.0386918924111849,0.0,75.62,75.21175903522601,75.3272770365409,-0.005413209582248,-0.0038784844105804
2024-11-01,73.63,74.04,0.0055529363246714,-0.0266682470821614,0.0,73.63,73.35651289904231,73.36502118416529,-0.0037212586537683,-0.0036052799709432
2024-11-08,74.04,73.45,-0.0080005850854105,0.0055529363246714,0.0,74.04,73.6939002376591,73.78483308730142,-0.004685456688805,-0.0034522909419117
2024-11-15,73.45,76.1,0.0354433622477538,-0.0080005850854105,0.0,73.45,73.19498972772914,73.1812348258973,-0.0034779303376763,-0.0036658693546071
2024-11-22,76.1,74.16,-0.0258233436100404,0.0354433622477538,0.0,76.1,75.84886387623963,75.80371430648803,-0.0033055377450724,-0.0039009720149884
2024-11-29,74.16,73.78,-0.00513722908907,-0.0258233436100404,0.0,74.16,73.76141689780178,73.87391137783085,-0.0053891326248665,-0.003865181642203
2024-12-06,73.78,74.89,0.014932678092746,-0.00513722908907,0.0,73.78,73.58688239769486,73.51435695218954,-0.0026209106104378,-0.0036069723418321
2024-12-13,74.89,73.19,-0.0229615706481399,0.014932678092746,0.0,74.89,74.52256597131488,74.62036042490479,-0.0049183917965617,-0.0036069723418321
2024-12-20,73.19,73.77,0.0078933452830751,-0.0229615706481399,0.0,73.19,72.97238954749794,72.93347419723858,-0.0029776553867436,-0.0035110863289052
2024-12-27,73.77,76.72,0.0392102856789718,0.0078933452830751,0.0,73.77,73.37581925554791,73.5218680453777,-0.0053577014876529,-0.0033692585021276
2025-01-03,76.72,79.76,0.0388596950784002,0.0392102856789718,0.0,76.72,76.38433262259451,76.47511383669986,-0.004384825817403,-0.0031970519914338
2025-01-10,79.76,83.02,0.0400594169713096,0.0388596950784002,0.0,79.76,79.28961209858353,79.51666275168998,-0.0059150005670974,-0.0030555315942459
2025-01-17,83.02,78.71,-0.0533113304705338,0.0400594169713096,0.0,83.02,83.03334770722617,82.82812247438153,0.0001607640850271,-0.00231389548904
2025-01-24,78.71,77.11,-0.0205372383094894,-0.0533113304705338,0.0,78.71,78.70303758544728,78.54634645083709,-8.84604561864899e-05,-0.0020813609362831
2025-01-31,77.11,74.68,-0.0320206551713473,-0.0205372383094894,0.0,77.11,76.97854103821906,76.96274963131553,-0.0017062786471879,-0.0019114400680158
2025-02-07,74.68,75.19,0.0068059247164134,-0.0320206551713473,0.0,74.68,74.69327358161779,74.54257460007072,0.0001777236494112,-0.0018418853735687
2025-02-14,75.19,74.88,-0.0041314112205989,0.0068059247164134,0.0,75.19,75.10952054913416,75.05163610309744,-0.0010709210284028,-0.0018418853735687
2025-02-21,74.88,74.76,-0.0016038495819744,-0.0041314112205989,0.0,74.88,74.73380393568405,74.71797232199691,-0.0019543131315586,-0.0021661756352074
2025-02-28,74.76,72.49,-0.0308343612745757,-0.0016038495819744,0.0,74.76,74.44016963413098,74.5901189850203,-0.0042872720124295,-0.0022749374342679
2025-03-07,72.49,71.94,-0.0076161830453085,-0.0308343612745757,0.0,72.49,72.20684193207809,72.30096980996305,-0.0039138163016025,-0.002611078545595
2025-03-14,71.94,72.64,0.0096832960255601,-0.0076161830453085,0.0,71.94,71.5408602464012,71.73266044708224,-0.0055636798178034,-0.0028862790764955
2025-03-21,72.64,74.69,0.0278304800759373,0.0096832960255601,0.0,72.64,72.35065837466644,72.43300744585487,-0.0039911813997759,-0.002853634845725
2025-03-28,74.69,68.36,-0.0885583561215851,0.0278304800759373,0.0,74.69,74.35430061644469,74.47729219099625,-0.0045047002782852,-0.0028519382506973
2025-04-04,68.36,66.83,-0.0226357767244114,-0.0885583561215851,0.0,68.36,68.28228630445977,68.15447999375809,-0.0011374766336423,-0.0030109650129437
2025-04-11,66.83,69.33,0.0367256314314203,-0.0226357767244114,0.0,66.83,66.73388491266287,66.61460020527987,-0.0014392379196082,-0.0032283057008332
2025-04-18,69.33,66.99,-0.0343343584342229,0.0367256314314203,0.0,69.33,68.58458755745997,68.98772189059788,-0.0108098746389615,-0.0049491678055065
2025-04-25,66.99,61.57,-0.0843686155970573,-0.0343343584342229,0.0,66.99,66.90278671263269,66.6740241231515,-0.0013027333561849,-0.0047279208823972
2025-05-02,61.57,64.26,0.0427626147645937,-0.0843686155970573,0.0,61.57,61.46196787007154,61.29980397853106,-0.0017561640208472,-0.004398093726179
2025-05-09,64.26,65.2,0.0145221152448948,0.0427626147645937,0.0,64.26,63.928176932210626,64.00003776530254,-0.0051771359399503,-0.0040536802453625
2025-05-16,65.2,65.41,0.003215683040514,0.0145221152448948,0.0,65.2,65.36738593686056,64.94150682351253,0.0025639791646119,-0.0039724992084594
2025-05-23,65.41,64.32,-0.0168045271024105,0.003215683040514,0.0,65.41,65.0764288454094,65.14117865843315,-0.005112744431361,-0.0041182580542661
2025-05-30,64.32,68.02,0.0559311547083385,-0.0168045271024105,0.0,64.32,64.09909828812256,64.09332174526405,-0.0034403283110101,-0.0035304513129929
2025-06-06,68.02,76.0,0.1109315607072818,0.0559311547083385,0.0,68.02,67.65370930702304,67.80041550818697,-0.0053995956151048,-0.0032334562121424
2025-06-13,76.0,78.73,0.0352909369100447,0.1109315607072818,0.0,76.0,75.30039025647024,75.75465419909159,-0.0092480228050655,-0.0032334562121424
2025-06-20,78.73,69.37,-0.1265697797991659,0.0352909369100447,0.0,78.73,78.40024071208445,78.50315942032891,-0.0041972795375274,-0.0028854058251927
2025-06-27,69.37,71.03,0.0236478256125086,-0.1265697797991659,0.0,69.37,69.04869400779823,69.15873730064042,-0.0046425314383971,-0.0030500944029224
2025-07-04,71.03,72.06,0.0143967823102286,0.0236478256125086,0.0,71.03,70.27554259535111,70.82445321694209,-0.0106784852173873,-0.0028979975214273
2025-07-11,72.06,71.06,-0.0139745147270661,0.0143967823102286,0.0,72.06,71.36777933199174,71.86106694304158,-0.0096526076873546,-0.0027644762212579
2025-07-18,71.06,69.23,-0.0260902959029469,-0.0139745147270661,0.0,71.06,70.67862490188992,70.95351372457998,-0.005381398595357,-0.0014996642584844
2025-07-25,69.23,70.55,0.0188873836088888,-0.0260902959029469,0.0,69.23,68.99866996193073,69.11818597386399,-0.003347066192505,-0.0016164151296174
2025-08-01,70.55,67.17,-0.0490949590200498,0.0188873836088888,0.0,70.55,69.68313334323267,70.42555927996686,-0.0123633791531792,-0.0017654230703432
2025-08-08,67.17,67.3,0.001933517371909,-0.0490949590200498,0.0,67.17,66.86965852536584,67.041515977523,-0.004481389770476,-0.0019146503307385
2025-08-15,67.3,68.29,0.0146031063223159,0.001933517371909,0.0,67.3,66.9234308340545,67.15678661119065,-0.0056110941526202,-0.0021302523521062
2025-08-22,68.29,67.83,-0.0067587680150098,0.0146031063223159,0.0,68.29,67.40342063626706,68.10866155380621,-0.0130675750626125,-0.0026589491563445
2025-08-29,67.83,64.92,-0.0438488323115976,-0.0067587680150098,0.0,67.83,67.196040321665,67.6165915300241,-0.0093902529497058,-0.0031511851890863
2025-09-05,64.92,67.87,0.0444383680692765,-0.0438488323115976,0.0,64.92,64.39575103127018,64.6880556592302,-0.0081080894880195,-0.0035791693224521
2025-09-12,67.87,67.05,-0.0121555009879795,0.0444383680692765,0.0,67.87,67.39821186205872,67.62751598262406,-0.0069756233858563,-0.0035791693224521
2025-09-19,67.05,71.15,0.0593517148081739,-0.0121555009879795,0.0,67.05,66.89358811939724,66.8567603372292,-0.0023354899460989,-0.0028861843334215
2025-09-26,71.15,66.13,-0.0731678228492905,0.0593517148081739,0.0,71.15,70.6031227439393,70.99772206810528,-0.0077159495142925,-0.002142531557047
2025-10-03,66.13,64.41,-0.0263536011277715,-0.0731678228492905,0.0,66.13,66.1039243858312,66.02842731069266,-0.0003943861551093,-0.0015371355633354
2025-10-10,64.41,61.23,-0.0506316350689361,-0.0263536011277715,0.0,64.41,63.92319249539453,64.33389590876367,-0.0075866551759941,-0.0011822556644498
2025-10-17,61.23,65.8,0.0719825728414084,-0.0506316350689361,0.0,61.23,60.31956537747845,60.76086258025633,-0.0149807470966503,-0.0076913913479794
2025-10-24,65.8,65.44,-0.0054861460367799,0.0719825728414084,0.0,65.8,65.53065028479269,65.26466550909342,-0.0041018618621005,-0.0081690586228823
2025-10-31,65.44,63.72,-0.0266352072526438,-0.0054861460367799,0.0,65.44,64.93379660873423,64.86035786690022,-0.0077654551481872,-0.0088970739020147
2025-11-07,63.72,63.45,-0.004246290881451,-0.0266352072526438,0.0,63.72,64.43457939052061,63.12530269536679,0.0111519510217441,-0.0093768022836933
2025-11-14,63.45,62.78,-0.0106156427465891,-0.004246290881451,0.0,63.45,62.65137492082352,62.857822599199984,-0.0126665669965047,-0.0093768022836933
2025-11-21,62.78,64.07,0.0203396842371225,-0.0106156427465891,0.0,62.78,62.054580419248886,62.20112597045676,-0.0116222242886054,-0.0092634494136015
2025-11-28,64.07,64.42,0.0054479082521227,0.0203396842371225,0.0,64.07,64.34809803538288,63.49157372330107,0.0043311413946952,-0.009069035828195
2025-12-05,64.42,62.11,-0.0365171373318411,0.0054479082521227,0.0,64.42,64.29789729074132,63.935173452816215,-0.001897214737867,-0.0075544886880023
2025-12-12,62.11,61.35,-0.0123118354142911,-0.0365171373318411,0.0,62.11,61.941381609521954,61.76812017977433,-0.0027185266642989,-0.0055196299025836
2025-12-19,61.35,63.7,0.0375893914211972,-0.0123118354142911,0.0,61.35,61.13674404127991,60.96813831433703,-0.0034821102621061,-0.006243766157424
