date,sh:P001,sh:P002,sh:P003,sh:P004,sh:P005,sh:P006,sh:P007,sh:P008,sh:P009,sh:P010,sh:P011,sh:hormuz,sh:suez,sh:malacca,sh:mandeb,sh:panama,sh:cape
2021-01-22,0.0614414,0.061116703,0.06088406,0.059220828,0.060497105,0.06080042,0.0605889,0.05953075,0.061022393,0.06131175,0.06065738,0.054923475,0.05577683,0.05561172,0.05611042,0.05573437,0.05477151
2021-01-29,0.06036074,0.060307164,0.060316414,0.058578003,0.060285304,0.05991488,0.060821585,0.060533054,0.06006155,0.060647048,0.06160593,0.0557386,0.056214295,0.056191266,0.056439925,0.055963974,0.056020264
2021-02-05,0.059709202,0.059676684,0.059809275,0.059465893,0.059695587,0.059713773,0.059919022,0.05954396,0.059672,0.06046447,0.06002387,0.057040326,0.05705322,0.057570893,0.056959495,0.056954548,0.0567278
2021-02-12,0.059348464,0.059537083,0.059323,0.058963504,0.05956144,0.05928354,0.05962518,0.058767688,0.05946237,0.059119236,0.05890021,0.057743236,0.058320772,0.05830561,0.057989784,0.057888653,0.057860255
2021-02-19,0.06004546,0.060302027,0.06025678,0.058758326,0.05972792,0.06070065,0.06019972,0.060145088,0.060148336,0.060020886,0.060418747,0.05610417,0.05663295,0.056587838,0.056904096,0.05655851,0.056488503
2021-02-26,0.059318617,0.059118494,0.05884091,0.05889976,0.058975577,0.059142403,0.05893118,0.058100484,0.059233434,0.058311753,0.057985254,0.058531154,0.059006788,0.058654293,0.059303444,0.05907628,0.058570176
2021-03-05,0.05939278,0.05889512,0.058680512,0.059852898,0.05911448,0.05918234,0.05816842,0.058281977,0.05903643,0.058261123,0.05781056,0.059070617,0.059150416,0.058886193,0.05879081,0.058836438,0.058588907
2021-03-12,0.059061848,0.05919743,0.059172206,0.05950428,0.059292533,0.059290495,0.05875455,0.059037685,0.059145294,0.059049785,0.05819753,0.058476906,0.058520507,0.05878952,0.058432713,0.058204304,0.057872407
2021-03-19,0.05969041,0.05972509,0.059460662,0.05903158,0.05953099,0.059877645,0.058643427,0.058829494,0.059626974,0.05912064,0.059513345,0.057727367,0.05785598,0.057886884,0.058029976,0.05789021,0.057559334
2021-03-26,0.059368223,0.059654202,0.059544776,0.05900166,0.05944358,0.059449952,0.059150927,0.058779437,0.05954116,0.0589891,0.05912488,0.05774548,0.058075286,0.058055174,0.058426358,0.057994086,0.05765573
2021-04-02,0.059394155,0.059426572,0.059205346,0.059305243,0.05945888,0.059481107,0.05843454,0.058827344,0.05947517,0.058819644,0.058410585,0.058218773,0.058207825,0.0586193,0.058474425,0.058024094,0.058216996
2021-04-09,0.05915939,0.059203282,0.05905078,0.058791954,0.059177008,0.059125632,0.058893256,0.058518488,0.059264526,0.058642946,0.058513146,0.058397733,0.058915704,0.058393776,0.058745373,0.058580957,0.05862604
2021-04-16,0.0592324,0.059572786,0.05933033,0.059108663,0.05944667,0.059218183,0.058842756,0.058476668,0.059551667,0.058743495,0.05861881,0.058083043,0.058578193,0.058569964,0.058327563,0.058237128,0.058061734
2021-04-23,0.05985956,0.060166318,0.059453364,0.05974312,0.05951148,0.059725787,0.058249414,0.05876661,0.05999176,0.058718365,0.05975744,0.05720058,0.057051692,0.058589,0.05802198,0.05776606,0.057427466
2021-04-30,0.059467133,0.05994659,0.059526257,0.059882328,0.059931733,0.059850086,0.058172867,0.058138058,0.059778884,0.057743043,0.058168627,0.057420634,0.05807575,0.059973218,0.057575762,0.058546025,0.05780305
2021-05-07,0.05899727,0.05939269,0.05909266,0.057882547,0.059102584,0.059583962,0.059203997,0.058223125,0.05895948,0.05893821,0.058759946,0.05862177,0.05837725,0.05845867,0.059268493,0.058895912,0.05824142
2021-05-14,0.059520006,0.060272247,0.059375558,0.05964098,0.059691995,0.059843644,0.05828392,0.058457833,0.05991912,0.058322556,0.0585448,0.057271253,0.057988986,0.05874496,0.05811066,0.0580823,0.057929184
2021-05-21,0.05859778,0.059369635,0.05892846,0.05821123,0.05931144,0.05917722,0.05928452,0.058670588,0.059135728,0.059201792,0.057891026,0.058667984,0.058370948,0.0586211,0.059074614,0.05906494,0.058420982
2021-05-28,0.058925577,0.059641518,0.059100427,0.05901559,0.059480354,0.0597705,0.058480006,0.05887217,0.05939015,0.058928218,0.05890674,0.057609767,0.05811789,0.059527345,0.05772074,0.058549162,0.057963878
2021-06-04,0.058616567,0.059222084,0.059144866,0.05795006,0.05929417,0.058912054,0.058629993,0.058472805,0.05894734,0.058969386,0.05852589,0.05898622,0.05863238,0.058868524,0.0589969,0.05879244,0.059038285
2021-06-11,0.058717787,0.059350625,0.058967102,0.058373183,0.059212033,0.059033345,0.058399692,0.058398448,0.059121966,0.058293067,0.05848133,0.05862134,0.058866866,0.0589631,0.059323195,0.059123196,0.058753736
2021-06-18,0.058986075,0.059779815,0.05948242,0.058902133,0.059311517,0.059410296,0.058000058,0.058972925,0.059392195,0.058897145,0.059216302,0.057739466,0.058334764,0.05860466,0.058442965,0.058250904,0.058276303
2021-06-25,0.05864512,0.05974035,0.059595298,0.058195546,0.059484366,0.05936868,0.05864326,0.058793806,0.059358403,0.058580805,0.058573976,0.05802059,0.058409955,0.058642764,0.058612015,0.05901923,0.058315832
2021-07-02,0.05788444,0.059280887,0.05911743,0.057527326,0.058917694,0.05831859,0.059736397,0.058923837,0.05860907,0.059232313,0.058785178,0.058787152,0.05889955,0.058612354,0.05989814,0.058867443,0.058602203
2021-07-09,0.058190487,0.059618764,0.058999717,0.057498112,0.059097707,0.058847405,0.05851209,0.058452055,0.05889996,0.05896761,0.058293674,0.058690943,0.059251066,0.05837112,0.060168225,0.05944733,0.05869375
2021-07-16,0.05838829,0.059376694,0.05888912,0.057502035,0.05896993,0.058814075,0.058639254,0.058532033,0.058782265,0.05869589,0.059142787,0.058580324,0.05885467,0.05794426,0.060242858,0.059378266,0.059267208
2021-07-23,0.059836783,0.060828976,0.05925982,0.059643485,0.059760924,0.06071773,0.057419255,0.057961904,0.060556494,0.057537273,0.058233928,0.05659281,0.057979412,0.058497168,0.058413852,0.058314174,0.058446024
2021-07-30,0.05913291,0.05994481,0.059517313,0.057208724,0.059969474,0.059351947,0.057052065,0.056993455,0.05971245,0.05692756,0.05614356,0.058182165,0.060004845,0.059223585,0.06038194,0.060588546,0.059664648
2021-08-06,0.05915539,0.059825126,0.059219655,0.058848962,0.059808705,0.060045056,0.0579886,0.057151537,0.060009692,0.057338405,0.05867461,0.057186536,0.059056647,0.058569603,0.059077237,0.05909221,0.05895204
2021-08-13,0.059047803,0.05957192,0.058940925,0.058118373,0.059557024,0.059407353,0.057523627,0.05746422,0.059554577,0.05723955,0.05596155,0.058568403,0.06011424,0.058624785,0.060787883,0.059980832,0.05953688
2021-08-20,0.057966344,0.059078064,0.058707178,0.057296712,0.058792904,0.058232624,0.058894493,0.058764443,0.058564834,0.058946736,0.058829036,0.05913308,0.059588827,0.058392186,0.06032788,0.05922946,0.059255183
2021-08-27,0.059294157,0.060427703,0.059724674,0.058181845,0.060048573,0.060347248,0.057577763,0.05721449,0.06034985,0.058152445,0.05707798,0.057480317,0.058733914,0.05830563,0.059520397,0.059060965,0.058502056
2021-09-03,0.058074348,0.058944866,0.05851125,0.057442173,0.059303638,0.058968663,0.058873482,0.057083003,0.05882938,0.057426643,0.05597261,0.05874942,0.060612362,0.06039238,0.05999882,0.060580574,0.06023637
2021-09-10,0.05800695,0.059034597,0.058593653,0.058019716,0.059550934,0.058576945,0.05748761,0.05733081,0.058992155,0.05728665,0.05705247,0.059081078,0.06066786,0.05965934,0.060185306,0.060421877,0.060052052
2021-09-17,0.059463628,0.059794683,0.059317168,0.059095,0.05962412,0.059594452,0.05827624,0.058448203,0.059908625,0.058883753,0.059764504,0.057026148,0.058067355,0.05873497,0.057990015,0.057854824,0.058156304
2021-09-24,0.058604464,0.059835047,0.05956073,0.058236647,0.059900485,0.059540242,0.058011714,0.058744203,0.05968631,0.059029542,0.057890065,0.05760919,0.058803968,0.059149623,0.058453813,0.058599412,0.05834454
2021-10-01,0.058513477,0.059865795,0.059093315,0.057815693,0.059376843,0.059717774,0.05719926,0.058197897,0.059212785,0.057437547,0.05740039,0.058582846,0.059590217,0.058718946,0.06001062,0.05978187,0.059484735
2021-10-08,0.059643317,0.059927993,0.059596397,0.05913991,0.059545316,0.06044355,0.057050012,0.057099957,0.060238928,0.056847613,0.05701254,0.057374246,0.059289336,0.058982074,0.05958776,0.058857076,0.059363965
2021-10-15,0.058592115,0.059932664,0.0591287,0.058237907,0.059611026,0.0595539,0.0574328,0.05746703,0.059680827,0.057050418,0.05573279,0.05815854,0.05996901,0.05873803,0.0603061,0.060225632,0.060182504
2021-10-22,0.0585917,0.059510387,0.05918714,0.058325626,0.059421927,0.05917804,0.05845479,0.058002215,0.059539624,0.0583771,0.058264956,0.058332205,0.05892703,0.058129694,0.06004578,0.059150726,0.058561053
2021-10-29,0.057918496,0.059115805,0.059103694,0.057985216,0.05957976,0.05892884,0.057395753,0.057626486,0.058978476,0.05736187,0.05707861,0.058797337,0.060465924,0.059321135,0.060420346,0.060269244,0.059653003
2021-11-05,0.057986617,0.058979873,0.058375187,0.05763492,0.05929879,0.058503874,0.057497114,0.057404634,0.058903404,0.0567222,0.05708184,0.05953881,0.060720887,0.05975265,0.06079048,0.06029772,0.06051097
2021-11-12,0.05773683,0.05913488,0.05895038,0.057066873,0.059359487,0.058605254,0.05787106,0.05856106,0.058958527,0.058527093,0.058230754,0.059175484,0.0597259,0.058614645,0.0604782,0.059458595,0.05954503
2021-11-19,0.057152107,0.058915235,0.0588824,0.056987107,0.059493747,0.059005395,0.057052307,0.0576659,0.058806248,0.056828562,0.055866785,0.059715606,0.061134577,0.059487417,0.061012268,0.06067826,0.061316073
2021-11-26,0.057676747,0.058695488,0.05807,0.057823524,0.059430707,0.05932065,0.057172067,0.057698306,0.058582973,0.05693482,0.056324814,0.05944308,0.0614041,0.060067635,0.06023517,0.06032673,0.06079321
2021-12-03,0.057854068,0.058602452,0.05820889,0.057832997,0.059291214,0.058576994,0.057404123,0.057679996,0.05857468,0.05706066,0.056322813,0.059719708,0.061390847,0.059624523,0.06042842,0.060620464,0.06080719
2021-12-10,0.05815439,0.059417035,0.05867341,0.058738336,0.059637934,0.059309695,0.057473928,0.057129413,0.058897667,0.0567481,0.05613108,0.059104137,0.060357038,0.05896609,0.059997372,0.060687546,0.06057685
2021-12-17,0.05696377,0.058239087,0.058174025,0.057196796,0.05903278,0.057717323,0.057498123,0.05758062,0.058186088,0.0574507,0.05622838,0.060385376,0.062080562,0.059994254,0.061365157,0.060443863,0.06146308
2021-12-24,0.057441436,0.058722153,0.058429405,0.05692647,0.05932527,0.058134727,0.05824756,0.057377167,0.05864432,0.05770459,0.05787744,0.059584998,0.06025234,0.059059795,0.06085686,0.06074534,0.06067013
2021-12-31,0.057033442,0.058406055,0.058571227,0.05694127,0.059247103,0.057662275,0.057556033,0.056741625,0.058245823,0.057136945,0.057435147,0.059663035,0.062464498,0.059599064,0.06182944,0.060427207,0.061039776
2022-01-07,0.058181275,0.059265584,0.05856915,0.058284767,0.059311833,0.05772894,0.057357114,0.05784221,0.059204582,0.057038877,0.056833167,0.059025623,0.06063747,0.058195274,0.061524518,0.060675696,0.060323935
2022-01-14,0.058003355,0.05933152,0.05949429,0.058741912,0.05999311,0.057215225,0.057221048,0.05707964,0.05931903,0.056978747,0.057732217,0.059135057,0.059883647,0.05930879,0.06003052,0.06041775,0.060114134
2022-01-21,0.05868064,0.059315898,0.05921024,0.05825474,0.059924446,0.058294702,0.057827603,0.058638923,0.059708856,0.057099015,0.057606425,0.057796255,0.059169807,0.058650717,0.05909525,0.06074305,0.059983414
2022-01-28,0.058575943,0.05940987,0.059075877,0.058714263,0.059511248,0.059049245,0.057692166,0.058479905,0.059280958,0.05824497,0.059127904,0.057641957,0.059377074,0.058721337,0.058887992,0.05908629,0.059122957
2022-02-04,0.058953498,0.059817165,0.059371695,0.058765203,0.060137883,0.059398875,0.057860922,0.058718443,0.059695415,0.057991914,0.05888316,0.05722767,0.059353486,0.05877696,0.058050327,0.05828739,0.05871
2022-02-11,0.05846738,0.059472512,0.059302576,0.057119202,0.059799194,0.059231274,0.057796836,0.058322698,0.059473082,0.058824826,0.05880332,0.05834372,0.059131216,0.058333904,0.059657566,0.05910489,0.058815844
2022-02-18,0.058933306,0.059929296,0.059609953,0.058121447,0.060035944,0.059625078,0.058671936,0.05803006,0.059997424,0.057938837,0.059091736,0.057118893,0.059173036,0.058011845,0.058862273,0.05862951,0.058219455
2022-02-25,0.058824338,0.0593611,0.059168253,0.05817149,0.059505746,0.059400745,0.05810313,0.058529437,0.059406437,0.058325004,0.05869564,0.05817516,0.05905977,0.0584526,0.058666185,0.05879627,0.059358656
2022-03-04,0.058720253,0.059158713,0.058704615,0.058042094,0.059380624,0.058860675,0.05820799,0.05842214,0.059004083,0.057947434,0.058871966,0.057706114,0.05943868,0.058677148,0.059685852,0.05969079,0.05948084
2022-03-11,0.058583148,0.059224788,0.059306204,0.05701211,0.05961287,0.059001844,0.05927755,0.058226064,0.059349395,0.05912328,0.058610633,0.058503285,0.05919192,0.058636565,0.058871854,0.058897145,0.058571365
2022-03-18,0.058723353,0.059299916,0.059222884,0.0584136,0.059299327,0.058888495,0.05896327,0.05882215,0.059117537,0.059641972,0.059749003,0.057888605,0.058317773,0.059269845,0.057941474,0.05810859,0.058332205
2022-03-25,0.058517672,0.0595525,0.059548527,0.058050174,0.05938509,0.05918276,0.05884397,0.05857309,0.059340756,0.06011103,0.059727937,0.057568993,0.058372676,0.05877714,0.058661804,0.05781268,0.057973217
2022-04-01,0.05803953,0.059091534,0.05893717,0.05803264,0.059191953,0.05891239,0.058830664,0.058615595,0.05891005,0.059347026,0.05927952,0.058833927,0.058739442,0.05924495,0.05844376,0.058919683,0.05863016
2022-04-08,0.058789525,0.059289966,0.05960535,0.057136204,0.059044555,0.05880286,0.060319412,0.05869226,0.05914233,0.06101797,0.059791762,0.05819033,0.058255408,0.0581235,0.05844423,0.057859097,0.057495255
2022-04-15,0.05898404,0.059467725,0.05947821,0.05866289,0.059732746,0.05900918,0.058167394,0.05817461,0.059404783,0.058016427,0.05902336,0.057940617,0.05890837,0.058550596,0.058822725,0.058818825,0.058837473
2022-04-22,0.057731792,0.05840697,0.058538016,0.056732696,0.058629196,0.058584332,0.058377635,0.058225993,0.05870119,0.058829084,0.05852043,0.05931981,0.0602667,0.05891609,0.060654104,0.059965275,0.05960066
2022-04-29,0.058414347,0.05893089,0.059080567,0.05805331,0.059370972,0.05904174,0.058163293,0.05814518,0.058754988,0.057940967,0.058634408,0.058381714,0.059657298,0.058995947,0.059188,0.059648547,0.059597813
2022-05-06,0.05834698,0.058782533,0.058984153,0.057721205,0.05915673,0.05911848,0.057975713,0.05885295,0.058868222,0.058519594,0.05801593,0.0593657,0.05945865,0.058491196,0.059494607,0.059640452,0.059206903
2022-05-13,0.058502607,0.058895957,0.05864552,0.058500107,0.05963764,0.05925271,0.056311373,0.058346093,0.059162423,0.056412198,0.05692535,0.05879442,0.06068945,0.05894087,0.060816765,0.060120855,0.060045645
2022-05-20,0.057849057,0.059146814,0.05871872,0.057330035,0.05946737,0.059349626,0.056492377,0.05801612,0.05920572,0.057106804,0.056968987,0.05943279,0.060173854,0.059094906,0.060222834,0.061291277,0.06013271
2022-05-27,0.05822041,0.059677538,0.059522066,0.05764491,0.05975281,0.05952296,0.057662036,0.057920624,0.05958735,0.057668168,0.057756793,0.058681756,0.05882614,0.059204984,0.058787547,0.06052567,0.059038267
2022-06-03,0.05856787,0.05967097,0.05933021,0.058095694,0.05943709,0.059597857,0.058965005,0.058356494,0.05977402,0.059168704,0.058666863,0.05833885,0.058077954,0.057663698,0.059409603,0.05865091,0.058228195
2022-06-10,0.058297954,0.05953577,0.059302706,0.056459732,0.06019546,0.059387732,0.058874227,0.05833292,0.06016036,0.05817876,0.057726707,0.05861728,0.059559736,0.05676192,0.061094396,0.059366915,0.058147404
2022-06-17,0.05823087,0.05882836,0.058957335,0.05711156,0.05921542,0.058837965,0.057650726,0.05848965,0.05907172,0.0579841,0.05834081,0.059076592,0.059936658,0.05784538,0.060615677,0.059937164,0.059869975
2022-06-24,0.05833815,0.058979403,0.059119105,0.0581633,0.05935405,0.059116982,0.057260685,0.058136586,0.059044607,0.058149073,0.05777213,0.058438152,0.05985587,0.059122365,0.0600482,0.059831448,0.05926992
2022-07-01,0.058526672,0.058901064,0.058592618,0.057508983,0.05895655,0.059251912,0.056438673,0.05744905,0.059129808,0.05695617,0.05743348,0.059096258,0.06060017,0.058199048,0.061259434,0.061005156,0.060694978
2022-07-08,0.05939562,0.059966076,0.059322376,0.05944784,0.0600086,0.0601445,0.05736237,0.058488663,0.059740834,0.056971505,0.05785685,0.057674795,0.058623575,0.05842711,0.058492552,0.059376262,0.058700487
2022-07-15,0.05883687,0.059412688,0.059277873,0.058434166,0.059642114,0.059892528,0.05734723,0.058008447,0.05941769,0.056949988,0.056888826,0.05831271,0.059292376,0.058779664,0.059816536,0.059771396,0.059918854
2022-07-22,0.058380887,0.059253696,0.05834484,0.05777068,0.05929906,0.058541708,0.057710446,0.05835302,0.058928315,0.056930505,0.05743441,0.05856515,0.060168162,0.058746457,0.060927525,0.060537603,0.06010753
2022-07-29,0.058302723,0.059344605,0.0586083,0.056895368,0.058592144,0.05879842,0.058666665,0.058315333,0.058875732,0.05817465,0.057662115,0.05844091,0.059618827,0.05861167,0.060692433,0.060810536,0.059589587
2022-08-05,0.05879207,0.058847725,0.05869015,0.05732798,0.05901242,0.05888913,0.058595385,0.058391742,0.059456475,0.058439724,0.057437148,0.059270985,0.059269123,0.05792699,0.060082532,0.05976872,0.059801735
2022-08-12,0.05918618,0.06034096,0.059190363,0.059499465,0.060087442,0.0596127,0.057388786,0.058223158,0.05982054,0.05699305,0.057346996,0.057466198,0.0589037,0.058754973,0.059198424,0.059082326,0.058904726
2022-08-19,0.057037383,0.058334965,0.058291502,0.056026585,0.058152836,0.05803803,0.059666116,0.0583789,0.058453284,0.059518076,0.05761853,0.06001454,0.059830748,0.057743307,0.061104372,0.06096931,0.06082147
2022-08-26,0.058503844,0.059058443,0.059029758,0.057709243,0.05950007,0.059383973,0.057369806,0.057910074,0.058689483,0.05829232,0.057678238,0.058862716,0.059061725,0.05864196,0.060090117,0.060400482,0.059817746
2022-09-02,0.05865763,0.058918048,0.05918765,0.057282723,0.05934179,0.058664866,0.05733779,0.05912644,0.059085123,0.059624948,0.05835762,0.05968943,0.05922579,0.057247244,0.06012206,0.0587153,0.05941552
2022-09-09,0.05960778,0.0600036,0.05942513,0.05897702,0.05967141,0.059420466,0.057868626,0.059341043,0.059559688,0.05913745,0.058483247,0.057904482,0.058007356,0.05800457,0.058330573,0.05787118,0.058386408
2022-09-16,0.05863499,0.05855299,0.058856085,0.058014005,0.059224725,0.058696304,0.057740036,0.058221214,0.059347194,0.057951365,0.05762084,0.05910968,0.059643205,0.057735052,0.060650237,0.059226766,0.060775265
2022-09-23,0.059052743,0.05888056,0.05933174,0.057636186,0.059478406,0.05892383,0.058471557,0.058819603,0.059633948,0.059573315,0.058141142,0.059184834,0.058194503,0.057559382,0.0594055,0.058852155,0.058860615
2022-09-30,0.058838673,0.059170745,0.059093237,0.057617243,0.059208237,0.05871222,0.05835875,0.058895938,0.059698652,0.059596457,0.05853689,0.05868074,0.058882117,0.057668533,0.05949893,0.058781326,0.058761295
2022-10-07,0.05879356,0.059417732,0.059170954,0.057834886,0.05916828,0.059010815,0.059719615,0.05917457,0.059174333,0.06028028,0.05860259,0.058359876,0.057790715,0.058060244,0.058574446,0.058285598,0.058581505
2022-10-14,0.059618093,0.05950097,0.059208564,0.05855479,0.05969685,0.059169516,0.0584482,0.058754638,0.05964157,0.05884736,0.058162436,0.058097623,0.05830203,0.057958443,0.059048392,0.058471438,0.05851908
2022-10-21,0.05898951,0.059928674,0.05972749,0.058204956,0.059842676,0.059024114,0.058657534,0.05947242,0.0599742,0.059306726,0.05938187,0.05756642,0.05818734,0.057667162,0.05839649,0.05751216,0.05816025
2022-10-28,0.05963188,0.059701968,0.059804875,0.058830768,0.059913732,0.059761878,0.05738732,0.058423392,0.060352363,0.057048406,0.0584015,0.05732224,0.058511563,0.058358762,0.059206054,0.05878308,0.058560215
2022-11-04,0.058884464,0.060043454,0.059813675,0.05773677,0.05995607,0.059384644,0.05800373,0.059174538,0.0601168,0.058734674,0.058309108,0.05854015,0.05797839,0.056917973,0.059028253,0.0584955,0.058881808
2022-11-11,0.060694568,0.060737833,0.06002497,0.060370218,0.060775056,0.06067482,0.05723634,0.05821478,0.06058483,0.057202004,0.05836494,0.05639964,0.05743518,0.057767443,0.05818394,0.057924595,0.05740886
2022-11-18,0.059287094,0.06006808,0.059897237,0.057418007,0.05992929,0.059474308,0.058698274,0.0586691,0.06027815,0.05862939,0.05795601,0.058547866,0.058267325,0.056836292,0.059724547,0.058053926,0.058265112
2022-11-25,0.059689485,0.060318746,0.05979511,0.058697898,0.060218126,0.06019418,0.058264166,0.05882327,0.060216226,0.05823334,0.05885639,0.057814755,0.05733809,0.057397295,0.058673084,0.057787247,0.05768258
2022-12-02,0.058708783,0.059611104,0.060004085,0.057435386,0.059604656,0.058739696,0.05884687,0.058399577,0.059713088,0.0603772,0.059258483,0.05854813,0.0575784,0.05712211,0.059143145,0.05851295,0.05839634
2022-12-09,0.05916396,0.05980878,0.05973974,0.05772392,0.05974962,0.059399508,0.05792848,0.05857034,0.060013264,0.059396185,0.058389455,0.058696944,0.057781175,0.056696832,0.059992142,0.05843625,0.058513436
2022-12-16,0.059784893,0.06019421,0.05971926,0.05914248,0.059906904,0.059945688,0.058308277,0.058632754,0.06014698,0.057324897,0.057920776,0.057529964,0.05784277,0.056946024,0.05871411,0.059013523,0.05892651
2022-12-23,0.0595081,0.06030279,0.059726693,0.058140874,0.05981037,0.059417456,0.05956877,0.059341297,0.06020788,0.05992462,0.059195034,0.05731008,0.0568894,0.056334045,0.058504943,0.057679135,0.058138497
2022-12-30,0.05989539,0.06064038,0.05958285,0.058392994,0.060423993,0.060467668,0.058076862,0.05853363,0.060444206,0.057850778,0.05813119,0.05767086,0.057589874,0.05671739,0.059059888,0.05831688,0.058205195
2023-01-06,0.060017247,0.059893534,0.059717316,0.059437606,0.05976115,0.060074147,0.05817006,0.05906312,0.060420305,0.058633644,0.058640406,0.05733265,0.05725152,0.057775438,0.058219787,0.057910714,0.057681344
2023-01-13,0.060610004,0.06105274,0.059820615,0.061646566,0.06036476,0.06091194,0.057690382,0.059396077,0.059947662,0.057595342,0.058456942,0.056780815,0.056993276,0.05708821,0.057335474,0.057354357,0.056954853
2023-01-20,0.060010113,0.06044012,0.059359472,0.060344234,0.059934005,0.060040116,0.05712934,0.05871351,0.059572227,0.05783909,0.05780036,0.057805207,0.058063425,0.058268506,0.05853531,0.0582703,0.0578747
2023-01-27,0.060098372,0.06028452,0.05978208,0.06004843,0.06012866,0.060113966,0.058151294,0.05814112,0.06015376,0.05758328,0.058517575,0.057300262,0.05733961,0.0584772,0.05842301,0.058275014,0.05718183
2023-02-03,0.060969852,0.06080297,0.059672676,0.060773678,0.060085416,0.060559243,0.057902906,0.059373796,0.06017486,0.057807487,0.05872991,0.056629036,0.056713257,0.0583819,0.057232447,0.05713865,0.057051904
2023-02-10,0.06200933,0.062611245,0.06138943,0.061169256,0.061045825,0.062065266,0.057290293,0.05944435,0.06135658,0.05772407,0.058709867,0.055704832,0.054850563,0.056957766,0.055838816,0.05535243,0.056480054
2023-02-17,0.06149997,0.061852433,0.060802955,0.060868356,0.060475104,0.06170928,0.058385592,0.059723835,0.061335392,0.05802451,0.059484456,0.055480942,0.055358104,0.057227746,0.056270614,0.055686858,0.055813853
2023-02-24,0.06015841,0.060851935,0.06014246,0.05930543,0.059898514,0.06021153,0.0585967,0.059079356,0.060349252,0.058488492,0.05929454,0.057003956,0.056819174,0.05765338,0.05769977,0.057390753,0.057056375
2023-03-03,0.060191065,0.06125088,0.060189243,0.06002669,0.05988446,0.05963487,0.05916041,0.059499286,0.06044266,0.058879152,0.059871215,0.056367703,0.05595351,0.057915457,0.05763717,0.056720477,0.056375787
2023-03-10,0.059892744,0.0606837,0.06060855,0.059030235,0.060073413,0.05920311,0.058993872,0.059116006,0.060690638,0.05932609,0.05960997,0.05696677,0.05665255,0.05790522,0.0576812,0.056763075,0.05680286
2023-03-17,0.06073051,0.061395213,0.06091296,0.060029253,0.060761288,0.060425017,0.059867162,0.059647642,0.06163232,0.058732208,0.059431892,0.0557112,0.055516623,0.05699878,0.05636816,0.055763587,0.056076158
2023-03-24,0.061784115,0.06258555,0.060878284,0.062058087,0.06035435,0.060686365,0.05963189,0.05998499,0.061421588,0.058492534,0.05969488,0.054807857,0.054685384,0.057306655,0.055499405,0.054825544,0.055302557
2023-03-31,0.062054854,0.06178897,0.06099804,0.061531957,0.06123943,0.060965665,0.059352137,0.05956752,0.06162536,0.05911292,0.059375048,0.055062227,0.054469228,0.057048824,0.055160984,0.055306707,0.05534013
2023-04-07,0.061224118,0.062018357,0.060793903,0.06039185,0.06087409,0.060192645,0.058435332,0.05967055,0.06142467,0.058228347,0.05940046,0.055883106,0.055198275,0.05732565,0.056727823,0.05650474,0.055706065
2023-04-14,0.06234496,0.06353189,0.061915714,0.061946217,0.061720736,0.061518587,0.058111705,0.059981406,0.062116157,0.055984966,0.059526805,0.05381137,0.05445162,0.05665928,0.055554632,0.055299237,0.05552469
2023-04-21,0.058222175,0.05965931,0.058930453,0.05886012,0.058887243,0.057668604,0.058639377,0.059635986,0.058868088,0.060457535,0.05942206,0.059254076,0.05781015,0.060170345,0.058992688,0.05742622,0.05709557
2023-04-28,0.058078505,0.05968348,0.05900212,0.05872431,0.059119932,0.057828467,0.058987983,0.05945728,0.058503143,0.058785804,0.05954289,0.05884772,0.057968736,0.061460406,0.05934244,0.057687078,0.056979716
2023-05-05,0.05767473,0.05931831,0.059055965,0.057527505,0.058804512,0.05784961,0.05887782,0.05896695,0.058989957,0.059512928,0.058803942,0.059206825,0.058778632,0.059883684,0.06010239,0.058882285,0.057763956
2023-05-12,0.059681352,0.061489858,0.059726194,0.061318494,0.059442073,0.059244696,0.058213554,0.060729742,0.059701413,0.05860164,0.059836097,0.056902416,0.056210157,0.060809925,0.05698637,0.05566677,0.055439252
2023-05-19,0.059012264,0.060303938,0.059048112,0.059632882,0.059107456,0.059236176,0.058787566,0.059708882,0.05934204,0.0591039,0.0590197,0.057891756,0.05726833,0.059422463,0.05854615,0.05755768,0.05701074
2023-05-26,0.057882037,0.05965095,0.058865726,0.0582453,0.05864309,0.057923745,0.05903231,0.059247863,0.058648184,0.05960609,0.05940971,0.058854803,0.058354042,0.061317477,0.059470057,0.057729468,0.057119116
2023-06-02,0.058574766,0.060037445,0.059144802,0.058720797,0.059285827,0.058525752,0.058029726,0.05931229,0.05940344,0.059124637,0.059220742,0.05814427,0.057747487,0.059726458,0.058826916,0.05829774,0.057876892
2023-06-09,0.05840972,0.060112104,0.058884464,0.05837988,0.058866367,0.0583929,0.058590632,0.05919709,0.05896348,0.059146337,0.059109807,0.058462422,0.057997756,0.06066897,0.059616897,0.05776093,0.057440236
2023-06-16,0.059236925,0.060832303,0.059118327,0.05935944,0.05919108,0.058609642,0.05889176,0.05934099,0.059825655,0.05832324,0.05900937,0.05743944,0.057206947,0.059944097,0.058809675,0.057604212,0.057256922
2023-06-23,0.058375128,0.06028367,0.05893505,0.058676466,0.05901847,0.057866316,0.05842773,0.05980978,0.05916427,0.059275925,0.059731912,0.0583075,0.0577412,0.060522284,0.059073303,0.05777623,0.057014782
2023-06-30,0.057710614,0.0592461,0.05925915,0.058302745,0.058798593,0.05728837,0.058937293,0.059322994,0.05854673,0.060354598,0.060058407,0.059401393,0.057836916,0.06020295,0.05904284,0.057890132,0.057800133
2023-07-07,0.059019275,0.060913377,0.0599344,0.059677772,0.05906986,0.058396265,0.060840968,0.060889058,0.059269518,0.060848717,0.060372967,0.057738066,0.055237245,0.059372872,0.057167362,0.056032307,0.055219974
2023-07-14,0.058970287,0.060295038,0.05923907,0.059833985,0.05930177,0.059292734,0.05678846,0.058621272,0.05950083,0.057993297,0.057870615,0.05782537,0.05825364,0.060422417,0.059458703,0.058247037,0.058085512
2023-07-21,0.05854928,0.06094176,0.05906014,0.05798044,0.058407143,0.058552697,0.058089785,0.05940885,0.05972884,0.06014041,0.058794647,0.057532698,0.05767121,0.059141655,0.060796045,0.05777275,0.057431623
2023-07-28,0.05934457,0.06097908,0.059469845,0.059051193,0.059730195,0.05872357,0.0602738,0.05929732,0.06003184,0.059605774,0.059259355,0.0564275,0.056742948,0.059325274,0.05849998,0.057170063,0.05606771
2023-08-04,0.057776593,0.060410116,0.059457023,0.056622796,0.058678456,0.057907637,0.06071851,0.05920469,0.059631675,0.060903966,0.05926249,0.058183946,0.057429023,0.058122493,0.059131805,0.058748133,0.05781065
2023-08-11,0.060163762,0.061794896,0.05933546,0.060348615,0.059211634,0.059738427,0.059098743,0.058978066,0.05989486,0.05891588,0.0590259,0.056284785,0.05574255,0.06045156,0.05771622,0.056847498,0.056451153
2023-08-18,0.058171332,0.06027946,0.059496164,0.05750879,0.058624625,0.058761686,0.058838516,0.058766972,0.0594249,0.059115596,0.058314607,0.05788413,0.058189403,0.058706872,0.06021669,0.059209652,0.058490623
2023-08-25,0.0589488,0.06026584,0.059703156,0.058042437,0.058954492,0.058198057,0.059057944,0.05883258,0.05964581,0.0600139,0.058951452,0.058601417,0.05710198,0.059810523,0.05893518,0.05742392,0.057512548
2023-09-01,0.05860012,0.06083505,0.05953595,0.05775643,0.059036728,0.058060978,0.058879405,0.058713544,0.060223628,0.05777957,0.06059462,0.058033515,0.057520494,0.05925617,0.059703268,0.058342457,0.057128068
2023-09-08,0.058204174,0.060168944,0.059066318,0.057746686,0.05875703,0.05849672,0.05769935,0.058968604,0.05921157,0.05959765,0.05989056,0.05837115,0.058026798,0.058457676,0.059945516,0.05911139,0.05827984
2023-09-15,0.060837314,0.062350094,0.059408627,0.061542958,0.059199143,0.060628884,0.056380387,0.058560647,0.06087305,0.058383368,0.060895193,0.055417605,0.0554152,0.059100624,0.057853334,0.05700084,0.056152757
2023-09-22,0.058377948,0.060927626,0.058892235,0.05741471,0.05870718,0.058658905,0.057759825,0.058461636,0.059698902,0.059546735,0.058461618,0.05804205,0.057984784,0.05849722,0.060254857,0.059811786,0.05850199
2023-09-29,0.059344858,0.061027363,0.058634438,0.058690365,0.059286997,0.059709124,0.05712863,0.05847831,0.059749227,0.058315165,0.058393825,0.057571407,0.05819921,0.058908086,0.05972483,0.05889704,0.057941146
2023-10-06,0.058404565,0.060049914,0.059193503,0.05770669,0.0585573,0.057866663,0.05918967,0.059592213,0.05892416,0.06132657,0.059185207,0.05896483,0.057855416,0.05806786,0.05872844,0.0583773,0.058009677
2023-10-13,0.060429566,0.06118788,0.058797043,0.060197853,0.058810674,0.0599097,0.057608187,0.05921322,0.05959168,0.058745734,0.057939947,0.056716837,0.05689066,0.06013944,0.058663048,0.05803846,0.057120066
2023-10-20,0.057694122,0.05956103,0.058757838,0.05724994,0.058568418,0.058178347,0.05770894,0.059461884,0.05869233,0.060201325,0.058870994,0.05971238,0.058509097,0.05914418,0.060008578,0.05898322,0.058697365
2023-10-27,0.057143725,0.058966726,0.058248844,0.057149902,0.058685444,0.05800242,0.058620095,0.058426037,0.058087744,0.05900865,0.058766402,0.059544723,0.059521258,0.060913693,0.060162272,0.059381608,0.059370417
2023-11-03,0.057922807,0.059039265,0.05843747,0.05833918,0.0587729,0.05810262,0.058746044,0.058943067,0.058486506,0.059159655,0.059044167,0.059024442,0.059083663,0.061251026,0.059028774,0.05837537,0.05824303
2023-11-10,0.058784716,0.05979147,0.0582382,0.05994482,0.05893582,0.05844924,0.057798386,0.059428692,0.058772717,0.05934592,0.058739923,0.058084525,0.058379732,0.06178736,0.057911396,0.057953347,0.057653755
2023-11-17,0.057511177,0.05949855,0.05806356,0.058413588,0.058715764,0.057682667,0.057851702,0.0585196,0.058210775,0.05768069,0.058507074,0.05886878,0.05925133,0.061787847,0.06072767,0.059509486,0.05919975
2023-11-24,0.057960857,0.05922378,0.05789345,0.05844224,0.05890819,0.05806585,0.05896142,0.058377508,0.058380846,0.05969741,0.059084833,0.05878077,0.058061995,0.060934022,0.05971466,0.059108816,0.05840335
2023-12-01,0.057620462,0.058916435,0.058160327,0.05792226,0.058566835,0.05828259,0.05769808,0.057843983,0.05854821,0.058450483,0.0582787,0.059826467,0.058463912,0.06037076,0.06056059,0.060389798,0.060100127
2023-12-08,0.057109527,0.058674306,0.05784904,0.05744512,0.058661573,0.05761998,0.058145486,0.058033273,0.057995446,0.058326475,0.05853808,0.05958546,0.059897307,0.060321793,0.061596345,0.060243692,0.059957076
2023-12-15,0.05749499,0.05889806,0.057266816,0.059155624,0.058918495,0.058134146,0.057345003,0.05881618,0.057881266,0.057156425,0.058183208,0.058391094,0.060122136,0.062157307,0.061290707,0.05976656,0.059021994
2023-12-22,0.057159327,0.059428554,0.058221925,0.057583183,0.05878968,0.0581303,0.0575277,0.05783203,0.05846284,0.058228154,0.05848629,0.059421174,0.05876456,0.059191253,0.061595693,0.060730256,0.060447093
2023-12-29,0.056851152,0.05880658,0.057306305,0.057674956,0.058534052,0.057452172,0.05834751,0.05821494,0.05831665,0.058067497,0.058284435,0.060103178,0.059373394,0.061819296,0.061031092,0.059863456,0.059953365
2024-01-05,0.057818543,0.0578564,0.058376573,0.056881636,0.058446404,0.05777877,0.05941879,0.058520637,0.058231793,0.059146687,0.05851889,0.05988779,0.059117243,0.058236733,0.061430607,0.060494937,0.05983757
2024-01-12,0.058242794,0.059638888,0.058128614,0.058848567,0.058862284,0.058454935,0.057512816,0.05844133,0.058822855,0.058179695,0.058721095,0.05866245,0.05865742,0.0610764,0.059798412,0.05920819,0.058743257
2024-01-19,0.05876951,0.05959388,0.05871506,0.058177948,0.058791853,0.058366112,0.05831139,0.058889072,0.058965452,0.05968491,0.058856823,0.058992308,0.057896554,0.05837519,0.060834736,0.058463845,0.058315396
2024-01-26,0.058249798,0.05910735,0.058718525,0.05789547,0.058931965,0.058600534,0.059265066,0.058475554,0.05911517,0.058755677,0.058952354,0.05847901,0.05865583,0.059227847,0.059585005,0.05903513,0.05894969
2024-02-02,0.05876716,0.059720002,0.05832843,0.059508786,0.059131853,0.05936779,0.058748458,0.05874447,0.05904589,0.058443293,0.057891324,0.058123846,0.057728488,0.060532823,0.05961722,0.05767596,0.058624182
2024-02-09,0.059393693,0.060859583,0.05893528,0.060748845,0.059252143,0.059535794,0.05838649,0.059229705,0.059325896,0.05876624,0.058178663,0.056763094,0.056871064,0.06004299,0.058504414,0.05729652,0.057909574
2024-02-16,0.059471928,0.059702616,0.05857178,0.05999754,0.05937808,0.059593897,0.057105653,0.058846112,0.05889781,0.05782322,0.05750203,0.058121413,0.058250528,0.05910337,0.059772946,0.05875273,0.059108347
2024-02-23,0.05776089,0.059150267,0.05782991,0.058280498,0.058790028,0.058366973,0.057940442,0.058561318,0.058385655,0.0590175,0.05779631,0.059089866,0.059330747,0.060710367,0.060214266,0.059120342,0.059654616
2024-03-01,0.057928547,0.05928496,0.05845598,0.057743322,0.058287032,0.058394924,0.05890473,0.05898577,0.05848104,0.05922886,0.05891022,0.05890175,0.058711927,0.059234705,0.061026186,0.058666997,0.058853053
2024-03-08,0.057744224,0.05958633,0.058049522,0.05797477,0.05888644,0.058402106,0.058232233,0.058011815,0.05858461,0.058864146,0.05854408,0.058613952,0.059117857,0.061104275,0.060549445,0.058502246,0.059231974
2024-03-15,0.060058586,0.061135173,0.05857913,0.060526118,0.058409598,0.059675436,0.059320502,0.05903685,0.059666265,0.058791965,0.05990947,0.057100464,0.056367703,0.05918227,0.058810733,0.056690235,0.05673947
2024-03-22,0.05842846,0.05979217,0.05859872,0.05861102,0.058375847,0.05785434,0.058772404,0.059157982,0.05869046,0.059400663,0.058312528,0.05857957,0.058127217,0.060869902,0.060124356,0.057937343,0.05836698
2024-03-29,0.057889365,0.059296347,0.057826035,0.058227822,0.058425456,0.058141194,0.058855113,0.058481425,0.058845796,0.058167014,0.057742175,0.058569744,0.059158184,0.061219726,0.060912967,0.05892869,0.059312943
2024-04-05,0.05931428,0.060156006,0.058211938,0.059359975,0.058257416,0.058680575,0.058585275,0.05899476,0.059475347,0.059838448,0.058206514,0.058214076,0.056793246,0.05940263,0.060992844,0.058146637,0.05737003
2024-04-12,0.058244027,0.059501946,0.057818145,0.058140777,0.059255637,0.058762006,0.05859729,0.0579862,0.0590243,0.05750481,0.058112502,0.05909066,0.059069887,0.05992311,0.0607486,0.05926578,0.05895426
2024-04-19,0.05759984,0.058856852,0.058574572,0.056829438,0.058526933,0.057900023,0.059114695,0.058493048,0.058356244,0.05969641,0.058670036,0.05938629,0.058724776,0.05981066,0.06157928,0.05891405,0.058966868
2024-04-26,0.058560073,0.059294984,0.058715895,0.05897422,0.05914464,0.058730084,0.059140082,0.0585422,0.059614096,0.057866484,0.058852687,0.058324132,0.058335207,0.061463445,0.059277758,0.057762668,0.057401355
2024-05-03,0.05834046,0.059635088,0.058477916,0.058547504,0.058856122,0.05849629,0.058382817,0.058929063,0.059009414,0.058823325,0.05787176,0.05832039,0.058588404,0.061357174,0.059000626,0.058785718,0.05857796
2024-05-10,0.05788129,0.059407167,0.058609582,0.057429377,0.05871159,0.058025777,0.059314564,0.058667578,0.05895967,0.059289895,0.058236156,0.05898521,0.058567744,0.060700968,0.060910083,0.058432773,0.057870604
2024-05-17,0.059021086,0.06035839,0.05857175,0.059725806,0.05862118,0.058656514,0.059025533,0.059436455,0.059446752,0.060638987,0.058754105,0.057548825,0.056795873,0.06132921,0.058161624,0.057168126,0.056739774
2024-05-24,0.059049647,0.05989566,0.058702953,0.05913278,0.058907058,0.058557753,0.058205254,0.05938662,0.05943829,0.060176097,0.05951043,0.057457194,0.057602935,0.060727343,0.058113236,0.057666272,0.057470452
2024-05-31,0.0591671,0.059773546,0.058833115,0.060037278,0.058771394,0.059391968,0.05797391,0.058654077,0.06009391,0.060616836,0.058292035,0.05848413,0.05617428,0.06128845,0.058576763,0.056959525,0.0569117
2024-06-07,0.057972275,0.059390478,0.058965653,0.057663716,0.058740046,0.0583582,0.058800846,0.05849034,0.05886062,0.059840843,0.058325548,0.059299942,0.05810093,0.060461156,0.059498217,0.0584341,0.05879709
2024-06-14,0.05878776,0.059957303,0.058083393,0.059966512,0.058465734,0.058912147,0.057887916,0.0586057,0.05912202,0.060542084,0.0574315,0.05879853,0.05715781,0.06145903,0.059351284,0.05782777,0.05764353
2024-06-21,0.058173757,0.05954693,0.05780496,0.059378576,0.05874536,0.05919786,0.05843875,0.058373943,0.05894137,0.05992673,0.057964332,0.058628134,0.0577029,0.060925506,0.060505085,0.057779826,0.057966035
2024-06-28,0.059138294,0.059710223,0.05814624,0.059258495,0.058219925,0.059034348,0.058814697,0.05887155,0.059419952,0.059805527,0.057384755,0.057680503,0.057164326,0.061227508,0.06026051,0.058331735,0.05753143
2024-07-05,0.0578698,0.059470028,0.058136463,0.057538018,0.05827604,0.05768112,0.059269905,0.059242584,0.059115447,0.06098798,0.05902497,0.05893168,0.057763442,0.060697004,0.06007761,0.05804439,0.057873525
2024-07-12,0.05823581,0.059421696,0.057481408,0.0583665,0.058023635,0.05832527,0.05948519,0.058429427,0.05863343,0.059559166,0.05711335,0.05907455,0.058185197,0.060880814,0.06108861,0.059522625,0.05817333
2024-07-19,0.0582614,0.058796078,0.057614274,0.05773845,0.058179297,0.058602303,0.057093114,0.058712054,0.059147052,0.05716683,0.05771948,0.059125353,0.059752222,0.060517803,0.061693408,0.059490122,0.060390748
2024-07-26,0.0578581,0.05886264,0.05799657,0.058340207,0.0587443,0.058397915,0.05784348,0.058671758,0.058909602,0.058350127,0.057694755,0.058909174,0.058657907,0.061242957,0.059652273,0.059770763,0.06009745
2024-08-02,0.05775937,0.05862492,0.058042437,0.057495147,0.05808561,0.05796468,0.057118088,0.058709696,0.05825287,0.058810182,0.05704943,0.05931795,0.060210936,0.060048714,0.062332008,0.060244385,0.059933603
2024-08-09,0.058902584,0.05945938,0.058110215,0.059435554,0.0591011,0.06021103,0.05702148,0.05809571,0.059144348,0.056807365,0.056949828,0.059030607,0.05940347,0.059994817,0.060322016,0.059035227,0.058975272
2024-08-16,0.05820346,0.059368547,0.05864323,0.05880337,0.058765803,0.05891288,0.056971718,0.057959773,0.05894216,0.057982083,0.05681802,0.059674136,0.05820354,0.06140113,0.059910905,0.059614483,0.059824757
2024-08-23,0.057539757,0.059058893,0.0578338,0.05792008,0.05891046,0.058636192,0.056689356,0.057855096,0.057945468,0.057792038,0.05717821,0.059564747,0.060551517,0.060766824,0.06099587,0.060506806,0.06025485
2024-08-30,0.058235306,0.05900736,0.0577183,0.05861847,0.058443576,0.059327986,0.056917585,0.058388114,0.05834938,0.056859225,0.056757428,0.058935508,0.059636537,0.061385237,0.06086897,0.059985094,0.060565867
2024-09-06,0.05686166,0.058512386,0.058292963,0.05657572,0.05795012,0.057654243,0.05715175,0.057850067,0.058043983,0.05812708,0.05685313,0.060251933,0.06122321,0.060076192,0.06300223,0.060883395,0.060689904
2024-09-13,0.05882635,0.058870547,0.058221187,0.059052832,0.05843994,0.058693483,0.05861713,0.05880288,0.059253942,0.059443347,0.057495195,0.059137776,0.058333922,0.060572416,0.05975943,0.05819828,0.05828136
2024-09-20,0.058951885,0.05929081,0.058773845,0.059085406,0.059031814,0.05906509,0.05842445,0.058964856,0.05930136,0.058985017,0.058118504,0.05762267,0.0579009,0.06024314,0.058938034,0.05812087,0.059181362
2024-09-27,0.057570253,0.058623545,0.05788547,0.056982815,0.058077045,0.058701437,0.057348788,0.057216473,0.059070937,0.0578116,0.056985855,0.05982589,0.061139252,0.060599457,0.06258577,0.060126755,0.05944865
2024-10-04,0.0595311,0.05958689,0.057719357,0.060558647,0.05912244,0.06079664,0.05696862,0.05858046,0.05908523,0.05709066,0.057015646,0.058160838,0.058924913,0.059883416,0.059503425,0.0588524,0.058619317
2024-10-11,0.05811277,0.05983431,0.058169566,0.05915205,0.05848451,0.058828626,0.058112424,0.059066497,0.058104258,0.05872613,0.057935886,0.059016667,0.058316663,0.060531553,0.059280623,0.059351206,0.05897627
2024-10-18,0.058725633,0.05976952,0.058676653,0.05940927,0.05800147,0.05901707,0.06017577,0.0598093,0.058479138,0.06066071,0.058585547,0.058358535,0.056766488,0.06029362,0.058439232,0.057254948,0.05757713
2024-10-25,0.05961802,0.06035456,0.05836576,0.060833566,0.058418132,0.060348332,0.058451697,0.059665963,0.05895866,0.06010607,0.05874533,0.057443894,0.056181047,0.060001917,0.057996195,0.057122663,0.05738818
2024-11-01,0.058478545,0.05926992,0.05843819,0.05834897,0.05815523,0.059059486,0.058416285,0.058851134,0.058635067,0.059282564,0.059206817,0.058427446,0.058388866,0.059432715,0.05982958,0.0588678,0.058911357
2024-11-08,0.060016356,0.06046316,0.057947893,0.061024286,0.058910437,0.059712887,0.057100017,0.058972098,0.058791853,0.058680322,0.057889245,0.05765289,0.057578303,0.060890783,0.058270752,0.057646982,0.058451712
2024-11-15,0.059618484,0.05982729,0.05785279,0.06084331,0.057969205,0.06049575,0.058531664,0.05945894,0.058666315,0.05934877,0.058233753,0.056969546,0.056721687,0.06062235,0.059148327,0.057602704,0.0580891
2024-11-22,0.060106225,0.06057635,0.058614746,0.061769158,0.05826418,0.060601898,0.057799675,0.060227092,0.05904167,0.058224797,0.057487592,0.05669689,0.05575932,0.06021995,0.05943673,0.05815372,0.057019964
2024-11-29,0.059264213,0.059993338,0.058485746,0.060390517,0.05907461,0.05999461,0.05774698,0.059068732,0.058671415,0.058704127,0.058375612,0.057263736,0.056728873,0.061074022,0.058992833,0.057425603,0.05874505
2024-12-06,0.058826603,0.059539367,0.058540452,0.05907165,0.058520637,0.059435025,0.057836324,0.058960546,0.05857761,0.059031043,0.05827699,0.058472224,0.05775308,0.059591316,0.060246147,0.0589453,0.058375712
2024-12-13,0.060443453,0.060340673,0.058941286,0.061558757,0.05839282,0.06102948,0.057013802,0.05953462,0.058941614,0.059953853,0.0571865,0.057132732,0.055556364,0.06064413,0.059081733,0.057801347,0.05644682
2024-12-20,0.05883479,0.059863463,0.05887614,0.05894798,0.05871197,0.0594121,0.058503374,0.059433147,0.058624722,0.058072664,0.058815345,0.057830445,0.05746986,0.060095154,0.059751578,0.058369137,0.058388166
2024-12-27,0.05949065,0.060376033,0.058772422,0.060739875,0.05897168,0.060267553,0.05806019,0.05845454,0.058856845,0.05821694,0.058273476,0.05733604,0.057003707,0.061223134,0.058405213,0.05782395,0.05772776
2025-01-03,0.059111748,0.059667163,0.058081813,0.06015166,0.058547273,0.05979053,0.0583406,0.05933187,0.058682,0.059216376,0.05743986,0.058097716,0.05661316,0.060518086,0.059635937,0.05882824,0.057945997
2025-01-10,0.060048643,0.06052225,0.058288205,0.06146608,0.058223024,0.061108217,0.057391442,0.05897679,0.059090324,0.058778405,0.056987945,0.057448294,0.056354564,0.060709268,0.059319187,0.057943787,0.05734359
2025-01-17,0.058665298,0.0593357,0.058570754,0.058402874,0.059477013,0.059470743,0.056628026,0.058317557,0.059194848,0.056903973,0.057136647,0.058560606,0.059078462,0.059990127,0.060137875,0.06014191,0.05998763
2025-01-24,0.05943934,0.059697814,0.058596916,0.059180558,0.05918765,0.059830084,0.05702941,0.05894298,0.06017824,0.058773056,0.057510115,0.058006667,0.05754925,0.059266247,0.05961685,0.058544487,0.05865032
2025-01-31,0.059717607,0.059944224,0.058681466,0.059721466,0.05914039,0.059713814,0.05707646,0.059067056,0.059414078,0.057386085,0.057014182,0.057492204,0.058049433,0.060425013,0.05956263,0.05861027,0.05898365
2025-02-07,0.059967652,0.060197994,0.058737397,0.06106226,0.058823884,0.060185455,0.0584818,0.059292786,0.059702776,0.05876436,0.05767318,0.05655802,0.057014693,0.059930313,0.05822782,0.05806106,0.05731851
2025-02-14,0.059643716,0.05958017,0.058642574,0.05997902,0.05931505,0.059839584,0.05680957,0.058474045,0.059312396,0.05723045,0.0574978,0.05741985,0.058893204,0.06036143,0.059367005,0.05860143,0.059032705
2025-02-21,0.059908286,0.059767164,0.058733493,0.06008376,0.0590223,0.059621267,0.056423124,0.059223205,0.058873616,0.057160385,0.05710556,0.057272412,0.058250766,0.06050904,0.0598628,0.058719143,0.05946369
2025-02-28,0.059246033,0.059605993,0.058291603,0.059471373,0.058853142,0.059602056,0.058105562,0.05857502,0.059045266,0.05796593,0.057475172,0.05772846,0.058934607,0.060201965,0.059498962,0.05843478,0.058964036
2025-03-07,0.059639975,0.059843775,0.058879163,0.05990108,0.05897709,0.05958286,0.0579241,0.059399553,0.05935251,0.05866705,0.05813624,0.0575426,0.057749335,0.059311114,0.058396194,0.058384195,0.0583132
2025-03-14,0.060390785,0.060351286,0.05880833,0.061147213,0.058880724,0.0601871,0.058007684,0.05900368,0.059390616,0.05959032,0.056972887,0.056806043,0.056932837,0.06047168,0.058088556,0.057209436,0.057760805
2025-03-21,0.05987055,0.05991564,0.059046336,0.060811095,0.05924899,0.05993813,0.059245825,0.059227455,0.05944,0.059302684,0.05777433,0.056722306,0.057005335,0.06025682,0.05738045,0.05710601,0.05770801
2025-03-28,0.0591463,0.059426155,0.058942482,0.059213728,0.05934582,0.059509724,0.058861513,0.058508962,0.059867717,0.057349723,0.057947677,0.057471693,0.058484375,0.05965345,0.059636157,0.058403134,0.0582314
2025-04-04,0.059245877,0.059600417,0.058495115,0.059388112,0.059657484,0.05975604,0.057391662,0.05847455,0.05937068,0.05646192,0.057177264,0.05840657,0.059251204,0.059548598,0.059168275,0.059488583,0.059117615
2025-04-11,0.06032981,0.05999632,0.05923364,0.05982072,0.05913105,0.06027656,0.05862922,0.059025086,0.06038109,0.05951366,0.05896005,0.05787445,0.056583375,0.057989772,0.058144238,0.0572097,0.056901257
2025-04-18,0.058717202,0.060074005,0.05815481,0.059949934,0.059534043,0.060048647,0.056674562,0.057249583,0.059798665,0.05637231,0.056603026,0.058690477,0.058794767,0.061229978,0.06045036,0.05918878,0.058468837
2025-04-25,0.05836554,0.059667222,0.057887632,0.05986488,0.05876635,0.059074245,0.057582263,0.058551904,0.058453336,0.057389922,0.057550423,0.05892955,0.059556786,0.061362714,0.059449613,0.058708254,0.058839317
2025-05-02,0.059022836,0.059662923,0.059045397,0.059104875,0.05867219,0.059607107,0.058755554,0.058778483,0.05901155,0.058819544,0.058476925,0.05890516,0.05765714,0.059253663,0.058603197,0.058445793,0.058177665
2025-05-09,0.059088487,0.060053587,0.058327243,0.059138734,0.05882674,0.060084697,0.058227114,0.0581853,0.059587866,0.058384802,0.05810932,0.059128184,0.057644438,0.06020034,0.05845611,0.058632076,0.05792496
2025-05-16,0.059107974,0.060003776,0.05877423,0.0604059,0.059161372,0.05998331,0.057851676,0.05808964,0.05920642,0.056729127,0.05752982,0.05829073,0.058203325,0.06106929,0.058649085,0.058431372,0.05851295
2025-05-23,0.058264192,0.059517954,0.058417283,0.057093047,0.058954854,0.060319733,0.056821853,0.05713917,0.05954813,0.05618548,0.056595676,0.059915952,0.06079369,0.058610786,0.062440947,0.06020823,0.05917304
2025-05-30,0.05760511,0.059582353,0.05856531,0.058054075,0.058933347,0.058720607,0.057678614,0.058273144,0.05819211,0.05794082,0.057510063,0.0597565,0.06013099,0.06128772,0.059352577,0.05932672,0.059089907
2025-06-06,0.059403017,0.059950907,0.058630954,0.05866327,0.05935225,0.060588174,0.056994274,0.057320707,0.05930861,0.055762995,0.057168014,0.059002116,0.059594136,0.059817635,0.060390327,0.05921398,0.058838643
2025-06-13,0.058086134,0.0601581,0.058064558,0.058020543,0.059588853,0.059426434,0.056485962,0.057963245,0.05940458,0.055189397,0.05653879,0.05985685,0.0598925,0.060728047,0.06043084,0.06042059,0.059744596
2025-06-20,0.057514727,0.05943816,0.058043692,0.05724013,0.05897949,0.05868785,0.057400603,0.058005076,0.058331948,0.056528952,0.057604823,0.0596876,0.060693093,0.059757274,0.061445244,0.06044776,0.060193546
2025-06-27,0.057893038,0.05989197,0.058950163,0.057823237,0.058767922,0.058846,0.058109127,0.058844615,0.05858712,0.058460776,0.058086596,0.05913369,0.059177432,0.06047598,0.058936298,0.059068713,0.05894731
2025-07-04,0.05923744,0.060395136,0.058936514,0.058688875,0.05894287,0.05988116,0.057644196,0.05823515,0.05926899,0.058479656,0.058288593,0.058776803,0.05776685,0.060399856,0.058338556,0.058667727,0.058051635
2025-07-11,0.059037436,0.060236968,0.057857566,0.059371203,0.058863502,0.060399078,0.056634694,0.057888284,0.05970034,0.056600444,0.056306943,0.05904638,0.059027694,0.06113223,0.0594624,0.059624515,0.058810294
2025-07-18,0.059992287,0.059571877,0.058936246,0.059681136,0.058729347,0.060087986,0.05644745,0.058074467,0.05899235,0.05741367,0.05775001,0.058278035,0.058517467,0.059995934,0.05997651,0.058264308,0.059290927
2025-07-25,0.059089433,0.059543557,0.058618374,0.059172723,0.05909019,0.06022524,0.056968335,0.057720583,0.058984976,0.056767344,0.057874676,0.05760665,0.0591318,0.060905285,0.059768267,0.058699302,0.059833243
2025-08-01,0.06016405,0.059933342,0.058069736,0.059548706,0.05858786,0.05993744,0.055824522,0.057278175,0.058658145,0.055912033,0.05729533,0.059370637,0.059168864,0.06139817,0.06133344,0.057411715,0.060107842
2025-08-08,0.059225235,0.059228886,0.058760155,0.058504917,0.059112623,0.059832655,0.057295084,0.057814874,0.059051,0.05743072,0.05802179,0.058300562,0.05919093,0.060157467,0.059747044,0.05849666,0.059829444
2025-08-15,0.060025822,0.060015544,0.058541726,0.06018879,0.059202977,0.06139382,0.05614575,0.057448402,0.059224278,0.05543705,0.057377852,0.05798042,0.05881358,0.061256718,0.05928658,0.05808834,0.05957234
2025-08-22,0.05918719,0.059366643,0.058603875,0.05887177,0.058733016,0.05943033,0.057651125,0.057534046,0.058717113,0.055960502,0.05802267,0.058626905,0.059610922,0.061100956,0.060160384,0.058268186,0.060154393
2025-08-29,0.059783995,0.0606006,0.059076026,0.058708787,0.0595262,0.060969695,0.05680422,0.057097435,0.059275255,0.056433797,0.058597594,0.057749797,0.058291156,0.06112688,0.05847867,0.058105446,0.05937443
2025-09-05,0.058503836,0.05886423,0.05821969,0.057649985,0.058613904,0.058872618,0.057138957,0.057500448,0.05850696,0.05703795,0.057329208,0.06000857,0.060131278,0.060299397,0.06093078,0.059319247,0.06107298
2025-09-12,0.06067665,0.060331155,0.05904702,0.06109297,0.059627995,0.060976624,0.056618754,0.05732052,0.06034012,0.05616421,0.057670344,0.057570845,0.057195865,0.061324812,0.057847906,0.057533946,0.05866028
2025-09-19,0.058450013,0.058899816,0.05903777,0.057831414,0.05878329,0.059017174,0.058589265,0.058329977,0.058813963,0.058424644,0.05889797,0.058662143,0.059210427,0.05893743,0.059297368,0.059182398,0.05963493
2025-09-26,0.05906473,0.058611948,0.058388643,0.058245484,0.05901905,0.059623014,0.05630905,0.057037357,0.058722313,0.05655835,0.057278432,0.059229866,0.060415246,0.059867606,0.061166696,0.059406202,0.061056048
2025-10-03,0.058935195,0.05869969,0.058977984,0.05790636,0.058694705,0.05885592,0.05766091,0.05764938,0.058900364,0.058482345,0.057883363,0.05951685,0.059270736,0.05920743,0.06113836,0.058640175,0.059580225
2025-10-10,0.059059024,0.059285812,0.05889342,0.05808887,0.05884885,0.05952348,0.05749239,0.057785798,0.05868275,0.057773605,0.058089916,0.058850497,0.058998566,0.060655512,0.05961717,0.058484353,0.05986995
2025-10-17,0.059818204,0.05978215,0.059662987,0.059252806,0.058692303,0.060015973,0.059120975,0.058919605,0.059585303,0.059972562,0.05902856,0.058153313,0.056580085,0.05837766,0.058485344,0.05739306,0.05715907
2025-10-24,0.06025729,0.059804875,0.05860551,0.062539876,0.05963415,0.060595475,0.057427905,0.059303116,0.05902636,0.05713795,0.058829755,0.05761194,0.05680255,0.061397396,0.056270868,0.05768101,0.057073984
2025-10-31,0.059183605,0.059636183,0.058687706,0.060812123,0.059395738,0.059809346,0.058233008,0.05822452,0.05864476,0.05879555,0.05850926,0.058581404,0.057864074,0.061133124,0.057357874,0.057441678,0.057690073
2025-11-07,0.059213426,0.059890565,0.058598984,0.060087137,0.058734775,0.05958572,0.05865281,0.058871854,0.059142128,0.058618713,0.058670506,0.05831176,0.0578822,0.058850713,0.058427863,0.0583894,0.058071464
2025-11-14,0.060603246,0.06116873,0.05862835,0.062734954,0.058880147,0.060707677,0.057829477,0.059056774,0.058955777,0.057436153,0.058812115,0.05724559,0.0570513,0.059181087,0.05730234,0.05720526,0.05720102
2025-11-21,0.058383793,0.059764232,0.059048187,0.058344617,0.058296703,0.06039833,0.056312066,0.057716444,0.0593144,0.05693825,0.056905705,0.05974837,0.059984446,0.057693813,0.06248863,0.059737924,0.05892411
2025-11-28,0.05872774,0.058290422,0.060170334,0.060355544,0.059520807,0.06026698,0.05735994,0.05903177,0.059311435,0.055903766,0.058071394,0.05888676,0.058414914,0.05942563,0.059497755,0.05880282,0.05796199
2025-12-05,0.059706807,0.05865143,0.059574842,0.06106714,0.059577547,0.060862634,0.0561937,0.058768947,0.05922116,0.055825654,0.057881728,0.05885631,0.058644462,0.05846986,0.06037915,0.058631733,0.057686906
2025-12-12,0.05787041,0.058183964,0.059539147,0.05955731,0.059885908,0.061234817,0.057450943,0.058207523,0.06026968,0.0550394,0.057226412,0.059116095,0.059169043,0.059294924,0.060763523,0.059567623,0.057623286
2025-12-19,0.05863221,0.058316477,0.059860263,0.059684515,0.058923274,0.060148444,0.058947474,0.059507273,0.059021927,0.05771801,0.058344733,0.05917652,0.057818394,0.057741087,0.059601866,0.05953768,0.05701986
