date,P_t,P_next_actual,r_actual,r_now,r_hat_M0,P_hat_M0,r_hat_M1_Flat_Ridge,P_hat_M1_Flat_Ridge,r_hat_M1_Flat_XGB,P_hat_M1_Flat_XGB,r_hat_M2_Flat_Ridge,P_hat_M2_Flat_Ridge,r_hat_M2_Flat_XGB,P_hat_M2_Flat_XGB
2021-01-22,55.22,55.25,0.0005431338958538,0.0076350125480385,0.0,55.22,0.0076910144558551,55.64633519177816,-0.0241949763149023,53.89998664747078,0.0057423805114223,55.53800643496512,-0.0413274392485618,52.98441253877961
2021-01-29,55.25,59.48,0.0737717811940921,0.0005431338958538,0.0,55.25,0.0011753027713916,55.3149736524971,-0.0745554268360138,51.28062054044152,0.001214236945429,55.31712733723386,-0.0562305189669132,52.228996095916656
2021-02-05,59.48,62.47,0.0490463199135243,0.0737717811940921,0.0,59.48,0.0132257420378031,60.27189227474958,0.0220338590443134,60.80511906866853,0.0153961719450023,60.40285025845903,0.0098536666482687,60.06899319788299
2021-02-12,62.47,62.84,0.005905371881942,0.0490463199135243,0.0,62.47,0.0088809522177754,63.02726393958112,0.0236845277249813,63.96723308664619,0.0102881432392397,63.116017771656395,0.0105967596173286,63.13549941448289
2021-02-19,62.84,65.86,0.0469394635607977,0.005905371881942,0.0,62.84,-0.0064966057298641,62.43307653779618,-0.0317845158278942,60.87406960315356,0.0011633641522877,62.913148344160454,-0.0233852751553058,61.3875188377856
2021-02-26,65.86,69.95,0.060249424163272,0.0469394635607977,0.0,65.86,0.0051261632484973,66.19847591174286,0.015706306323409,66.90258346947653,0.016408470134285,66.9495765389285,0.0194461829960346,67.15325933697021
2021-03-05,69.95,68.87,-0.0155600315548833,0.060249424163272,0.0,69.95,0.0066830446063093,70.4190445472805,-0.0044501167722046,69.63940593428651,0.021429003410279,71.46513472313576,-0.0130280023440718,69.04460180690275
2021-03-12,68.87,64.0,-0.073337586196935,-0.0155600315548833,0.0,68.87,0.0127666955763841,69.75487879471852,0.0498839057981967,72.39263555430774,0.0276236672722884,70.79896180556086,0.0474810749292373,72.21889711055172
2021-03-19,64.0,63.77,-0.0036002230324915,-0.073337586196935,0.0,64.0,0.0170213389795798,65.09868975360543,0.0675713866949081,68.47402457409741,0.0335078429409373,66.18083544883,0.066642940044403,68.41047959895937
2021-03-26,63.77,63.85,0.0012537221513679,-0.0036002230324915,0.0,63.77,0.0164215474417151,64.82584767955291,0.0699042603373527,68.38729902821125,0.031127018658309,65.78618612527433,0.062843233346939,67.90611528889754
2021-04-02,63.85,61.89,-0.0311779667272782,0.0012537221513679,0.0,63.85,0.0135885978796154,64.72355371794724,0.0185595825314521,65.04609451859281,0.0271778589248849,65.60910233318145,-0.0029070593882352,63.66465379480408
2021-04-09,61.89,65.98,0.0639930500491652,-0.0311779667272782,0.0,61.89,0.003020652302265,62.07723080821,0.0317515023052692,63.88663075016985,0.0286427021184596,63.68832838148952,0.0097011430189013,62.49332548315726
2021-04-16,65.98,65.75,-0.0034919947425615,0.0639930500491652,0.0,65.98,0.0015155031933335,66.08006870876726,0.0127459736540913,66.82636173560358,0.0279329663142627,67.84899893720963,-0.0140672819688916,65.05833857009341
2021-04-23,65.75,67.73,0.0296695421689385,-0.0034919947425615,0.0,65.75,-0.0032862581200509,65.53428317332929,0.0073625277727842,66.2358726316341,0.028104474062143,67.62408084409336,-0.0097130704671144,65.11445714964854
2021-04-30,67.73,68.73,0.0146565719067016,0.0296695421689385,0.0,67.73,-0.000301499295456,67.70958253079972,0.0172688495367765,68.90977655241537,0.0301197510857221,69.80104383499072,0.0037871140521019,67.98698754817848
2021-05-07,68.73,69.24,0.0073929451744944,0.0146565719067016,0.0,68.73,-0.004961613532806,68.38983288860335,-0.0117296893149614,67.9285281505058,0.0160379321865758,69.84117372614847,-0.0374674052000045,66.2025101523626
2021-05-14,69.24,66.72,-0.037073972257517,0.0073929451744944,0.0,69.24,-0.0040656236225076,68.95906768986343,0.0138453105464577,70.20531643485738,0.0175869923428929,70.46849444651744,-5.075985609437339e-05,69.23648547676312
2021-05-21,66.72,69.36,0.038805574421795,-0.037073972257517,0.0,66.72,-0.0136386213028088,65.81620843177343,-0.0250515043735504,65.06932588935688,0.0017497949478688,66.8368485195827,-0.0387421213090419,64.18455700978836
2021-05-28,69.36,71.3,0.0275859949479638,0.038805574421795,0.0,69.36,-0.014868229112663,68.33636828149876,-0.0455999635159969,66.26821489952019,-0.006014740587677,68.94406970318639,-0.0581950098276138,65.43879790115695
2021-06-04,71.3,72.05,0.0104639950252809,0.0275859949479638,0.0,71.3,-0.0077964629768914,70.74627354848167,0.0095692370086908,71.9855615176281,-0.0031333339358523,71.07694292901257,-0.0044079492799937,70.98640487979165
2021-06-11,72.05,73.1,0.0144680443102017,0.0104639950252809,0.0,72.05,-0.0128829224169164,71.12773890451221,-0.001334766158834,71.95389425187464,-0.0099985360785228,71.33319494774723,-0.0058881845325231,71.62700286914708
2021-06-18,73.1,76.45,0.0448085656193386,0.0144680443102017,0.0,73.1,-0.0258337814063061,71.23573477003576,-0.0163076166063547,71.91758065088777,-0.0186148515305419,71.75184117062943,-0.0213353969156742,71.556902320487
2021-06-25,76.45,77.51,0.0137700279183487,0.0448085656193386,0.0,76.45,-0.0073501888124193,75.89013813106868,-9.188995318254456e-05,76.44297533583217,-0.0029081666853754,76.2279936291359,-0.0033675115555524,76.19298673203328
2021-07-02,77.51,77.14,-0.0047850075133383,0.0137700279183487,0.0,77.51,-0.0262473418293721,75.50203567422773,-0.0266627464443445,75.47067829362007,-0.0196942142609351,75.99843485282427,-0.0464472882449626,73.99219924566678
2021-07-09,77.14,74.46,-0.0353598843355109,-0.0047850075133383,0.0,77.14,-0.0312048664155236,74.77002627064853,-0.0140238450840115,76.06575074859497,-0.0161281158783646,75.90585610066358,-0.0218404624611139,75.47349162652246
2021-07-16,74.46,74.86,0.0053576340317122,-0.0353598843355109,0.0,74.46,-0.0383322495506592,71.65979268914553,-0.0411687009036541,71.45682116872213,-0.0280739168807361,72.39868610918684,-0.0595472976565361,70.15553956011617
2021-07-23,74.86,77.72,0.0374929220329564,0.0053576340317122,0.0,74.86,-0.0109266055231385,74.04648687286151,-0.0169230550527572,73.60379945435423,-0.0153898383226006,73.7167365875078,-0.0189651399850845,73.453647608117
2021-07-30,77.72,71.02,-0.0901510969942975,0.0374929220329564,0.0,77.72,-0.0098794048691524,76.95595303264095,-0.0255896411836147,75.75640409510694,-0.0237282183707963,75.89755011936674,-0.0259605254977941,75.72831244282804
2021-08-06,71.02,70.9,-0.0016910939768598,-0.0901510969942975,0.0,71.02,-0.0119543518896665,70.17605637870508,-0.0188316125422716,69.69509309800341,-0.0282940435117244,69.03871843811892,-0.0317035503685474,68.80373127702501
2021-08-13,70.9,65.51,-0.0790676307942968,-0.0016910939768598,0.0,70.9,-0.0113185614663983,70.10203839961903,-0.0199841596186161,69.49718679067384,-0.0296364964007857,68.82960359038253,-0.0229683257639408,69.29010477590306
2021-08-20,65.51,72.26,0.0980679229757092,-0.0790676307942968,0.0,65.51,-0.012745611329488,64.68033353656466,-0.0211032442748546,64.14201173158754,-0.0278085209836927,63.71336051282073,-0.0232490207999944,64.00452486933264
2021-08-27,72.26,73.07,0.0111471600836321,0.0980679229757092,0.0,72.26,0.0017437756018894,72.38611515129737,-0.0249980483204126,70.47603178966574,-0.0170669441291897,71.03720696857724,-0.034491129219532,69.81016269362688
2021-09-03,73.07,72.44,-0.0086592527879137,0.0111471600836321,0.0,73.07,0.0016976136112689,73.1941499761045,-0.0083554172888398,72.46201318757748,-0.0137316804448587,72.0734836901215,-0.0125358346849679,72.15972401477886
2021-09-10,72.44,74.64,0.0299179235238758,-0.0086592527879137,0.0,72.44,-0.0159379558877455,71.29460633814318,-0.0214958526194095,70.89945739428876,-0.0273207508636936,70.48767572684072,-0.0301739890128374,70.28684424767825
2021-09-17,74.64,77.42,0.0365685886104137,0.0299179235238758,0.0,74.64,-0.007270779424613,74.09927714412717,-0.0240868888795375,72.86363406175126,-0.0088339442032399,73.98353824702468,-0.0112087968736886,73.80804670940277
2021-09-24,77.42,79.4,0.0252532231035881,0.0365685886104137,0.0,77.42,-0.002257436911129,77.24542635297355,-0.0315703228116035,75.0140044674571,0.0097571887500694,78.17909886614122,-0.0188318099826574,75.97568350182848
2021-10-01,79.4,82.17,0.0342919036900064,0.0252532231035881,0.0,79.4,-0.0071209532358318,78.83660464976387,-0.0316650494933128,76.92518443188344,0.0114459537607257,80.31402972067417,-0.0194416176527738,77.87124445130317
2021-10-08,82.17,84.67,0.0299710757110894,0.0342919036900064,0.0,82.17,-0.0038537841929484,81.85394394993314,-0.0128352371975779,81.12206817286642,0.0146890802573067,83.38591016282055,-0.0059261820279061,81.68448566684762
2021-10-15,84.67,85.43,0.0089359795093414,0.0299710757110894,0.0,84.67,-0.008541600690198,83.94986261093719,-0.0153075009584426,83.38378339022263,-0.0026842856576066,84.44302630077932,-0.0159265846014022,83.33217782956511
2021-10-22,85.43,83.1,-0.0276526253021248,0.0089359795093414,0.0,85.43,-0.0082279833302492,84.7299672622751,-0.0302484482526779,82.88456684694158,-0.0150676383460401,84.15242087722551,-0.0276877917349338,83.09707772081694
2021-10-29,83.1,82.43,-0.0080952535362662,-0.0276526253021248,0.0,83.1,-0.0087891324094927,82.37282340359015,-0.0160929262638092,81.77338104873489,-0.0171795004486823,81.68457645900212,-0.0054721417836844,82.64650693856932
2021-11-05,82.43,82.9,0.0056856138161131,-0.0080952535362662,0.0,82.43,-0.0190615508158281,80.87363683814998,-0.0223800558596849,80.60570208368996,-0.0233567021994879,80.52701724966462,-0.019241439178586,80.85908992047872
2021-11-12,82.9,80.24,-0.0326129184875693,0.0056856138161131,0.0,82.9,-0.0175589296419619,81.45706995922572,-0.0265328548848629,80.72935043688034,-0.0212962848281136,81.15320413731288,-0.022986214607954,81.01617673686506
2021-11-19,80.24,72.37,-0.1032302947756436,-0.0326129184875693,0.0,80.24,-0.0162958328565338,78.94301876771874,-0.0052614440210163,79.81893042013009,-0.0111263239519849,79.35217205579555,-0.0020219581201672,80.07792199312765
2021-11-26,72.37,70.71,-0.023204843261887,-0.1032302947756436,0.0,72.37,-0.0293023025896326,70.28016044728012,-0.0070351767353713,71.86265099715898,-0.0185269253009227,71.04155045733208,0.0072887670248746,72.89941511750325
2021-12-03,70.71,74.98,0.0586344056916167,-0.023204843261887,0.0,70.71,-0.0288092248892763,68.70196357701258,-0.0345592908561229,68.30805633602392,-0.0156455251993976,69.61231423935875,-0.0198641382157802,69.31926538886395
2021-12-10,74.98,72.97,-0.0271730135302372,0.0586344056916167,0.0,74.98,-0.0162432656686084,73.77191809974308,-0.0292881485074758,72.81582171213579,-0.0098341260132528,74.24625103481694,-0.0180528443306684,73.63854272390326
2021-12-17,72.97,75.24,0.0306346066553009,-0.0271730135302372,0.0,72.97,-0.0136258052973173,71.98246822423219,-0.039021510630846,70.17743966917601,-0.0084209197991514,72.35810545557693,-0.0192298498004674,71.58020347640182
2021-12-24,75.24,77.24,0.0262344531274841,0.0306346066553009,0.0,75.24,-0.0147594753798096,74.13765212201564,-0.0464182458817958,71.82730947560287,-0.0102801642073306,74.47048260461806,-0.0388678424060344,72.37168719224248
2021-12-31,77.24,82.28,0.0632106072244427,0.0262344531274841,0.0,77.24,-0.0072871949633762,76.67918293443994,-0.0264186840504407,75.22613974213998,-0.006579264631682,76.73348567285868,-0.0097021963447332,76.49422602721778
2022-01-07,82.28,87.17,0.0577321702387283,0.0632106072244427,0.0,82.28,-0.015269851777863,81.03314050282815,-0.0475646890699863,78.45799419051114,-0.0187450648837333,80.75202182752021,-0.0416198894381523,78.92580037479192
2022-01-14,87.17,89.75,0.0291677923449035,0.0577321702387283,0.0,87.17,-9.354624658928124e-05,87.1618459550809,-0.0145141873508691,85.91393571510477,-0.0068520636441016,86.57474729581325,-0.0081767225638031,86.46014120833344
2022-01-21,89.75,91.47,0.0189830222998847,0.0291677923449035,0.0,89.75,-0.0068444664642354,89.1378065933914,-0.0299146920442581,87.10491706144647,-0.0013943038646388,89.62494842835271,-0.0020702613983303,89.56438624029548
2022-01-28,91.47,96.86,0.0572555873068098,0.0189830222998847,0.0,91.47,-0.0048706759007137,91.02556250948236,0.0105320196598768,92.43845477866196,-0.006364222525698,90.88971306180416,0.019043618813157,93.22861183174756
2022-02-04,96.86,97.5,0.0065857410287184,0.0572555873068098,0.0,96.86,0.0019799938127766,97.05197218986272,-0.0020092180930078,96.6655825144806,-0.0057857504107401,96.30121028291856,-0.0002472776395734,96.8360516488988
2022-02-11,97.5,96.18,-0.0136309421542848,0.0065857410287184,0.0,97.5,-0.0144853864757666,96.09785464447386,-0.0093843508511781,96.58930561325944,-0.0146523974655047,96.08180658679628,0.0010603413684293,97.60343811358582
2022-02-18,96.18,98.56,0.024444063935693,-0.0136309421542848,0.0,96.18,-0.0171509969147416,94.54448258514483,-0.0084703434258699,95.3687629478096,-0.0259381964881562,93.71734080037048,-0.0095278872177004,95.26795961598332
2022-02-25,98.56,123.86,0.2284863957247052,0.024444063935693,0.0,98.56,-0.0261575796010559,96.0153351814683,-0.0738043636083602,91.5477904725705,-0.0435436570149923,94.36043294644617,-0.0635443329811096,92.49190866534003
2022-03-04,123.86,118.11,-0.047535501886159,0.2284863957247052,0.0,123.86,-0.0193803987382967,121.482655168064,-0.0955634638667106,112.571483826074,-0.0518581757298187,117.60055087680122,-0.0737644582986831,115.05237243943066
2022-03-11,118.11,114.32,-0.0326148600021439,-0.047535501886159,0.0,118.11,-0.02347954039037,115.36913453144666,-0.0768440812826156,109.37390271868436,-0.0630522658901715,110.8928176141304,-0.0745912343263626,109.6205831448094
2022-03-18,114.32,122.67,0.0704962894230488,-0.0326148600021439,0.0,114.32,-0.0493219222601621,108.81831007156752,-0.0789903178811073,105.63726695018904,-0.0547671548004793,108.2273794061456,-0.0711861401796341,106.4649042671
2022-03-25,122.67,106.13,-0.1448330652709296,0.0704962894230488,0.0,122.67,-0.0336725671681311,118.60815632095957,-0.0709501653909683,114.26812467272016,-0.012990554364293,121.08675457890968,-0.0501247942447662,116.6727525069233
2022-04-01,106.13,101.26,-0.0469732912319679,-0.1448330652709296,0.0,106.13,-0.0443257144704986,101.52844883550436,-0.0707226693630218,98.88347022496026,0.0013352454573701,106.2718042510634,-0.0450909920036792,101.45078111710234
2022-04-08,101.26,110.83,0.0903060292457984,-0.0469732912319679,0.0,101.26,-0.0596519272747285,95.39627573423716,-0.1220532059669494,89.62535506403532,0.002796415847786,101.54356136170358,-0.0701604187488555,94.39905361089708
2022-04-15,110.83,105.15,-0.0526095936388528,0.0903060292457984,0.0,110.83,-0.0427855895721638,106.18808475315608,-0.0685752853751182,103.48453801773309,0.0133606637273528,112.3206985469185,-0.0339991897344589,107.12520665880322
2022-04-22,105.15,108.36,0.0300711150681855,-0.0526095936388528,0.0,105.15,-0.0741674775790655,97.63347581992087,-0.1019657403230667,94.9568104919065,-0.0103118319076627,104.0712822118331,-0.0527903772890567,99.74306453281298
2022-04-29,108.36,113.86,0.0495106063060414,0.0300711150681855,0.0,108.36,-0.0733676117151452,100.69452265073674,-0.0718297809362411,100.84949291541646,-0.0110855897872575,107.16539915184693,-0.0289605762809515,105.2668380180451
2022-05-06,113.86,112.12,-0.0153998972263482,0.0495106063060414,0.0,113.86,-0.0659653372092612,106.59155490497128,-0.0770635455846786,105.4151198533707,-0.0126079532150839,112.43347015447952,-0.0395912639796733,109.4402085566165
2022-05-13,112.12,113.63,0.01337782963333,-0.0153998972263482,0.0,112.12,-0.0788404102379038,103.61989168317356,-0.0910365432500839,102.36380497155146,-0.0255939986183923,109.2868118374876,-0.0617115646600723,105.4100688716928
2022-05-20,113.63,121.19,0.0644120060504783,0.01337782963333,0.0,113.63,-0.0606497359653476,106.94319653185237,-0.0934263318777084,103.4947849057842,-0.0238403379731348,110.95305877591191,-0.0911917462944984,103.72631144666576
2022-05-27,121.19,125.68,0.0363794319669697,0.0644120060504783,0.0,121.19,-0.0412958416673379,116.28728454485709,-0.075606882572174,112.36502003920576,-0.0168474026301854,119.16536607497147,-0.065952219069004,113.4551203052678
2022-06-03,125.68,127.44,0.0139066716544272,0.0363794319669697,0.0,125.68,-0.037157794315826,121.09570696877536,-0.0761751905083656,116.46185604130672,-0.0181436150777971,123.42027226193818,-0.0648768544197082,117.78514262395085
2022-06-10,127.44,119.22,-0.0666751398100125,0.0139066716544272,0.0,127.44,-0.0384160837255576,122.63709926873186,-0.0787689164280891,117.78686343576427,-0.0288612537644408,123.8144918345824,-0.0681473389267921,119.04461355485964
2022-06-17,119.22,117.36,-0.0157243919570542,-0.0666751398100125,0.0,119.22,-0.0465483200009881,113.79768807390084,-0.1056601330637931,107.265856467196,-0.0306055418924377,115.62647862967276,-0.0767655223608017,110.4104740993423
2022-06-24,117.36,119.21,0.0156405098951838,-0.0157243919570542,0.0,117.36,-0.0379490476947435,112.98974768444008,-0.0882998928427696,107.4414707322644,-0.026324613692911,114.31085322492716,-0.0625253319740295,110.24672424926054
2022-07-01,119.21,113.95,-0.0451268880382168,0.0156405098951838,0.0,119.21,-0.0415325812863936,114.3603081994037,-0.1177871450781822,105.96400899274128,-0.032437369437611,115.40518390962212,-0.071042388677597,111.03486543966196
2022-07-08,113.95,112.26,-0.0149421461776399,-0.0451268880382168,0.0,113.95,-0.0338109079594248,110.1616516756175,-0.0759923160076141,105.61151825242588,-0.0156509404165972,112.18045895118328,-0.0429752506315708,109.1567044242018
2022-07-15,112.26,106.77,-0.0501406213238422,-0.0149421461776399,0.0,112.26,-0.0378909069708017,108.08594552449944,-0.0730424225330352,104.3525621847774,-0.0243449061707793,109.56003932639338,-0.0570745281875133,106.03222754286644
2022-07-22,106.77,111.51,0.0434372847870595,-0.0501406213238422,0.0,106.77,-0.0154526188022192,105.13280593614527,-0.022130087018013,104.43312361910432,-0.0189170163992249,104.76921427259012,-0.0143664060160517,105.24706457756332
2022-07-29,111.51,100.31,-0.1058488820818767,0.0434372847870595,0.0,111.51,-0.0115186560417191,110.23292388515468,-0.0191473346203565,109.39519179723716,-0.0197162965980287,109.33296779578843,-0.0050713494420051,110.94592534250476
2022-08-05,100.31,103.7,0.0332367243400878,-0.1058488820818767,0.0,100.31,-0.0140582236068105,98.90968561870784,0.0041956561617553,100.7317504107493,-0.016957606617483,98.62332389340108,0.0055483398027718,100.86810080034098
2022-08-12,103.7,96.45,-0.0724773758837435,0.0332367243400878,0.0,103.7,-0.009256204140106,102.74456032462618,-0.020678037777543,101.57770554549158,-0.0167312753889541,101.97940078966684,-0.0092344535514712,102.74679510359609
2022-08-19,96.45,101.13,0.0473820785623409,-0.0724773758837435,0.0,96.45,-0.0214852211812191,94.39985320991376,-0.025440664961934,94.02719739306728,-0.0158007672444299,94.9379928931701,-0.0178653914481401,94.74218382082208
2022-08-26,101.13,93.09,-0.0828400507856804,0.0473820785623409,0.0,101.13,0.0020702048136296,101.3395766712698,0.0129375346004962,102.4468730513702,0.0151406751951164,102.67282672864602,0.0129445418715476,102.4475909268932
2022-09-02,93.09,91.68,-0.015262514161969,-0.0828400507856804,0.0,93.09,-0.0156967531504745,91.6401976120336,-0.0009087549406103,93.0054424294528,0.0130833657002054,94.31593268856255,0.0020340231712907,93.2795399159581
2022-09-09,91.68,89.43,-0.0248480566083396,-0.015262514161969,0.0,91.68,-0.0066194021399565,91.07513733499636,0.0047116936184465,92.1129873217112,0.0203742288935527,93.56706780282109,0.0098590534180402,92.5883483873216
2022-09-16,89.43,84.29,-0.0591929623486989,-0.0248480566083396,0.0,89.43,-0.0197311737673515,87.68273560528016,-0.006124835461378,88.88392996632938,0.0014759682946949,89.56209330337819,-0.002464830642566,89.20984163364145
2022-09-23,84.29,88.9,0.0532489085104681,-0.0591929623486989,0.0,84.29,-0.0009118646726591,84.21317395954107,0.0081392722204327,84.97885885739947,0.0052873491986515,84.7368509514488,0.0053001586347818,84.73793638968085
2022-09-30,88.9,98.88,0.1063948511895216,0.0532489085104681,0.0,88.9,-0.0015119734756257,88.76568712235841,0.0037748848553746,89.2362214630412,-0.0088295016902948,88.11851244962034,0.0103310476988554,89.82319069293084
2022-10-07,98.88,92.22,-0.0697299669308211,0.1063948511895216,0.0,98.88,0.0008563146482672,98.96470865587588,-0.0030266137327998,98.58118086725445,-0.0096364203525466,97.93172707190008,0.0034812330268323,99.22482418011217
2022-10-14,92.22,91.82,-0.0043468879574835,-0.0697299669308211,0.0,92.22,-0.0087753320856243,91.41427927897928,0.0167559627443552,93.77825344455316,-0.0164012059281972,90.71981682479482,0.0051189679652452,92.69328154881627
2022-10-21,91.82,94.64,0.0302500808490554,-0.0043468879574835,0.0,91.82,-0.0126001965794533,90.6703083314445,0.0053191957995295,92.30970983491396,-0.0345853083579293,88.6986642898504,-0.0041018109768629,91.44414309008182
2022-10-28,94.64,99.53,0.0503788865878407,0.0302500808490554,0.0,94.64,-0.0053959895377853,94.13069887767136,-0.016045868396759,93.13353758600483,-0.0355951788176532,91.33052242269234,-0.0065336115658283,94.02367460923811
2022-11-04,99.53,96.37,-0.032264156394776,0.0503788865878407,0.0,99.53,-0.0026539739362184,99.26620018788223,0.0078090047463774,100.31027285450048,-0.0437511449855266,95.26933268874356,0.0008146531763486,99.61111546664216
2022-11-11,96.37,88.93,-0.0803454064516473,-0.032264156394776,0.0,96.37,0.0050753040392453,96.8603503362175,-0.0148704247549176,94.94753967323226,-0.0372285289611082,92.84824822517352,-0.0159787572920322,94.84236452098156
2022-11-18,88.93,83.4,-0.0642012340468476,-0.0803454064516473,0.0,88.93,-0.0292257127821603,86.36856949466,-0.0441790968179702,85.08667532058892,-0.0510416503932259,84.50476244056506,-0.0075677777640521,88.25953767821686
2022-11-25,83.4,86.54,0.0369584254320376,-0.0642012340468476,0.0,83.4,-0.0053745167382757,82.95296767145355,0.0101873828098177,84.2539702014106,-0.0180802887187407,81.90565373468591,-0.0045799785293638,83.0189031644767
2022-12-02,86.54,76.37,-0.125016785896446,0.0369584254320376,0.0,86.54,-0.0192768505484222,84.88775753280179,-0.0420948937535285,82.97271684461177,-0.0255543076230038,84.35654734772459,-0.0195798855274915,84.86203747021074
2022-12-09,76.37,80.2,0.0489335659721759,-0.125016785896446,0.0,76.37,-0.0210936699624245,74.77594773590032,-0.0013416477013379,76.26760706802882,-0.0304071831011852,74.08275400935496,-0.0113935051485896,75.50481610960483
2022-12-16,80.2,82.45,0.027668534133139,0.0489335659721759,0.0,80.2,-0.0174371719232494,78.81366085552212,0.015479601919651,81.45112253078936,-0.0244536304857659,78.26260356603017,0.0115240048617124,81.1295710933701
2022-12-23,82.45,82.82,0.0044775291118132,0.027668534133139,0.0,82.45,-0.0140811548725383,81.29714459734208,-0.0041140001267194,82.1114974667138,-0.0211819691888784,80.72191339110266,0.0173912402242422,83.89644907113198
2022-12-30,82.82,76.41,-0.0805560004579458,0.0044775291118132,0.0,82.82,-0.0026469572246706,82.60106888113242,0.0185948088765144,84.37442944140888,-0.0084980322093155,82.11917500669949,0.0185077972710132,84.36708820623089
2023-01-06,76.41,83.43,0.087894379254508,-0.0805560004579458,0.0,76.41,-0.0174161604739941,75.09075263637514,-0.0109040830284357,75.5813450872879,-0.0137560532607407,75.36609642826335,0.0073331259191036,76.97238364635842
2023-01-13,83.43,86.96,0.0414402858989706,0.087894379254508,0.0,83.43,0.0024192162784247,83.63207955262293,-0.0241172667592763,81.44196576971127,-0.0002966649821832,83.40525291151525,0.0136022204533219,84.57258649233525
2023-01-20,86.96,85.36,-0.018570635819456,0.0414402858989706,0.0,86.96,0.0018243924303247,87.11879397295792,0.0253547709435224,89.19304036752881,0.007606381396074,87.62397294062492,0.0001228141773026,86.97068057670792
2023-01-27,85.36,78.85,-0.0793302935844505,-0.018570635819456,0.0,85.36,0.0126846065572612,86.4496543235763,0.0347537100315094,88.37872886809606,0.0205578163135732,87.13297702713335,0.0107198832556605,86.27997141787407
2023-02-03,78.85,85.46,0.0805011168068314,-0.0793302935844505,0.0,78.85,0.0108415085878813,79.7095036917813,0.0538832806050777,83.21524747973383,0.0142765672305954,79.9837813215177,0.0223339106887578,80.63084141076273
2023-02-10,85.46,81.97,-0.0416951035509395,0.0805011168068314,0.0,85.46,0.01139988148153,86.43980810848907,0.0294531565159559,88.01450115298032,0.0018672321919129,85.61972273643164,-0.0025385618209838,85.24332963868952
2023-02-17,81.97,82.31,0.0041392803196134,-0.0416951035509395,0.0,81.97,0.0151986539633365,83.2253493099722,0.0225288085639476,83.83764535783764,0.0066032388124498,82.51305848465206,-0.0026443696115165,81.75352736591546
2023-02-24,82.31,85.74,0.0408268541852784,0.0041392803196134,0.0,82.31,0.005094568250642,82.73040389158453,0.0211027953773736,84.0654281635573,0.0034294273705101,82.59276074345476,-0.012759338133037,81.26645053601551
2023-03-03,85.74,82.3,-0.0409483534868068,0.0408268541852784,0.0,85.74,0.0133974660377822,86.89642804337485,0.0068629090674221,86.33044960693209,0.0082621579507889,86.45133194466027,-0.022596726194024,83.8242826809853
2023-03-10,82.3,71.03,-0.1472687846733054,-0.0409483534868068,0.0,82.3,-0.0063296257015872,81.7807169720781,-0.0103230606764554,81.45478222940665,-0.0101202710700169,81.47130208760866,-0.0315253511071205,79.74593404280071
2023-03-17,71.03,73.63,0.0359502283709067,-0.1472687846733054,0.0,71.03,-0.0120744223792957,70.17751079290609,0.0043816859833896,71.34191401098441,-0.0043754633768369,70.71988976906898,-0.0060799364000558,70.59945229512344
2023-03-24,73.63,79.19,0.0727974768416957,0.0359502283709067,0.0,73.63,-0.0198449382582505,72.18322030369475,-0.0297336336225271,71.47294008800037,-0.0263787788160993,71.71312409053824,-0.0259167402982711,71.74626597192514
2023-03-31,79.19,86.56,0.0889877868758503,0.0727974768416957,0.0,79.19,-0.0039402272828741,78.87858732273298,0.0062486045062541,79.6863762050607,-0.0050649271535714,78.78992245579889,0.0053988532163202,79.61869136580282
2023-04-07,86.56,87.31,0.0086271887245447,0.0889877868758503,0.0,86.56,-0.0083793918715465,85.83771024031489,-0.0363752841949462,83.46793372911253,0.0017679237407047,86.71316683274108,-0.0231416374444961,84.5798600717531
2023-04-14,87.31,83.36,-0.0462964258176594,0.0086271887245447,0.0,87.31,-0.0057696054101504,86.80770616363449,-0.010047972202301,86.4371043069239,0.002516670920569,87.53000726489742,-0.0117534203454852,86.28981593991712
2023-04-21,83.36,81.32,-0.0247765892449109,-0.0462964258176594,0.0,83.36,-0.0095897738229246,82.5644172803461,-0.0004291333898436,83.32423511512464,0.0051663628229518,83.79178241683165,0.0097976112738251,84.18074297060969
2023-04-28,81.32,75.85,-0.0696342829656046,-0.0247765892449109,0.0,81.32,-0.0093045745084747,80.56686125234832,-0.0018987230723723,81.16574233239444,0.0200731376526756,82.9688408953445,-0.0050870650447905,80.90737029746923
2023-05-05,75.85,74.54,-0.0174218117434287,-0.0696342829656046,0.0,75.85,-0.009850133128241,75.10653502792044,-0.0257438123226165,73.9222520912637,0.0216968924411421,77.5136925048558,-0.0210427865386009,74.27058061354508
2023-05-12,74.54,75.42,0.0117365977790986,-0.0174218117434287,0.0,74.54,-0.0150127417945324,73.42930835089186,-0.0140572506934404,73.49950293138856,0.0179559912442597,75.89052833887821,-0.0130719654262065,73.57195659667893
2023-05-19,75.42,76.33,0.0119935539801678,0.0117365977790986,0.0,75.42,-0.0034371787238632,75.1612129840389,0.0151619119569659,76.57222428836658,0.0226911354529665,77.1509295453695,0.0090919062495231,76.10883825063765
2023-05-26,76.33,76.0,-0.0043327055240478,0.0119935539801678,0.0,76.33,-0.0040788020357602,76.0192991150625,0.0074892798438668,76.90380273308976,0.0143341812896657,77.43200737565057,0.0044853505678474,76.67313577568945
2023-06-02,76.0,74.74,-0.0167179162289933,-0.0043327055240478,0.0,76.0,0.0042822428369053,76.32614828027528,0.0117981527000665,76.90196993214332,0.0151591436584037,77.16087159712278,0.0123309688642621,76.9429554626886
2023-06-09,74.74,76.76,0.0266682470821614,-0.0167179162289933,0.0,74.74,-0.0035583393134445,74.47452232964702,0.0086080553010106,75.38614308103038,-0.0092336257901753,74.05305518485021,-0.0026821489445865,74.53980478459019
2023-06-16,76.76,73.56,-0.0425822714033789,0.0266682470821614,0.0,76.76,0.0017207424908475,76.89219790025021,0.0141503559425473,77.85390262505489,-0.0097815421321553,76.01282902546392,0.0015763957053422,76.88109955967704
2023-06-23,73.56,74.51,0.0128319448295158,-0.0425822714033789,0.0,73.56,-0.0018377913432024,73.4249362163348,-0.0009768892778083,73.4881751129174,-0.0128909904272303,72.61782457867886,-0.0029899482615292,73.34038788392142
2023-06-30,74.51,78.77,0.0555988691495966,0.0128319448295158,0.0,74.51,0.0043402300100647,74.83409334912842,0.0208994466811418,76.08360422394445,-0.0093238635862722,73.81850762401335,0.0021393739152699,74.6695753852715
2023-07-07,78.77,79.9,0.0142436390569961,0.0555988691495966,0.0,78.77,0.0017823479719412,78.91052074097857,-0.0130793033167719,77.74645151959449,-0.0077274254725461,78.16365645004237,-0.0128496158868074,77.76431095319808
2023-07-14,79.9,81.06,0.0144137684279334,0.0142436390569961,0.0,79.9,-0.0024203527974997,79.70684765418231,-0.0285240281373262,77.65312741985011,-0.0135570083507641,78.82410447350063,-0.0180111080408096,78.47379479047181
2023-07-21,81.06,84.49,0.0414435629645908,0.0144137684279334,0.0,81.06,0.0011036732597221,81.14951314197738,0.0063510215841233,81.57645207279597,-0.0085511000166408,80.36980301006777,0.0142474565654993,82.22316522637567
2023-07-28,84.49,87.38,0.0336332393585364,0.0414435629645908,0.0,84.49,0.0062709675609223,85.02149881336469,-0.0019554514437913,84.32494533829686,0.0006219791008243,84.54256736043376,0.0077539766207337,85.14768000718443
2023-08-04,87.38,87.93,0.0062746198676211,0.0336332393585364,0.0,87.38,0.0007068993840629,87.44179070551215,-0.0075406972318887,86.7235719489589,-0.0051302651945847,86.93286536761882,0.003987502772361,87.72912359530717
2023-08-11,87.93,85.92,-0.0231244126303562,0.0062746198676211,0.0,87.93,0.000633550775771,87.98572577040213,-0.0055536753498017,87.44301884578317,-0.0066409648809668,87.34799463559462,-0.0034899073652923,87.62366729266931
2023-08-18,85.92,85.42,-0.0058363653472341,-0.0231244126303562,0.0,85.92,-0.010381226638219,85.03265882122443,-0.0206696279346942,84.16229371413263,-0.0166382515675765,84.50226841856984,-0.0283120386302471,83.5215424612672
2023-08-25,85.42,89.98,0.0520071579997058,-0.0058363653472341,0.0,85.42,-0.0044964126307001,85.03677863942379,-0.0083809597417712,84.70709002667459,-0.0116137032379656,84.43369587698402,-0.0172092802822589,83.96255999442486
2023-09-01,89.98,91.85,0.0205693882481082,0.0520071579997058,0.0,89.98,-0.0036081101347365,89.65592724674634,-0.0220164377242326,88.02060947951088,-0.011780254333468,88.9262317304956,-0.0352808237075805,86.8607793634256
2023-09-08,91.85,95.55,0.0394928590251474,0.0205693882481082,0.0,91.85,-0.0088355492229385,91.04202949177906,0.0023303097113966,92.06428852934056,-0.0130428041083829,90.65979710677782,-0.0017209887737408,91.69206312390874
2023-09-15,95.55,93.99,-0.0164612770540719,0.0394928590251474,0.0,95.55,-0.004318112021218,95.13829393255769,-0.0145819960162043,94.16679970087829,-0.0077907807195072,94.8084831504432,-0.0272068008780479,92.98543516953896
2023-09-22,93.99,95.86,0.0197004000992753,-0.0164612770540719,0.0,93.99,-0.0160779094908939,92.49092061074704,-0.0207617152482271,92.05872405677164,-0.0147706035844825,92.61191360774882,-0.0241293460130691,91.74922569606662
2023-09-29,95.86,87.86,-0.0871441551838517,0.0197004000992753,0.0,95.86,-0.0045896706784971,95.42104227501524,-0.0076500657014548,95.1294625942316,-0.0060006769950212,95.28649752570398,0.0066403793171048,96.49866490313796
2023-10-06,87.86,94.33,0.0710546341141284,-0.0871441551838517,0.0,87.86,-0.0082191388854412,87.140826001613,-0.0054322280921041,87.38401843053603,-0.0136999230316085,86.66453236755989,0.0080568436533212,88.5707335733869
2023-10-13,94.33,93.72,-0.0064876590221669,0.0710546341141284,0.0,94.33,-0.0127889745867807,93.1312974534897,-0.0416510179638862,90.481757400155,-0.0216133606351208,92.31308634640328,-0.0271569341421127,91.80275779541928
2023-10-20,93.72,90.73,-0.0324235504580573,-0.0064876590221669,0.0,93.72,-0.0115145526836437,92.64704527412354,-0.0707953497767448,87.31447562881355,-0.0255397023280663,91.3567262099516,-0.046821542084217,89.43302951020581
2023-10-27,90.73,87.55,-0.0356780044496768,-0.0324235504580573,0.0,90.73,-0.0119398091953464,89.6531426403578,-0.0346740819513797,87.6379375485819,-0.030106750442339,88.0391245417185,-0.0157974492758512,89.3079593085602
2023-11-03,87.55,83.66,-0.0454490927178085,-0.0356780044496768,0.0,87.55,-0.0116861022471478,86.53283666136592,-0.0435223989188671,83.8213425821851,-0.0285008980984628,85.0899694332892,-0.0212800819426774,85.70661211165584
2023-11-10,83.66,81.22,-0.0295994437559005,-0.0454490927178085,0.0,83.66,-0.0219071371890725,81.8471782705312,-0.0397194102406501,80.40220134904979,-0.0338885391870382,80.87238567748668,-0.0342454016208648,80.84353051007331
2023-11-17,81.22,79.82,-0.0173874226375639,-0.0295994437559005,0.0,81.22,-0.0162622108321662,79.90986495537966,-0.0530023537576198,77.027243310138,-0.0157716657373789,79.94907396376576,-0.0458383038640022,77.58105171126972
2023-11-24,79.82,78.72,-0.0138768468765897,-0.0173874226375639,0.0,79.82,-0.017540619190406,78.432115537047,-0.0415349751710891,76.57258576083386,-0.0097201481085719,79.04789633805068,-0.0199757758527994,78.2413534104512
2023-12-01,78.72,75.94,-0.0359536979403416,-0.0138768468765897,0.0,78.72,-0.0138896119976529,77.63416809211344,-0.038103949278593,75.77688534497364,-0.0035766062277558,78.4389524555492,0.0063886251300573,79.22452245667469
2023-12-08,75.94,76.84,0.0117817830966997,-0.0359536979403416,0.0,75.94,-0.0063706056377864,75.45775393858516,-0.0327277965843677,73.49488105030093,0.0053113843880275,76.34441959363502,-0.0043436423875391,75.6108591496626
2023-12-15,76.84,80.23,0.0431721718652087,0.0117817830966997,0.0,76.84,-0.0023860645201741,76.65687336513585,-0.0528907999396324,72.88147838645192,0.0033661748382138,77.0990927055904,-0.0499184876680374,73.09842715905951
2023-12-22,80.23,77.69,-0.0321709608032353,0.0431721718652087,0.0,80.23,-0.0040231152527454,79.90787387301937,-0.043257188051939,76.833467633894,0.0049390955791582,80.6272438434191,-0.0365598611533641,77.34977348805991
2023-12-29,77.69,78.31,0.007948759800517,-0.0321709608032353,0.0,77.69,-0.0055761507297543,77.25799443326179,-0.0357691645622253,74.96020587566922,0.0050884653053988,78.0863303710835,-0.0297062806785106,75.41606140297573
2024-01-05,78.31,79.89,0.0199753797311041,0.007948759800517,0.0,78.31,-0.0081288583025833,77.67600940725467,-0.0449522361159324,74.86773869094145,-0.0045766820927507,77.95241891694458,-0.0471841134130954,74.70082941446472
2024-01-12,79.89,80.71,0.0102117948423304,0.0199753797311041,0.0,79.89,0.0014940664257841,80.00945017778592,-0.0383583754301071,76.88357872442218,0.0027394727947217,80.10915653118894,-0.0408532246947288,76.69200485790739
2024-01-19,80.71,83.34,0.0320661426580264,0.0102117948423304,0.0,80.71,0.0003088605317006,80.73493198356822,0.0069233882240951,81.2707254838891,0.0023411788947367,80.8991779118526,0.0044440650381147,81.06947867088965
2024-01-26,83.34,79.54,-0.0466685862147627,0.0320661426580264,0.0,83.34,0.0098295986542696,84.1632381737714,-0.0049067288637161,82.93207482404858,0.0126465994668123,84.40066033630038,-0.0021360653918236,83.16217030578954
2024-02-02,79.54,83.58,0.0495442172402245,-0.0466685862147627,0.0,79.54,0.002334180995592,79.7258776079848,-0.0106910048052668,78.69416693683473,0.0002477455291168,79.55970812058453,0.0008019777014851,79.60381489201605
2024-02-09,83.58,84.88,0.0154342372859582,0.0495442172402245,0.0,83.58,0.0027067993341004,83.8065407502025,0.0005648955702781,83.627227309757,-0.0085988409176395,82.86438999375386,-0.0005435989005491,83.53457835058995
2024-02-16,84.88,84.18,-0.0082811309633029,0.0154342372859582,0.0,84.88,0.007030536621287,85.4788546163681,-0.0161258019506931,83.52221900727076,-0.0030094227467008,84.6249441751559,-0.0131954327225685,83.76732890356533
2024-02-23,84.18,84.82,0.0075740007040198,-0.0082811309633029,0.0,84.18,-0.0020101146709921,84.01095850031369,-0.0201687589287757,82.49920066739597,-0.0133308578162749,83.0652551501313,-0.002689137822017,83.95393247773805
2024-03-01,84.82,84.29,-0.0062681300370536,0.0075740007040198,0.0,84.82,-0.0015551883954279,84.68819144043707,-0.0507870987057685,80.61979906712693,-0.0088274658625097,84.07454940608781,-0.0255642868578434,82.67911883226337
2024-03-08,84.29,85.39,0.0129657639101239,-0.0062681300370536,0.0,84.29,0.0029343979835894,84.53770365885367,-0.0100649921223521,83.44587698583003,0.002025331174818,84.46088815886841,-0.0064413798972964,83.7488009939123
2024-03-15,85.39,84.87,-0.0061083239379291,0.0129657639101239,0.0,85.39,-0.0059353423435894,84.88468221775173,-0.0127607807517051,84.30727980139676,-0.0128271779399562,84.3016822209027,-0.0104513354599475,84.50220785299247
2024-03-22,84.87,86.17,0.0152014152700899,-0.0061083239379291,0.0,84.87,0.0103866725473092,85.75611080413083,-0.0065600327216088,84.31507218529192,0.0032309572219743,85.14465479945422,-0.0091934343799948,84.0933288321747
2024-03-29,86.17,92.81,0.074232303355626,0.0152014152700899,0.0,86.17,-0.003897389246437,85.8348155650183,-0.0256455484777688,83.98821914836888,-0.0113650236099349,85.19621991376971,-0.0190825406461954,84.54124726728706
2024-04-05,92.81,93.12,0.0033345913758262,0.074232303355626,0.0,92.81,0.0051024515777089,93.28476874313802,-0.0113470330834388,91.76283420761354,-0.0057133771847069,92.28125336627228,0.0049597616307437,93.27145889404682
2024-04-12,93.12,87.96,-0.0570068182965674,0.0033345913758262,0.0,93.12,0.0026653822316032,93.36853146194215,-0.0088274357840418,92.301606651496,-0.0070636233864085,92.46455303080704,0.006586477626115,93.73535708979504
2024-04-19,87.96,89.95,0.0223717947099818,-0.0570068182965674,0.0,87.96,0.0028222607109068,88.20859668945685,-0.0159553401172161,86.56770508929645,-0.0015906973400641,87.82019348637219,0.006884868722409,88.56768255973142
2024-04-26,89.95,83.6,-0.0732104403058862,0.0223717947099818,0.0,89.95,0.0043026588561545,90.33785797602523,-0.0303694419562816,87.25933252854381,-0.005930525990182,89.41812788675671,-0.0143427234143018,88.66907992852761
2024-05-03,83.6,83.39,-0.0025151219917618,-0.0732104403058862,0.0,83.6,0.0029814506142541,83.8496212030884,0.0092534637078642,84.37717982302391,-0.0045902709005405,83.21713275716614,0.0178033076226711,85.10168432727144
2024-05-10,83.39,82.24,-0.013886596392039,-0.0025151219917618,0.0,83.39,-0.0030232387034249,83.1382728319116,-0.0151863815262913,82.13317511030041,-0.0082874808027834,82.70176279132376,-0.0198561176657676,81.75052897782008
2024-05-17,82.24,78.92,-0.0412071205524403,-0.013886596392039,0.0,82.24,0.0028245129152637,82.47261630137646,-0.0053331684321165,81.80256771498148,-0.0001532467654102,82.22739795164888,-5.009678716305643e-06,82.23958800505434
2024-05-24,78.92,79.41,0.0061896237527049,-0.0412071205524403,0.0,78.92,0.0029609553303157,79.15402489231501,0.0093259755522012,79.65944867131324,0.0018835365603008,79.06878878590967,0.0113617712631821,79.82178422019834
2024-05-31,79.41,78.12,-0.0163781988986412,0.0061896237527049,0.0,79.41,0.0117035156778166,80.34483594300653,0.0158047694712877,80.67502714233237,0.0088551614141333,80.11631100148333,0.0101503459736704,80.2201436371578
2024-06-07,78.12,81.49,0.0422342073236502,-0.0163781988986412,0.0,78.12,0.0084324198039277,78.78152584705919,0.0027921686414629,78.33842901768809,0.0072159633336025,78.68574981569748,0.0008714068098925,78.18810396881034
2024-06-14,81.49,86.42,0.0587388171716588,0.0422342073236502,0.0,81.49,0.0077994256723522,82.12806021516568,-0.0002236892178189,81.47177360424004,0.004260210301212,81.83790508567203,-0.0067993700504302,80.93779877225484
2024-06-21,86.42,87.26,0.0096730371916763,0.0587388171716588,0.0,86.42,0.0038390156323593,86.75240537741836,0.0012118848972022,86.52479457947463,0.0012198880504009,86.52548705343212,-0.0021751830354332,86.23222497863522
2024-06-28,87.26,88.66,0.0159166616214437,0.0096730371916763,0.0,87.26,0.00799519720786,87.96045732429535,0.0060024596750736,87.78534974924877,0.0044130906032978,87.6459372477088,0.0181850958615541,88.86134766535619
2024-07-05,88.66,87.35,-0.0148857927368419,0.0159166616214437,0.0,88.66,0.0026632305429397,88.89643672293825,-0.0148259727284312,87.35522543402587,-0.0021038355434194,88.4736700132715,0.0009053880930878,88.74030805782694
2024-07-12,87.35,85.19,-0.0250389805253164,-0.0148857927368419,0.0,87.35,-0.0026018031302252,87.12302789298242,-0.0001292364613618,87.33871192453121,-0.0085027013400875,86.61043763251695,0.0034396664705127,87.6509721914359
2024-07-19,85.19,81.35,-0.0461232223897023,-0.0250389805253164,0.0,85.19,-0.0033569097353095,84.90450431936428,-0.0019980315119028,85.01995762707999,-0.0061550984075562,84.6672575825216,0.0001939585781656,85.20652493379846
2024-07-26,81.35,78.35,-0.0375748648630169,-0.0461232223897023,0.0,81.35,-0.0070967771789546,80.77472090472561,-0.0100513128563761,80.53642131564641,-0.0010502521647307,81.26460683642586,-0.0078794294968247,80.71152711479306
2024-08-02,78.35,81.07,0.0341270101975859,-0.0375748648630169,0.0,78.35,-0.0135967330018741,77.29190558381424,-0.0421051271259784,75.11954979036553,-0.0028380404774268,78.12795476431505,-0.0058159283362329,77.89564454495357
2024-08-09,81.07,81.56,0.0060259667066386,0.0341270101975859,0.0,81.07,-0.0073444995268769,80.47676260591857,-0.0153488088399171,79.83517287234415,-0.0033946260822408,80.79526423992726,-0.0011929869651794,80.97334221393608
2024-08-16,81.56,80.34,-0.0150713167751182,0.0060259667066386,0.0,81.56,-0.0049222496707781,81.15952773765333,-0.0038918396458029,81.24319842881287,-0.0052867787357311,81.12994812253737,-0.0063752671703696,81.04168715653789
2024-08-23,80.34,80.2,-0.0017441140586673,-0.0150713167751182,0.0,80.34,-0.0128477493158379,79.31441416213185,-0.0061296108178794,79.84905326027354,-0.0202670639378942,78.72813316038079,-0.0104473521932959,79.50502893771679
2024-08-30,80.2,72.82,-0.0965328721251816,-0.0017441140586673,0.0,80.2,-2.661489452178076e-05,80.19786551386404,-0.0086171692237257,79.51187214345816,-0.0123770913846824,79.2134750198427,-0.0112340869382023,79.30406813831712
2024-09-06,72.82,73.68,0.0117407491997641,-0.0965328721251816,0.0,72.82,-0.0159558974361936,71.66731208893336,-0.0058780079707503,72.39321899943918,-0.0223151864780034,71.2130050025831,-0.0049956226721405,72.45712590271278
2024-09-13,73.68,75.96,0.0304754939970335,0.0117407491997641,0.0,73.68,-0.0034311003622166,73.4276297267645,0.0033436266239732,73.92677073434834,-0.0141155353297939,72.64727324973258,-0.0049944450147449,73.31292671801262
2024-09-20,75.96,71.63,-0.0586929053177252,0.0304754939970335,0.0,75.96,-0.0092535608039961,75.26034167927888,-0.009399214759469,75.24938051111118,-0.0244835473702505,74.12281195539124,-0.013169253244996,74.96622154605272
2024-09-27,71.63,79.32,0.1019763230252352,-0.0586929053177252,0.0,71.63,-0.0090404781451962,70.98534891808652,0.0056475391611456,72.03567769219286,-0.0212649480370027,70.12287305310473,0.0001371648540953,71.63982579236013
2024-10-04,79.32,80.27,0.0119056484918903,0.1019763230252352,0.0,79.32,-0.0023053538834324,79.13734994736373,0.0006684963591396,79.37304285871058,-0.0164427548073635,78.02642480314238,-0.0100700501352548,78.52525191579933
2024-10-11,80.27,72.75,-0.0983670460918835,0.0119056484918903,0.0,80.27,-0.0023527393352347,80.08136760200473,0.0013908627443015,80.38172222961798,-0.0138557220048727,79.16547088948303,-0.0070223715156316,79.70828881907495
2024-10-18,72.75,75.62,0.0386918924111849,-0.0983670460918835,0.0,72.75,-0.0130402486602386,71.80748060967305,-0.0034259753301739,72.50118675212077,-0.0204635028902136,71.27640900397486,-0.0092957094311714,72.07687059366539
2024-10-25,75.62,73.63,-0.0266682470821614,0.0386918924111849,0.0,75.62,-0.0002527817924696,75.60088705665727,0.01625906676054,76.85956036871562,-0.0079977265019697,75.01762395220494,-0.0035066704731434,75.3552899754901
2024-11-01,73.63,74.04,0.0055529363246714,-0.0266682470821614,0.0,73.63,-0.0037013124179062,73.35797609994324,0.008191742002964,74.23563518051128,-0.0120738024830891,72.74635115855024,-0.0031381896696984,73.39929727840345
2024-11-08,74.04,73.45,-0.0080005850854105,0.0055529363246714,0.0,74.04,-0.0007899911272672,73.98153215451747,-0.0035618466790765,73.77674997830452,-0.0083207116705457,73.42649046553609,-0.0143608851358294,72.98431846829789
2024-11-15,73.45,76.1,0.0354433622477538,-0.0080005850854105,0.0,73.45,-0.0017000193734458,73.32523965456967,-0.0002741947246249,73.42986315831034,-0.0107566341068055,72.66415930241868,0.0010221896227449,73.52511821377918
2024-11-22,76.1,74.16,-0.0258233436100404,0.0354433622477538,0.0,76.1,0.0076547690211491,76.68476318067862,-0.0131539329886436,75.10554056484878,-0.003344432768033,75.84591379030984,-0.0072334320284426,75.55152190362857
2024-11-29,74.16,73.78,-0.00513722908907,-0.0258233436100404,0.0,74.16,-0.0101265042710194,73.412808049623,-0.0162390153855085,72.96544010813987,-0.0243832391240745,72.37360652256136,-0.0153933996334671,73.02716692855755
2024-12-06,73.78,74.89,0.014932678092746,-0.00513722908907,0.0,73.78,-0.0008682708618007,73.71596677892923,0.0020183518063277,73.92906437784484,-0.0368869195957152,71.10806574025638,0.0005592022207565,73.82126947776379
2024-12-13,74.89,73.19,-0.0229615706481399,0.014932678092746,0.0,74.89,-0.0023968091079323,74.7107179042137,-0.0135810049250721,73.87979387546908,-0.0392953202907702,72.00424315374573,-0.0181631259620189,73.54204211841073
2024-12-20,73.19,73.77,0.0078933452830751,-0.0229615706481399,0.0,73.19,-0.0035028974018949,72.9340714465808,-0.0046180696226656,72.85278273003944,-0.0380732645295492,70.45579804383209,-0.038028635084629,70.45894251715772
2024-12-27,73.77,76.72,0.0392102856789718,0.0078933452830751,0.0,73.77,-0.0014331593808053,73.66435155609024,0.0016569860745221,73.89233719023701,-0.0372081468881562,71.07559280144781,-0.0356047078967094,71.18964959540436
2025-01-03,76.72,79.76,0.0388596950784002,0.0392102856789718,0.0,76.72,0.0007911686436913,76.78072247603609,0.0084939403459429,77.37443051562452,-0.0208940570129607,75.13363842221855,-0.0279091224074363,74.60841542609427
2025-01-10,79.76,83.02,0.0400594169713096,0.0388596950784002,0.0,79.76,0.0014692336424326,79.87727220435865,0.0065543167293071,80.2844892590626,-0.003608349708633,79.47271664834543,-0.0284598208963871,77.52204168466757
2025-01-17,83.02,78.71,-0.0533113304705338,0.0400594169713096,0.0,83.02,0.0068622424538087,83.59166256877441,0.0010279968846589,83.10538818323788,0.0195865813818898,84.66210712168152,0.0084062982350587,83.72083245572047
2025-01-24,78.71,77.11,-0.0205372383094894,-0.0533113304705338,0.0,78.71,0.0061888224914704,79.19863268917834,0.0252017118036746,80.71883343594118,0.0162508314009651,79.9995527117658,0.0279714073985815,80.94270992508059
2025-01-31,77.11,74.68,-0.0320206551713473,-0.0205372383094894,0.0,77.11,-0.0060738098769115,76.64306798400798,0.0360193774104118,79.9380813009164,0.0012953998409377,77.20995300731234,0.0272633768618106,79.24119882122875
2025-02-07,74.68,75.19,0.0068059247164134,-0.0320206551713473,0.0,74.68,0.0015373150853819,74.79489498284354,0.0098043261095881,75.4157881333189,0.011062547559497,75.51073761682204,0.0066377059556543,75.17735269516531
2025-02-14,75.19,74.88,-0.0041314112205989,0.0068059247164134,0.0,75.19,-0.0008712813137054,75.12451688927038,0.0023982636630535,75.37054185177165,0.0066160845102701,75.68911265947567,0.0033167041838169,75.43979700998375
2025-02-21,74.88,74.76,-0.0016038495819744,-0.0041314112205989,0.0,74.88,0.0003465140495387,74.90595146804392,-0.0025142645463347,74.69196835047934,0.0129848641086193,75.85864667097674,0.0027410013135522,75.08552772556267
2025-02-28,74.76,72.49,-0.0308343612745757,-0.0016038495819744,0.0,74.76,-0.0058444133433084,74.32434596962662,0.0006400650017894,74.80786657675988,0.0168159095563697,76.02778701965137,-0.0003508876252453,74.73377224290347
2025-03-07,72.49,71.94,-0.0076161830453085,-0.0308343612745757,0.0,72.49,-0.0013360217384943,72.3932164510354,-0.0035267758648842,72.23479430871463,0.0219464190803352,74.09848156510692,-0.0082708382979035,71.89291951355364
2025-03-14,71.94,72.64,0.0096832960255601,-0.0076161830453085,0.0,71.94,-0.0125252129205907,71.04455570420706,-0.0031078152824193,71.71677082577418,0.0114380296324405,72.76757574719456,-0.0107255931943655,71.17252400069177
2025-03-21,72.64,74.69,0.0278304800759373,0.0096832960255601,0.0,72.64,-0.0044420552409289,72.3180447082921,0.0018114621052518,72.77170385958651,0.0107224756173583,73.42307135805804,-0.0074723353609442,72.09923247371512
2025-03-28,74.69,68.36,-0.0885583561215851,0.0278304800759373,0.0,74.69,-0.0079053944469493,74.1018738363332,-0.0056188590824604,74.27150425049955,-0.0035426253023802,74.4258694501904,-0.0111795160919427,73.85965203547383
2025-04-04,68.36,66.83,-0.0226357767244114,-0.0885583561215851,0.0,68.36,-0.0249703853350375,66.67416008993226,-0.1083017736673355,61.34330790352486,-0.0128758552787866,67.48544891220965,-0.0773204416036605,63.27355166527468
2025-04-11,66.83,69.33,0.0367256314314203,-0.0226357767244114,0.0,66.83,-0.0112580207636172,66.081845742379,-0.0299533661454916,64.85789951037361,0.0005933160984101,66.86966308006518,-0.0191481001675128,65.56250624148146
2025-04-18,69.33,66.99,-0.0343343584342229,0.0367256314314203,0.0,69.33,-0.0292085509772184,67.3342593914699,-0.0375839322805404,66.77266436338593,-0.0165681749287432,68.19079179231103,-0.0436194725334644,66.37086900556106
2025-04-25,66.99,61.57,-0.0843686155970573,-0.0343343584342229,0.0,66.99,-0.0031903785461559,66.77661710828632,0.0059607503935694,67.39050313262742,0.013379374708949,67.89230700355483,0.0123813599348068,67.82458327837509
2025-05-02,61.57,64.26,0.0427626147645937,-0.0843686155970573,0.0,61.57,-0.0106810380302746,60.91586811111827,0.0130413090810179,62.378212016735795,0.0046023084403776,61.85401719672531,0.0174122434109449,62.65145982415555
2025-05-09,64.26,65.2,0.0145221152448948,0.0427626147645937,0.0,64.26,-0.006850188717906,63.82131113918788,-0.0051684025675058,63.92873524322744,-0.0016009432691998,64.15720569140477,-0.0053115780465304,63.91958287114882
2025-05-16,65.2,65.41,0.003215683040514,0.0145221152448948,0.0,65.2,0.0047403948520575,65.50980746907096,0.0067469370551407,65.64138762889795,0.0077153422076397,65.70498587635996,-0.0002347666595596,65.18469501041766
2025-05-23,65.41,64.32,-0.0168045271024105,0.003215683040514,0.0,65.41,0.0040663990523395,65.67652469263022,0.0064116143621504,65.8307310366957,0.0039612785877703,65.66962110870358,0.0006793328793719,65.45445026019189
2025-05-30,64.32,68.02,0.0559311547083385,-0.0168045271024105,0.0,64.32,-0.0013881315702206,64.23077731814114,-0.0111118694767355,63.609240800305166,0.0029678602095408,64.51117632064869,-0.0110038099810481,63.61611475417841
2025-06-06,68.02,76.0,0.1109315607072818,0.0559311547083385,0.0,68.02,0.0077901282442121,68.55195382725769,0.0002571204095147,68.03749157887978,0.0089824636719386,68.63373949873328,-0.0016991100274026,67.90452466636592
2025-06-13,76.0,78.73,0.0352909369100447,0.1109315607072818,0.0,76.0,-0.0015384015617101,75.88317136902553,-0.016972929239273,74.72094275763733,-0.0015796274541891,75.88004308204536,-0.0136943645775318,74.96632222648381
2025-06-20,78.73,69.37,-0.1265697797991659,0.0352909369100447,0.0,78.73,-0.0028558338736757,78.50548094627908,-0.0042999694123864,78.39219021453619,-0.0081360091908548,78.09205069616876,-0.0027633467689156,78.51274202669258
2025-06-27,69.37,71.03,0.0236478256125086,-0.1265697797991659,0.0,69.37,0.0021169903667477,69.51701117746018,0.0250127669423818,71.12701797952333,-0.0031394083246242,69.15256073842276,0.0209624208509922,70.8395115835138
2025-07-04,71.03,72.06,0.0143967823102286,0.0236478256125086,0.0,71.03,-0.0057937399623403,70.61966049849495,-0.004275640938431,70.7269495532661,-0.0149653599419894,69.97492496348342,-0.008628592826426,70.41974764731087
2025-07-11,72.06,71.06,-0.0139745147270661,0.0143967823102286,0.0,72.06,-0.0089355674942379,71.4189712494041,-0.0122411446645855,71.18328009078222,-0.020614925198443,70.589695666986,-0.011497788131237,71.2362143191676
2025-07-18,71.06,69.23,-0.0260902959029469,-0.0139745147270661,0.0,71.06,-0.0049807201114809,70.70694998040385,-0.0125215305015444,70.17576756735768,-0.0084425115519665,70.46260045375244,-0.0179328545928001,69.79704935334436
2025-07-25,69.23,70.55,0.0188873836088888,-0.0260902959029469,0.0,69.23,0.0022795639099756,69.3879942200317,0.0056879911571741,69.62490166169579,0.0022564526511719,69.38639059467037,-0.0107791535556316,68.48776670932008
2025-08-01,70.55,67.17,-0.0490949590200498,0.0188873836088888,0.0,70.55,-0.0025463199119226,70.37058565031911,0.0026104997377842,70.73441135467138,-0.0039084806690488,70.27479485613215,-0.0078495573252439,69.9983815434057
2025-08-08,67.17,67.3,0.001933517371909,-0.0490949590200498,0.0,67.17,0.0057269174324744,67.55578065653397,0.0058866613544523,67.5665731438825,0.0056664419510412,67.551695311708,0.0043567204847931,67.46327931907742
2025-08-15,67.3,68.29,0.0146031063223159,0.001933517371909,0.0,67.3,-0.0016430006996284,67.18951683972348,-0.0057578897103667,66.91360749272799,-0.0021008005810005,67.15876452662454,-0.0028434309642761,67.10890890202589
2025-08-22,68.29,67.83,-0.0067587680150098,0.0146031063223159,0.0,68.29,0.0043201988582191,68.58566458506945,-0.016953831538558,67.14198199416846,0.0028263472747537,68.48328427096246,0.001291852327995,68.37827760401584
2025-08-29,67.83,64.92,-0.0438488323115976,-0.0067587680150098,0.0,67.83,-0.0016191315127271,67.72026317264307,-0.0105068879202008,67.1210487500608,-0.0034285095069716,67.59784240481464,-0.0102038439363241,67.14139246244012
2025-09-05,64.92,67.87,0.0444383680692765,-0.0438488323115976,0.0,64.92,-0.0040977567266528,64.65451794523273,0.0125848921015858,65.74217382843275,-0.0064665278882275,64.50154743525228,0.0048359502106904,65.23471023586532
2025-09-12,67.87,67.05,-0.0121555009879795,0.0444383680692765,0.0,67.87,-0.0042544084176771,67.58186665375986,-0.0141660934314131,66.9153252100936,-0.0097090100705885,67.21423803752654,-0.0037434289697557,67.61640842298762
2025-09-19,67.05,71.15,0.0593517148081739,-0.0121555009879795,0.0,67.05,-0.0025530652272613,66.87903531137727,-0.0064998120069503,66.61560089056495,-0.0091696638402028,66.43798431687735,-0.007041800301522,66.57950579708907
2025-09-26,71.15,66.13,-0.0731678228492905,0.0593517148081739,0.0,71.15,0.0022784661773905,71.31229769321088,-0.0328540354967117,68.85041749833567,-0.0046771840479135,70.81799538358442,-0.0108127873390913,70.38481452991626
2025-10-03,66.13,64.41,-0.0263536011277715,-0.0731678228492905,0.0,66.13,-0.0030049300201756,65.93158224280614,0.0155310845002532,67.16508782983706,-0.0064153139029101,65.70711321769608,0.0067246691323816,66.57620096517668
2025-10-10,64.41,61.23,-0.0506316350689361,-0.0263536011277715,0.0,64.41,-0.010243791594499,63.75356531371152,-0.012048446573317,63.63861587788365,-0.0111398165763811,63.69646611148244,-0.0178485792130231,63.27057184867466
2025-10-17,61.23,65.8,0.0719825728414084,-0.0506316350689361,0.0,61.23,-0.0064195082101999,60.838192463671845,-0.0060069416649639,60.863297444936585,-0.0013025093283136,61.150299270567025,-0.0007636264781467,61.18326099858382
2025-10-24,65.8,65.44,-0.0054861460367799,0.0719825728414084,0.0,65.8,-0.0070614986883853,65.33699008225608,-0.023024246096611,64.30231233330352,-0.0042099690206472,65.5235663353124,-0.0125705143436789,64.9780372273007
2025-10-31,65.44,63.72,-0.0266352072526438,-0.0054861460367799,0.0,65.44,-0.0003666178595412,65.41601292458542,0.0290213804692029,67.36698578481999,0.0073672693844526,65.92389441007595,0.0063301553018391,65.85555925260473
2025-11-07,63.72,63.45,-0.004246290881451,-0.0266352072526438,0.0,63.72,0.0009324519220798,63.77944354629242,0.0086304219439625,64.27231039394641,0.0091566029196819,64.30613815992422,-0.008451921865344,63.18371305886912
2025-11-14,63.45,62.78,-0.0106156427465891,-0.004246290881451,0.0,63.45,-0.0007938576879238,63.39964971782481,0.009227124042809,64.03817040811904,0.0071198386574837,63.90336579329742,-0.0120838563889265,62.687893180324515
2025-11-21,62.78,64.07,0.0203396842371225,-0.0106156427465891,0.0,62.78,-0.0029461728795666,62.595311462391486,-0.0060057174414396,62.40409099055025,0.0011385562033389,62.85151926507114,-0.0112300487235188,62.07892148206407
2025-11-28,64.07,64.42,0.0054479082521227,0.0203396842371225,0.0,64.07,0.0081310296224012,64.59307877051245,0.0055787437595427,64.42842897478057,0.0069377428840683,64.51604667605659,0.0004684744635596,64.10002219064602
2025-12-05,64.42,62.11,-0.0365171373318411,0.0054479082521227,0.0,64.42,-0.0028319126600187,64.23782625825304,-0.015574388206005,63.42447041688816,-0.0077133841303903,63.92501525221354,-0.0199813321232795,63.145577317271254
2025-12-12,62.11,61.35,-0.0123118354142911,-0.0365171373318411,0.0,62.11,0.0042470216172365,62.37434345148863,0.0037174883764237,62.341322906766806,0.0080335524975221,62.61097354996293,-0.0139690991491079,61.24841107294269
2025-12-19,61.35,63.7,0.0375893914211972,-0.0123118354142911,0.0,61.35,-0.00364821224253,61.12658995034863,-0.0048598563298583,61.05257113034504,0.0176283578273755,62.4410885470548,-0.0089078685268759,60.805929119482094
