date,P_t,P_next_actual,r_actual,r_now,r_hat_M0,P_hat_M0,r_hat_M1_Flat_Ridge,P_hat_M1_Flat_Ridge,r_hat_M1_Flat_XGB,P_hat_M1_Flat_XGB,r_hat_M3_Flat_Ridge,P_hat_M3_Flat_Ridge,r_hat_M3_Flat_XGB,P_hat_M3_Flat_XGB
2021-01-22,55.22,55.25,0.0005431338958538254,0.0076350125480385,0.0,55.22,0.007435683971505029,55.63212879980099,-0.04170706868171692,52.96430191381556,-0.0005224173181246033,55.191159649698314,-0.025479968637228012,53.8307700593717
2021-01-29,55.25,59.48,0.07377178119409217,0.0005431338958538,0.0,55.25,0.0006278633956875539,55.28470034501002,-0.02948440983891487,53.64476731372055,0.0010247422335681986,55.30664602723589,-0.0005825581029057503,55.21782303819937
2021-02-05,59.48,62.47,0.04904631991352435,0.0737717811940921,0.0,59.48,0.010299719423776695,60.09579311566538,0.030760986730456352,61.33809540026037,-0.021190494006309585,58.23284994706327,-0.019996101036667824,58.30244440693557
2021-02-12,62.47,62.84,0.005905371881942048,0.0490463199135243,0.0,62.47,0.009532193735082631,63.068323278902916,0.0324612632393837,64.53112752944827,-0.015791917416260084,61.49122760622893,0.013376637361943722,63.31125255714436
2021-02-19,62.84,65.86,0.046939463560797715,0.005905371881942,0.0,62.84,-0.00683421242494051,62.412002270769804,0.0002993089728988707,62.85881139092559,-0.05696057721162547,59.36063143447591,-0.05232442542910576,59.63647526456475
2021-02-26,65.86,69.95,0.06024942416327206,0.0469394635607977,0.0,65.86,0.0069050567178945855,66.31634075164173,0.0023294484708458185,66.0135963041725,-0.032719027384082666,63.739996212247114,-0.0074203135445714,65.37310683400057
2021-03-05,69.95,68.87,-0.015560031554883306,0.060249424163272,0.0,69.95,0.00860800052160157,70.55472865469599,0.003362351329997182,70.18559232566253,-0.021513634181751198,68.4611935302482,0.0036067129112780094,70.20274508363855
2021-03-12,68.87,64.0,-0.07333758619693505,-0.0155600315548833,0.0,68.87,0.01837214015150885,70.14698383649238,0.03782544657588005,71.52493399649676,-0.013743478176355642,67.92996115607748,0.02057849057018757,70.3019235264203
2021-03-19,64.0,63.77,-0.0036002230324915494,-0.073337586196935,0.0,64.0,0.02085793718349275,65.34892699271538,0.06157652288675308,68.06476009049136,-0.023754533516064418,62.49762461396904,0.034221548587083817,66.2280859442235
2021-03-26,63.77,63.85,0.0012537221513679736,-0.0036002230324915,0.0,63.77,0.02055253357548378,65.09419624791946,0.06993494182825089,68.38939728469258,-0.027167671816060536,62.060839645884336,-0.017852477729320526,62.64164939025004
2021-04-02,63.85,61.89,-0.031177966727278218,0.0012537221513679,0.0,63.85,0.013329452709577328,64.70678309472041,-0.02939814329147339,62.000251357312486,-0.05651400050134806,60.341650215746,-0.11182297021150589,57.09483243289724
2021-04-09,61.89,65.98,0.0639930500491652,-0.0311779667272782,0.0,61.89,0.0060264974180378045,62.26410606757526,0.02832258865237236,63.667944152749136,-0.033144450971342033,59.87231221462889,-0.0687023252248764,57.78078555265421
2021-04-16,65.98,65.75,-0.0034919947425615105,0.0639930500491652,0.0,65.98,0.0014083300981127353,66.072987082758,0.009498446248471737,66.60969330320866,0.00018542123301251647,65.99223522725457,-0.058354802429676056,62.239936733110945
2021-04-23,65.75,67.73,0.0296695421689385,-0.0034919947425615,0.0,65.75,-0.0006677137909508525,65.70611247202939,0.006938532460480928,66.20779488496909,-0.0054757262182871715,65.39095491456246,-0.0132920416072011,64.88183091630506
2021-04-30,67.73,68.73,0.01465657190670161,0.0296695421689385,0.0,67.73,0.002889948941844303,67.92601934835903,0.002954506315290928,67.93040461530599,0.05757430254505058,71.7439489414038,0.016434116289019585,68.8522792716161
2021-05-07,68.73,69.24,0.007392945174494417,0.0146565719067016,0.0,68.73,0.002212812999924067,68.88225503131417,0.0028666830621659756,68.92730980407714,0.019857480264715593,70.108445550887,-0.015421136282384396,67.6782358458707
2021-05-14,69.24,66.72,-0.037073972257517095,0.0073929451744944,0.0,69.24,0.0028668398950292585,69.43878480028259,0.007963016629219055,69.79356035146394,0.025663020113178763,71.03990421948042,-0.004111046902835369,68.95593541394028
2021-05-21,66.72,69.36,0.038805574421795073,-0.037073972257517,0.0,66.72,-0.007815255737031453,66.20059840903154,-0.02067381888628006,65.3548033423101,-0.02064345818509502,65.35678759008681,-0.021121570840477943,65.32554715164441
2021-05-28,69.36,71.3,0.027585994947963807,0.038805574421795,0.0,69.36,-0.007934390867091164,68.81184815069048,-0.009347788989543915,68.71465831385787,-0.016840359087327256,68.20173288413895,-0.00763847678899765,68.83221355835471
2021-06-04,71.3,72.05,0.010463995025280937,0.0275859949479638,0.0,71.3,-0.0052160714945165,70.92906236208107,0.00445598317310214,71.61842051158904,-0.016909529244400097,70.10448683347134,-0.01191096194088459,70.45578609423237
2021-06-11,72.05,73.1,0.014468044310201739,0.0104639950252809,0.0,72.05,-0.0063751165249175635,71.5921338800329,-0.013062293641269207,71.11498177906428,-0.013135261481936692,71.1097928617191,-0.0034581120125949383,71.80127333968571
2021-06-18,73.1,76.45,0.04480856561933865,0.0144680443102017,0.0,73.1,-0.01651320882699449,71.9027964755865,-0.0013697434915229678,72.99994029447917,-0.009003795102195037,72.44477675244481,0.01721780188381672,74.36951911950791
2021-06-25,76.45,77.51,0.013770027918348707,0.0448085656193386,0.0,76.45,0.003162488203815094,76.69215492740977,0.019091714173555374,77.92358340613671,-0.004300122605952668,76.12196143528023,0.005850851535797119,76.8986086915901
2021-07-02,77.51,77.14,-0.004785007513338353,0.0137700279183487,0.0,77.51,-0.017090850344621877,76.19654419928787,-0.0005912446067668498,77.46418617545244,-0.014978383618009666,76.35767699750764,-0.016256501898169518,76.26014519657264
2021-07-09,77.14,74.46,-0.03535988433551098,-0.0047850075133383,0.0,77.14,-0.0201092774333812,75.60426336759684,-0.006305192597210407,76.65514759324698,0.005138606974942998,77.53741234047779,0.01650726981461048,78.42393880070009
2021-07-16,74.46,74.86,0.005357634031712234,-0.0353598843355109,0.0,74.46,-0.03052395646600645,72.22152357852538,-0.01794435642659664,73.13577989231625,-0.014779671907894063,73.36759818510983,-0.010758412070572376,73.66322235348345
2021-07-23,74.86,77.72,0.03749292203295641,0.0053576340317122,0.0,74.86,-0.012985950111166726,73.89415654501032,-0.023810623213648796,73.09859009785127,-0.01795082682835888,73.52819040777561,-0.016411948949098587,73.64142842088592
2021-07-30,77.72,71.02,-0.09015109699429757,0.0374929220329564,0.0,77.72,-0.01548298585239294,76.52593007713844,-0.05310630798339844,73.70025922771742,-0.006539747250878829,77.21338920251875,-0.026278600096702576,75.70422902058726
2021-08-06,71.02,70.9,-0.0016910939768598886,-0.0901510969942975,0.0,71.02,-0.019339981039680185,69.65967131267118,-0.03327761963009834,68.69551463113375,0.001170528311312683,71.10317959320652,0.0005843446124345064,71.061512281933
2021-08-13,70.9,65.51,-0.07906763079429685,-0.0016910939768598,0.0,70.9,-0.012852419746823952,69.99459423067469,-0.02258034236729145,69.31699340194113,-0.005040584937363174,70.5435217122529,-0.009597349911928177,70.22280273877794
2021-08-20,65.51,72.26,0.09806792297570921,-0.0790676307942968,0.0,65.51,-0.02322855244499217,64.00583495007697,-0.06425139307975769,61.433261680997475,-0.008470507586191613,64.95744058122071,-0.031100738793611526,63.503947158944584
2021-08-27,72.26,73.07,0.011147160083632196,0.0980679229757092,0.0,72.26,-0.007821947052094682,71.69699089027785,-0.0318557545542717,69.99438126362394,-0.008867532144363153,71.62206476308934,-0.017085276544094086,71.03590469696238
2021-09-03,73.07,72.44,-0.008659252787913718,0.0111471600836321,0.0,73.07,-0.01202370295747193,72.19668876349658,-0.008332157507538795,72.46369865775861,-0.006420375470530651,72.60236596378536,-0.015427792444825172,71.95134260131977
2021-09-10,72.44,74.64,0.02991792352387589,-0.0086592527879137,0.0,72.44,-0.02220514618093636,70.84918669609212,-0.04146391898393631,69.4977733571762,-0.0072894341584267405,71.91387330220523,-0.012984680943191051,71.50547012883851
2021-09-17,74.64,77.42,0.036568588610413746,0.0299179235238758,0.0,74.64,-0.01254836757549706,73.70924180532555,-0.0146569749340415,73.55398170448444,-0.006034057732186875,74.19097401763332,-0.01101886760443449,73.8220663491072
2021-09-24,77.42,79.4,0.02525322310358813,0.0365685886104137,0.0,77.42,-0.003223492554410852,77.17083900649186,-0.03034675493836403,75.10584536869656,-0.0015124807060356512,77.30299225202491,-0.007456606719642878,76.84485648215154
2021-10-01,79.4,82.17,0.03429190369000646,0.0252532231035881,0.0,79.4,-0.006347806425068527,78.89758048782022,-0.03595992177724838,76.59550905291809,0.0069300073063521305,79.952153584549,0.0008100021514110267,79.46434022516462
2021-10-08,82.17,84.67,0.02997107571108943,0.0342919036900064,0.0,82.17,-0.00323600240883225,81.90452744863673,-0.00935671292245388,81.40474461965998,-0.002736749578589084,81.94542872496461,-0.01760922186076641,80.7357156179265
2021-10-15,84.67,85.43,0.008935979509341498,0.0299710757110894,0.0,84.67,-0.010592023191755841,83.77790627545218,-0.024450430646538734,82.62488588138652,-0.003173117254902785,84.4017579688063,-0.0038439480122178793,84.34515766032582
2021-10-22,85.43,83.1,-0.027652625302124888,0.0089359795093414,0.0,85.43,-0.001502000133423615,85.30178044560085,-0.009958086535334587,84.58350241053648,0.00324082504053867,85.70731280163227,-0.003796457080170512,85.1062835482613
2021-10-29,83.1,82.43,-0.008095253536266212,-0.0276526253021248,0.0,83.1,-0.0009472155643249118,83.0213236542167,0.030229125171899796,85.65039418474787,0.007160029962434117,83.69713368636735,0.0063418238423764706,83.62868018770858
2021-11-05,82.43,82.9,0.005685613816113168,-0.0080952535362662,0.0,82.43,-0.008992480456296328,81.6920727070502,0.008689363487064838,83.14938520557979,0.0038698305945018313,82.74960815174681,-0.008640477433800697,81.7208336252251
2021-11-12,82.9,80.24,-0.03261291848756931,0.0056856138161131,0.0,82.9,-0.008515093098091429,82.19709567714969,0.010376330465078354,83.76467611997273,0.03318672158378112,85.69733975228485,0.023096740245819092,84.83700288400972
2021-11-19,80.24,72.37,-0.10323029477564367,-0.0326129184875693,0.0,80.24,-0.010221798270072989,79.42398060477792,0.02170785702764988,82.00088178494138,0.02765067886018582,82.48964930616015,0.009185297414660454,80.98042356410879
2021-11-26,72.37,70.71,-0.023204843261887015,-0.1032302947756436,0.0,72.37,-0.018088556035821435,71.07269971653783,0.023793887346982956,74.11261318406893,0.03051417275412978,74.61234839780562,0.0037620568182319403,72.64277282365161
2021-12-03,70.71,74.98,0.058634405691616764,-0.023204843261887,0.0,70.71,-0.021201438652571816,69.22662666169255,-0.009015008807182312,70.07541342676947,0.031123033604436117,72.94531415266921,-0.00640972750261426,70.25821761605002
2021-12-10,74.98,72.97,-0.027173013530237298,0.0586344056916167,0.0,74.98,-0.00905213863107875,74.30433337316795,0.007911154069006443,75.57553089441745,0.037668432188556956,77.85824827201493,0.004128843545913696,75.29022067468463
2021-12-17,72.97,75.24,0.030634606655300933,-0.0271730135302372,0.0,72.97,-0.008370604004588595,72.3617463027413,0.006130348891019821,73.41870551401358,0.02096524986479132,74.51598362249214,0.005576246418058872,73.3780352965013
2021-12-24,75.24,77.24,0.026234453127484143,0.0306346066553009,0.0,75.24,-0.007105759524115648,74.70725766446009,-0.0005204855697229505,75.20084885542079,0.028708520451123452,77.43133354852186,0.010283365845680237,76.01771234307901
2021-12-31,77.24,82.28,0.06321060722444273,0.0262344531274841,0.0,77.24,0.00011410133142935588,77.2488136896569,0.007687686942517757,77.83608526213987,0.02850305884566825,79.47325233290047,-0.001318110735155642,77.13825619634743
2022-01-07,82.28,87.17,0.057732170238728335,0.0632106072244427,0.0,82.28,-0.0030468066857186125,82.02969026222641,-0.0007670529885217547,82.21691107947025,0.009265147849559993,83.04587887680776,-0.008795604109764099,81.5594710825653
2022-01-14,87.17,89.75,0.029167792344903538,0.0577321702387283,0.0,87.17,0.012439986264941794,88.26116657958404,0.009084055200219154,87.96546464402962,0.02614582672737334,89.47918798422107,0.009553387761116028,88.00675939054804
2022-01-21,89.75,91.47,0.018983022299884793,0.0291677923449035,0.0,89.75,-0.004877603375114411,89.31330098517019,-0.024180445820093155,87.60583291806736,-0.0015241944854216573,89.61330774418794,-0.0023514528293162584,89.53920504289758
2022-01-28,91.47,96.86,0.05725558730680989,0.0189830222998847,0.0,91.47,-0.0021833528128119045,91.2705065797215,0.00155672209803015,91.61250426129459,-0.016289982169935772,89.99202609838686,0.008871427737176418,92.28507960933842
2022-02-04,96.86,97.5,0.006585741028718476,0.0572555873068098,0.0,96.86,0.0020991739122954494,97.06353954285223,-0.005929355043917894,96.2873819758696,-0.012212763887009084,95.6842657855986,0.017860407009720802,98.60550029570307
2022-02-11,97.5,96.18,-0.013630942154284866,0.0065857410287184,0.0,97.5,-0.004051149837841762,97.10581188747621,-0.006310594268143177,96.88665438199459,-0.04637717552787956,93.08147663672631,-0.007737824693322182,96.74847343255047
2022-02-18,96.18,98.56,0.02444406393569308,-0.0136309421542848,0.0,96.18,-0.001194324256248551,96.06519846181105,-0.00323536922223866,95.86932503331984,-0.050210615253463424,91.46997904676644,0.007333225104957819,96.88790202067648
2022-02-25,98.56,123.86,0.22848639572470525,0.024444063935693,0.0,98.56,-0.004627102466669652,98.10500624403764,-0.01179271750152111,97.40453618289631,-0.05655349423254144,93.14077008455796,-0.018190598115324974,96.78334286842157
2022-03-04,123.86,118.11,-0.04753550188615907,0.2284863957247052,0.0,123.86,-0.005237260802805068,123.21300858720215,-0.007971971295773983,122.87651699300349,-0.05763441564885961,116.923219976476,-0.011211968958377838,122.47904162250383
2022-03-11,118.11,114.32,-0.03261486000214397,-0.047535501886159,0.0,118.11,-0.008714187128558324,117.08523882334451,-0.05044129863381386,112.30013849356004,-0.058829058586593264,111.36213127830388,-0.004787640646100044,117.54588323499901
2022-03-18,114.32,122.67,0.07049628942304882,-0.0326148600021439,0.0,114.32,-0.008896282380544943,113.30748747476059,-0.009342174977064133,113.25697576720052,-0.06513136541522316,107.11148074491649,0.008992624469101429,115.35267309084642
2022-03-25,122.67,106.13,-0.14483306527092962,0.0704962894230488,0.0,122.67,0.018936238840185023,125.01504147772968,-0.00837378017604351,121.64707722830667,-0.050083797573996176,116.67753579939453,-0.000741704017855227,122.57904890169675
2022-04-01,106.13,101.26,-0.04697329123196794,-0.1448330652709296,0.0,106.13,0.019696227546535675,108.24108256319876,-0.004398791119456291,105.66418156858904,-0.03860449487798113,102.11098019211765,-0.019602986052632332,104.06979415716695
2022-04-08,101.26,110.83,0.09030602924579843,-0.0469732912319679,0.0,101.26,0.005839165425537017,101.8530035289291,-0.013137135654687881,99.93843344988127,-0.02988901589447792,98.27822144237382,0.005430672783404589,101.81140582316525
2022-04-15,110.83,105.15,-0.052609593638852835,0.0903060292457984,0.0,110.83,0.02072524250026594,113.15094664042692,0.010522917844355106,112.00241276771233,-0.021886412678768768,108.43068090184437,-0.02463853731751442,108.13267641418011
2022-04-22,105.15,108.36,0.0300711150681855,-0.0526095936388528,0.0,105.15,-0.005340897392654518,104.5899016843875,-0.010307146236300468,104.07176985680226,0.021415554099092914,107.42613082453272,0.026118585839867592,107.93254924510751
2022-04-29,108.36,113.86,0.04951060630604147,0.0300711150681855,0.0,108.36,0.0034313107654585155,108.73245547434696,0.005304435268044472,108.93631576917369,0.026874010286036233,111.3115501136081,0.02501503750681877,111.10481718691135
2022-05-06,113.86,112.12,-0.01539989722634826,0.0495106063060414,0.0,113.86,0.0043204896987065824,114.3529951805145,0.006370025221258402,114.58760604577287,0.030583419722123355,117.39602441623008,0.02068086713552475,116.23924111759861
2022-05-13,112.12,113.63,0.01337782963333004,-0.0153998972263482,0.0,112.12,-0.007708722972163279,111.25902076914312,0.007334739901125431,112.94539436379598,0.011537200201143159,113.42104164406506,-0.019282180815935135,109.97879181045654
2022-05-20,113.63,121.19,0.06441200605047838,0.01337782963333,0.0,113.63,-0.0034333018043402495,113.24054286048514,-0.007566314190626144,112.77348413880371,0.01531027783015047,115.38309279442713,-0.004278664477169514,113.14485398410069
2022-05-27,121.19,125.68,0.03637943196696975,0.0644120060504783,0.0,121.19,0.0027468642264500695,121.52335009973423,0.001818317687138915,121.41056238597805,0.0024769279618622403,121.4905509675849,0.010725249536335468,122.49678827976724
2022-06-03,125.68,127.44,0.013906671654427218,0.0363794319669697,0.0,125.68,-0.005513534179857058,124.9889657951943,-0.03088289499282837,121.85795936587843,0.009236986159481066,126.84628259617963,-0.016087675467133522,123.67427790910496
2022-06-10,127.44,119.22,-0.06667513981001255,0.0139066716544272,0.0,127.44,-0.006257290587591763,126.64506056477254,-0.013192053884267807,125.76984526003983,0.005322182489783348,128.12006705169887,-0.00945689994841814,126.24049341704983
2022-06-17,119.22,117.36,-0.015724391957054218,-0.0666751398100125,0.0,119.22,-0.016008174387548646,117.32670001915541,-0.019711920991539955,116.89295538833649,0.03602837372615964,123.59361678033534,0.045084595680236816,124.71799161540056
2022-06-24,117.36,119.21,0.015640509895183893,-0.0157243919570542,0.0,117.36,-0.009821658426818189,116.21297224508811,-0.030169891193509102,113.87214029999005,0.011873255243692298,118.76175043825639,0.031726688146591187,121.14314004140591
2022-07-01,119.21,113.95,-0.045126888038216885,0.0156405098951838,0.0,119.21,-0.022126446126455708,116.60127370886826,-0.05275481194257736,113.08410476111537,0.019107283434192008,121.50967960815001,0.006788232829421759,120.02197806567598
2022-07-08,113.95,112.26,-0.01494214617763996,-0.0451268880382168,0.0,113.95,-0.010939844467973078,112.71019870449376,-0.03771762177348137,109.7321212018606,0.02741578417104788,117.11724650014553,0.048530589789152145,119.61644660484274
2022-07-15,112.26,106.77,-0.05014062132384229,-0.0149421461776399,0.0,112.26,-0.01755380850369881,110.30660438273993,-0.022504962980747223,109.76180914022662,-0.007448991949784419,111.42688295708378,0.011258203536272049,113.53098701979245
2022-07-22,106.77,111.51,0.04343728478705956,-0.0501406213238422,0.0,106.77,-0.01455750059701633,105.22695435539856,-0.03230099380016327,103.37632745167305,-0.018945691624698134,104.76621003482201,-0.007808060850948095,105.93957954858648
2022-07-29,111.51,100.31,-0.10584888208187673,0.0434372847870595,0.0,111.51,-0.010522462086452957,110.342791973477,-0.023180782794952393,108.95484062438528,-0.004385687924601106,111.02202277958568,0.0009136410662904382,111.61192667040778
2022-08-05,100.31,103.7,0.033236724340087835,-0.1058488820818767,0.0,100.31,-0.017000103839965953,98.61913276511987,-0.003604147583246231,99.94911868134113,-0.015250464649002603,98.79183170114186,0.021733729168772697,102.51397390473471
2022-08-12,103.7,96.45,-0.07247737588374359,0.0332367243400878,0.0,103.7,-0.010678850809777273,102.59849504233263,-0.03661710023880005,99.97148696659725,-0.019884486037465135,101.65834470192009,-0.026488428935408592,100.98921069166425
2022-08-19,96.45,101.13,0.047382078562340904,-0.0724773758837435,0.0,96.45,-0.019825323740049125,94.55667740473596,-0.03417819365859032,93.20921085206847,-0.01921839091423488,94.61408437547809,-0.026637231931090355,93.91475484040264
2022-08-26,101.13,93.09,-0.08284005078568042,0.0473820785623409,0.0,101.13,-0.000178440576346322,101.11195591446048,0.007063879165798426,101.84689916356295,-0.006078776874238187,100.51711796851092,-0.006305026821792126,100.49437854833559
2022-09-02,93.09,91.68,-0.015262514161969071,-0.0828400507856804,0.0,93.09,-0.013265811655569844,91.86324056335381,0.013651635497808456,94.3695448161759,-0.006425127347967162,92.49380226938078,0.012531967833638191,94.2639414197494
2022-09-09,91.68,89.43,-0.02484805660833964,-0.015262514161969,0.0,91.68,-0.004441242899098814,91.27372969136665,0.01373477466404438,92.94789131030731,0.0003974672730635534,91.71644704236792,-0.007714340928941965,90.9754702090747
2022-09-16,89.43,84.29,-0.05919296234869898,-0.0248480566083396,0.0,89.43,-0.018252919961084982,87.81244879381872,-0.00045010275789536536,89.38975636792574,-0.008161294019206615,88.70310570954092,-0.013784184120595455,88.20573752823171
2022-09-23,84.29,88.9,0.05324890851046811,-0.0591929623486989,0.0,84.29,-0.0013689239070373217,84.17469234558499,0.014211020432412624,85.49639868751899,-0.007552895345583865,83.65576462309232,-0.0026703726034611464,84.06521455727489
2022-09-30,88.9,98.88,0.10639485118952167,0.0532489085104681,0.0,88.9,-0.0007291369469858088,88.83520335109905,0.024021822959184647,91.06139646793123,0.0189096184708065,90.59705989122745,0.01436721533536911,90.1864647725917
2022-10-07,98.88,92.22,-0.06972996693082115,0.1063948511895216,0.0,98.88,-0.0014690426044966574,98.7348477108201,-0.0021252320148050785,98.6700802015247,0.002203975769356309,99.09816945585777,-0.013001819141209126,97.60270171754772
2022-10-14,92.22,91.82,-0.004346887957483551,-0.0697299669308211,0.0,92.22,-0.008036280949573966,91.48186407716636,0.02370615117251873,94.43230021779918,-0.014244601577406483,90.9156746945188,0.009713475592434406,93.12014139238543
2022-10-21,91.82,94.64,0.030250080849055453,-0.0043468879574835,0.0,91.82,-0.009708399432403564,90.93288795091179,0.017896944656968117,93.4780905790157,0.008635085023763542,92.61630664665748,-0.010182375088334084,90.88979818825554
2022-10-28,94.64,99.53,0.05037888658784077,0.0302500808490554,0.0,94.64,-0.004576922510818699,94.20782981273815,-0.018348651006817818,92.91931804042443,0.005275054542957907,95.14055021609089,-0.010259988717734814,93.67395892737517
2022-11-04,99.53,96.37,-0.032264156394776054,0.0503788865878407,0.0,99.53,-0.005485192467479345,98.98555335610523,0.001188560388982296,99.64836774518743,-0.015297225212998542,98.01905328463324,-0.01201578788459301,98.34122496898121
2022-11-11,96.37,88.93,-0.08034540645164731,-0.032264156394776,0.0,96.37,0.0016636561621943434,96.53045998246053,-0.008487757295370102,95.55549637386089,0.006969421182307471,97.0439890479853,0.07052053511142731,103.41142869944534
2022-11-18,88.93,83.4,-0.0642012340468476,-0.0803454064516473,0.0,88.93,-0.02644572196961529,86.60900737705084,-0.01272188127040863,87.80580917187571,-0.01925116125049077,87.23436803960172,0.012953566387295723,90.08945397837151
2022-11-25,83.4,86.54,0.036958425432037686,-0.0642012340468476,0.0,83.4,-0.005180026786679342,82.9691027591261,-0.010267242789268494,82.54809280410916,-0.0006058627134726199,83.34948635340905,-0.0028096495661884546,83.16600410334748
2022-12-02,86.54,76.37,-0.125016785896446,0.0369584254320376,0.0,86.54,-0.020906807917456298,84.7495068088718,-0.061189621686935425,81.4034058554967,-0.008401894685313082,85.81594600598838,-0.016322176903486252,85.13894405712317
2022-12-09,76.37,80.2,0.048933565972175935,-0.125016785896446,0.0,76.37,-0.020248968680039288,74.83913775943408,-0.021487435325980186,74.74650935394283,-0.003534915308607922,76.1005151016431,-0.02054625377058983,74.81689250634341
2022-12-16,80.2,82.45,0.027668534133139046,0.0489335659721759,0.0,80.2,-0.01798820555421759,78.77024384102717,-0.007347567938268185,79.6128846277622,-0.007342992197686457,79.61324891650267,0.016892405226826668,81.56627827312646
2022-12-23,82.45,82.82,0.004477529111813271,0.027668534133139,0.0,82.45,-0.011721612604510436,81.4891951328651,-0.024595273658633232,80.44685462003504,-0.0021318433155836664,82.27441674312496,-0.03270779922604561,79.79686753832146
2022-12-30,82.82,76.41,-0.08055600045794582,0.0044775291118132,0.0,82.82,-0.004786248800443851,82.42454999033407,0.0009410099592059851,82.89797112487032,-0.0011105298908679847,82.72807696552424,0.04077082499861717,86.26641900900076
2023-01-06,76.41,83.43,0.08789437925450803,-0.0805560004579458,0.0,76.41,-0.014495339189084395,75.31039992405738,-0.029894959181547165,74.15953258733255,-0.012383244278674462,75.46963073253467,-0.003147928509861231,76.1698449763015
2023-01-13,83.43,86.96,0.04144028589897068,0.087894379254508,0.0,83.43,-0.0022492665649951555,83.24255457687094,-0.018656332045793533,81.88793161460731,0.00019251066409023366,83.446062710777,0.0319753922522068,86.14081571005723
2023-01-20,86.96,85.36,-0.018570635819456064,0.0414402858989706,0.0,86.96,-0.0005397758541363516,86.91307375768992,0.012105366215109825,88.01907998853147,0.009927640905847232,87.82760717361143,0.011488599702715874,87.9648095053715
2023-01-27,85.36,78.85,-0.07933029358445057,-0.018570635819456,0.0,85.36,0.01260457742973647,86.44273610999895,0.019162526354193687,87.01148603644648,0.02892524956924446,87.86511518370394,0.0202472060918808,87.10591683662567
2023-02-03,78.85,85.46,0.0805011168068314,-0.0793302935844505,0.0,78.85,0.008713393790653057,79.54005308661691,0.05453725531697273,83.26968594597962,0.004756480921341556,79.2259418920874,0.014515428803861141,80.00288865527295
2023-02-10,85.46,81.97,-0.04169510355093954,0.0805011168068314,0.0,85.46,0.010479084302272759,86.36025121051199,0.024718230590224266,87.59874407586834,0.006325248890359526,86.00226895526546,0.0007538078352808952,85.52444470401291
2023-02-17,81.97,82.31,0.004139280319613421,-0.0416951035509395,0.0,81.97,0.011130001259770698,82.88742218771526,0.01606016606092453,83.29707984915582,0.0016660364953228885,82.10667883587126,-0.0045160469599068165,81.60065424979643
2023-02-24,82.31,85.74,0.04082685418527841,0.0041392803196134,0.0,82.31,0.005596922050473592,82.77197426498435,0.021222099661827087,84.07545812760858,0.0093521743501681,83.0833882648015,0.030932119116187096,84.89580882676802
2023-03-03,85.74,82.3,-0.04094835348680689,0.0408268541852784,0.0,85.74,0.01242790075411506,86.812217114063,-0.002298524370416999,85.54315083844436,0.019016634654107814,87.38608817771691,0.004549549892544746,86.13096709557459
2023-03-10,82.3,71.03,-0.14726878467330543,-0.0409483534868068,0.0,82.3,-0.0067987593779121345,81.74235988167742,-0.0004868978576269001,82.2599380601451,-0.03045722509716916,79.83115825613652,-0.012377055361866951,81.2876462465771
2023-03-17,71.03,73.63,0.03595022837090671,-0.1472687846733054,0.0,71.03,-0.008842950148537112,70.40465427652653,-0.001317253801971674,70.93649705951808,-0.012429317686889927,70.15260954255686,-0.015937529504299164,69.90693052772464
2023-03-24,73.63,79.19,0.07279747684169571,0.0359502283709067,0.0,73.63,-0.01762088376287724,72.343938375929,-0.03404797986149788,71.16524530593148,-0.01734524568213597,72.36388186872297,-0.05207277089357376,69.89399803187982
2023-03-31,79.19,86.56,0.0889877868758503,0.0727974768416957,0.0,79.19,-0.0016500127290827232,79.0594432317692,0.006110840011388063,79.67539900784648,-0.012948230432173817,78.17123943878765,-0.034109361469745636,76.53442707712294
2023-04-07,86.56,87.31,0.008627188724544795,0.0889877868758503,0.0,86.56,-0.008863540977165029,85.7961620482453,-0.03605436906218529,83.49472415064241,-0.011752163396809562,85.5486869341952,-0.07472751289606094,80.32736136481371
2023-04-14,87.31,83.36,-0.04629642581765948,0.0086271887245447,0.0,87.31,-0.006203902592349192,86.77001400684567,-0.00394850317388773,86.96593590399132,-0.0219698512353165,85.41272997180057,-0.04832708090543747,83.19089634559
2023-04-21,83.36,81.32,-0.024776589244910975,-0.0462964258176594,0.0,83.36,-0.00892454266729568,82.61935997583758,-0.006319320295006037,82.8348824008534,-0.01555640315261417,82.07325276207047,-0.04246893897652626,79.89391075392355
2023-04-28,81.32,75.85,-0.06963428296560463,-0.0247765892449109,0.0,81.32,-0.008245824127615823,80.6522066191313,-0.008442225866019726,80.63636794096807,0.01020306031455659,82.1539601026324,0.007549253758043051,81.93622842133486
2023-05-05,75.85,74.54,-0.017421811743428724,-0.0696342829656046,0.0,75.85,-0.008891387754010665,75.17857760067622,-0.011431103572249413,74.98788762961736,0.01562318735110375,77.0443240418646,0.0040757847018539906,76.15977913733207
2023-05-12,74.54,75.42,0.01173659777909868,-0.0174218117434287,0.0,74.54,-0.012046402062770656,73.64744800393484,-0.005958714988082647,74.09715807948804,0.0193792408405389,75.99861640259884,-0.006425186526030302,74.06260192455912
2023-05-19,75.42,76.33,0.011993553980167887,0.0117365977790986,0.0,75.42,-0.002665088558238965,75.2192666258593,0.0066210138611495495,75.9210136442719,0.017461344101459032,76.74849951105763,-0.001609486062079668,75.29871019450654
2023-05-26,76.33,76.0,-0.0043327055240478885,0.0119935539801678,0.0,76.33,-0.005166412649200029,75.93666466371754,-0.005803569220006466,75.88829652953551,0.01732887072616772,77.66423974854438,-0.01160053163766861,75.44964757076852
2023-06-02,76.0,74.74,-0.016717916228993327,-0.0043327055240478,0.0,76.0,0.0007851088774180402,76.05969170386092,0.011912014335393906,76.91072661471533,0.018869752523137724,77.44771726820433,-0.005848383065313101,75.55682009316162
2023-06-09,74.74,76.76,0.02666824708216149,-0.0167179162289933,0.0,74.74,-0.005951594834094406,74.29649888070647,-0.005809292662888765,74.30707218609449,0.001378892652746256,74.84312952279649,-0.024417176842689514,72.93715990547467
2023-06-16,76.76,73.56,-0.042582271403378905,0.0266682470821614,0.0,76.76,0.0005026349333966221,76.79859195550752,0.006328902207314968,77.24734709275602,0.007632175262645485,77.348087110434,-0.008480369113385677,76.1117992423967
2023-06-23,73.56,74.51,0.012831944829515884,-0.0425822714033789,0.0,73.56,-0.004330107141214375,73.2421659430631,0.004759784787893295,73.91096436381007,-0.0013198370090087893,73.46297683108614,-0.05699566751718521,69.48464078296142
2023-06-30,74.51,78.77,0.05559886914959665,0.0128319448295158,0.0,74.51,0.0032672057037621037,74.7538376139024,0.004004077520221472,74.80894190992024,0.00416591145031049,74.82104951467953,-0.01918768137693405,73.09395461924079
2023-07-07,78.77,79.9,0.014243639056996172,0.0555988691495966,0.0,78.77,-0.002325074455911647,78.58706663436665,-0.00687625166028738,78.2302156301801,-0.019913874676568112,77.21689954044773,-0.05933048203587532,74.23247565260118
2023-07-14,79.9,81.06,0.014413768427933437,0.0142436390569961,0.0,79.9,-0.005290120059016979,79.47843545395136,-0.02439141646027565,77.97470165403605,-0.0046542589643005314,79.52898876966549,-0.004078557249158621,79.57478692667755
2023-07-21,81.06,84.49,0.041443562964590806,0.0144137684279334,0.0,81.06,0.0004581357624888309,81.0971449929825,0.021075189113616943,82.78648391407623,-0.0044258125060530765,80.70203636254134,0.020097462460398674,82.70558091917935
2023-07-28,84.49,87.38,0.03363323935853649,0.0414435629645908,0.0,84.49,0.006130320534011359,85.0095416332237,0.008906140923500061,85.24584066229457,0.016573067965015193,85.9019261692834,-0.0021404463332146406,84.3093470972003
2023-08-04,87.38,87.93,0.006274619867621133,0.0336332393585364,0.0,87.38,-0.001225165552950456,87.27301058723758,0.0032509383745491505,87.6645292380879,-0.00916504317583568,86.58281721475828,-0.019151365384459496,85.72247627513424
2023-08-11,87.93,85.92,-0.023124412630356264,0.0062746198676211,0.0,87.93,-0.0008914501688055197,87.85164971453318,-0.002521221525967121,87.70858822257611,-0.004638044763057538,87.52312101483732,0.00746520422399044,88.58887165327296
2023-08-18,85.92,85.42,-0.005836365347234134,-0.0231244126303562,0.0,85.92,-0.00984650798527589,85.07813952861311,-0.021959617733955383,84.0537952097867,-0.007988794210264862,85.23633725792182,-0.025207675993442535,83.78122648519353
2023-08-25,85.42,89.98,0.052007157999705886,-0.0058363653472341,0.0,85.42,-0.004751222853562878,85.01511315931728,-0.013386595994234085,84.28413660462796,-0.011753915983504903,84.42185802659722,-0.006576496176421642,84.86007887424307
2023-09-01,89.98,91.85,0.020569388248108222,0.0520071579997058,0.0,89.98,-0.005609163615555258,89.4767003225887,-0.03308957815170288,87.05132134608063,-0.01473231137734907,88.66410352080644,-0.028009284287691116,87.49469291510479
2023-09-08,91.85,95.55,0.0394928590251474,0.0205693882481082,0.0,91.85,-0.010548711210146753,90.88619327207331,0.011186725459992886,92.88326940860175,-0.016839121017944984,90.31627625558107,-0.02284204214811325,89.77573879750345
2023-09-15,95.55,93.99,-0.016461277054071962,0.0394928590251474,0.0,95.55,-0.007664664925956549,94.82044075153638,-0.009540533646941185,94.64273677939202,-0.01942667845527837,93.71169476960287,-0.008419702760875225,94.74887475216379
2023-09-22,93.99,95.86,0.019700400099275317,-0.0164612770540719,0.0,93.99,-0.015371588531435186,92.55627196333216,-0.01745586469769478,92.36356003384698,-0.022797770832369616,91.87147806389757,-0.01695740409195423,92.40961110629904
2023-09-29,95.86,87.86,-0.0871441551838517,0.0197004000992753,0.0,95.86,-0.00678340610108772,95.2119431924052,-0.005180657841265202,95.36466632434518,-0.02025659743616969,93.93773754777096,-0.028718063607811928,93.14623989692888
2023-10-06,87.86,94.33,0.0710546341141284,-0.0871441551838517,0.0,87.86,-0.010844913580795475,86.91231396761725,-0.0018948279321193695,87.6936780433917,-0.02524266348417742,85.66993738274931,-0.005809420254081488,87.35106407915418
2023-10-13,94.33,93.72,-0.006487659022166963,0.0710546341141284,0.0,94.33,-0.01430103807735016,92.99058342985974,-0.039739545434713364,90.65487619701818,-0.015835492098736307,92.8480030746405,-0.034806013107299805,91.1032300340474
2023-10-20,93.72,90.73,-0.03242355045805734,-0.0064876590221669,0.0,93.72,-0.006725969435755542,93.09175728353893,-0.060857534408569336,88.18651668116894,-0.003005671712376031,93.43873135946417,-0.00921790674328804,92.86006725894313
2023-10-27,90.73,87.55,-0.03567800444967682,-0.0324235504580573,0.0,90.73,-0.009400484489766693,89.88109037456672,-0.05908225104212761,85.5247503764721,0.0006716328622860723,90.79095771790705,0.006784513127058744,91.34765173999936
2023-11-03,87.55,83.66,-0.045449092717808545,-0.0356780044496768,0.0,87.55,-0.008979712305872347,86.7673454530746,-0.05376911908388138,82.96683417176872,-0.007180498766168097,86.92359896037937,-0.01780661568045616,86.00482876017757
2023-11-10,83.66,81.22,-0.029599443755900578,-0.0454490927178085,0.0,83.66,-0.01463124800746767,82.44486096929266,-0.029665956273674965,81.21459803295757,-0.012681968330700228,82.60572579556592,-0.018496492877602577,82.1268064686066
2023-11-17,81.22,79.82,-0.017387422637563994,-0.0295994437559005,0.0,81.22,-0.01011693518281226,80.4024450727679,-0.043981242924928665,77.72525831079305,-0.00742599825574567,80.61909434527213,-0.006382676772773266,80.70324987134073
2023-11-24,79.82,78.72,-0.013876846876589792,-0.0173874226375639,0.0,79.82,-0.010630211760649778,78.9759904452527,-0.04096980765461922,76.61587433045243,-0.025045199124991216,77.84571854022009,-0.01430387981235981,78.68639114385117
2023-12-01,78.72,75.94,-0.035953697940341686,-0.0138768468765897,0.0,78.72,-0.009318767434168242,77.98983403491592,-0.017148764804005623,77.3815583457923,-0.02312237870234269,76.92068869254022,-5.286339728627354e-05,78.71583870335674
2023-12-08,75.94,76.84,0.011781783096699798,-0.0359536979403416,0.0,75.94,-0.003909950023950293,75.64365811369622,-0.03242724761366844,73.51697318086953,-0.01695530483974555,74.66326842334763,0.007979415357112885,76.5483808358935
2023-12-15,76.84,80.23,0.04317217186520878,0.0117817830966997,0.0,76.84,-0.0007358944752282423,76.78347466941361,-0.055701181292533875,72.67694118701208,-0.001148988332177368,76.75176243822737,-0.017837999388575554,75.48148078202776
2023-12-22,80.23,77.69,-0.03217096080323534,0.0431721718652087,0.0,80.23,-0.0030834203358940738,79.98299818735434,-0.02889661304652691,77.94480100311422,-0.0016229106939973567,80.0998994743431,0.00596282072365284,80.70982624390055
2023-12-29,77.69,78.31,0.007948759800517036,-0.0321709608032353,0.0,77.69,-0.0026162132885684712,77.48701203529691,-0.022382767871022224,75.97039926717135,-0.013900772323609971,76.61752041512267,0.004095590673387051,78.00883891056978
2024-01-05,78.31,79.89,0.019975379731104196,0.007948759800517,0.0,78.31,-0.005511315448884655,77.87959602268765,-0.046004608273506165,74.78899141023308,-0.013090215847950124,77.29158537298122,-0.016647184267640114,77.01715001300293
2024-01-12,79.89,80.71,0.010211794842330424,0.0199753797311041,0.0,79.89,0.0023292802310958794,80.07630308948092,-0.029740409925580025,77.54902201891525,4.8076148064947e-05,79.8938408957959,0.008545528165996075,80.57562759777088
2024-01-19,80.71,83.34,0.03206614265802647,0.0102117948423304,0.0,80.71,-0.0017524175048729013,80.56868623969947,0.006637015845626593,81.24745512508545,-0.006830268218594028,80.16060743723706,-0.0043646711856126785,80.35849504840043
2024-01-26,83.34,79.54,-0.04666858621476275,0.0320661426580264,0.0,83.34,0.010752332745469478,84.24093430378129,-0.0029071946628391743,83.09806624146235,0.023750873315236065,85.34309120303425,0.002375842072069645,83.53823807621886
2024-02-02,79.54,83.58,0.04954421724022457,-0.0466685862147627,0.0,79.54,0.0023000621542905064,79.72315749982279,-0.007561948616057634,78.94079105608192,0.00694866553784025,80.09462156514964,-0.006987154483795166,78.98617880263266
2024-02-09,83.58,84.88,0.015434237285958267,0.0495442172402245,0.0,83.58,0.0022991787364576586,83.77238643944871,-0.00015694342437200248,83.56688369787659,0.0012062195526104246,83.68087665767462,-0.028452718630433083,81.23543457653761
2024-02-16,84.88,84.18,-0.008281130963302998,0.0154342372859582,0.0,84.88,0.004297899762871124,85.24559080542629,-0.009013669565320015,84.11835748100108,0.014792102020641863,86.14488571512238,-0.0045328447595238686,84.49612282192237
2024-02-23,84.18,84.82,0.007574000704019899,-0.0082811309633029,0.0,84.18,-0.00220173228735694,83.99486206292707,-0.0134889530017972,83.05212397122332,0.009878214487338657,85.01566875785183,-0.022467559203505516,82.30976929809921
2024-03-01,84.82,84.29,-0.006268130037053695,0.0075740007040198,0.0,84.82,-0.003087645687512709,84.55850979508119,-0.03388310968875885,81.99417878829628,0.0141439798743289,86.0282167273476,-0.0063758003525435925,84.28092495767247
2024-03-08,84.29,85.39,0.012965763910123924,-0.0062681300370536,0.0,84.29,0.0007723728247338696,84.35512845388303,-0.005421010311692953,83.83429933581301,-0.007428821840540406,83.66614473096108,-0.012844713404774666,83.21424279403864
2024-03-15,85.39,84.87,-0.006108323937929177,0.0129657639101239,0.0,85.39,-0.007501841076299796,84.75181456630543,-0.011401409283280373,84.4219626427704,-0.0024723632259879497,85.17914566578918,-0.01630031131207943,84.00939909799845
2024-03-22,84.87,86.17,0.015201415270089925,-0.0061083239379291,0.0,84.87,0.009162151375776036,85.65116489821811,-0.0014914491912350059,84.74351505352176,0.02992431578777355,87.44805760882221,0.003316407324746251,85.15193072981737
2024-03-29,86.17,92.81,0.07423230335562608,0.0152014152700899,0.0,86.17,-0.004785724707988282,85.7585993123283,-0.012719531543552876,85.08089907710784,0.009315457814561905,86.9764634561175,-0.026145853102207184,83.9462099635016
2024-04-05,92.81,93.12,0.003334591375826262,0.074232303355626,0.0,92.81,0.0016659812492542704,92.96474858807437,0.0018393724458292127,92.98086925462177,0.014559758246539704,94.171176316069,-0.0359104759991169,89.53628092547565
2024-04-12,93.12,87.96,-0.0570068182965674,0.0033345913758262,0.0,93.12,-0.0008249778166906935,93.04320974519335,-0.0007788889342918992,93.04749810156733,0.01549727673234605,94.57434650758047,0.0035774479620158672,93.45372854655214
2024-04-19,87.96,89.95,0.022371794709981855,-0.0570068182965674,0.0,87.96,0.02094416290958921,89.82167614096075,-0.008908080868422985,87.17992485156032,0.010027876024984554,88.84648934916052,-0.00824954453855753,87.23735490712355
2024-04-26,89.95,83.6,-0.07321044030588626,0.0223717947099818,0.0,89.95,0.013967318534249934,91.21517528717736,-0.01749354973435402,88.39013873610989,0.012088667286827058,91.04397464783949,-0.0033728363923728466,89.64712442850764
2024-05-03,83.6,83.39,-0.002515121991761826,-0.0732104403058862,0.0,83.6,0.02880678023565918,86.04326923164899,0.0018215409945696592,83.75241960428063,0.023585567155280665,85.59518976596834,0.020090052857995033,85.2965128751518
2024-05-10,83.39,82.24,-0.013886596392039078,-0.0025151219917618,0.0,83.39,0.002216357281853461,83.5750270009628,-0.0012216671602800488,83.28818737873489,0.017378421778273593,84.8518521427241,-0.0049340324476361275,82.9795644180908
2024-05-17,82.24,78.92,-0.04120712055244034,-0.013886596392039,0.0,82.24,0.008870594202036057,82.97276288333758,-0.0011608995264396071,82.14458301842599,0.01653943131710497,83.6115135939914,0.0001573694753460586,82.25294308404892
2024-05-24,78.92,79.41,0.006189623752704915,-0.0412071205524403,0.0,78.92,0.026920193638695886,81.07339656312897,0.00994171667844057,79.70851337398118,0.01516691927582077,80.12609653330388,0.019818637520074844,80.49968880772421
2024-05-31,79.41,78.12,-0.01637819889864126,0.0061896237527049,0.0,79.41,0.03931561471065418,82.59423794988875,0.0219531562179327,81.17257640525702,0.00614735924551504,79.89966532999532,0.016362054273486137,80.71999863867757
2024-06-07,78.12,81.49,0.04223420732365022,-0.0163781988986412,0.0,78.12,0.034801653573023714,80.88656649877443,0.010824955068528652,78.97023908736875,0.003639747949110021,78.40485519586747,-0.004507025238126516,77.76870343430654
2024-06-14,81.49,86.42,0.05873881717165882,0.0422342073236502,0.0,81.49,0.027506504276830664,83.76261762857132,0.008025000803172588,82.14658835275769,0.023009898268091855,83.38681568867483,0.015711840242147446,82.78046913658977
2024-06-21,86.42,87.26,0.009673037191676392,0.0587388171716588,0.0,86.42,0.007982564326848728,87.11261394897383,0.0027092969976365566,86.65445490710981,0.0066745661014736305,86.99874529075666,0.006156735587865114,86.9537063480753
2024-06-28,87.26,88.66,0.015916661621443753,0.0096730371916763,0.0,87.26,0.024364767874978054,89.41218188304559,0.0064829932525753975,87.8275436944078,0.03369560042168988,90.25037642488574,0.009993467479944229,88.13640182507139
2024-07-05,88.66,87.35,-0.01488579273684196,0.0159166616214437,0.0,88.66,0.009365096542005971,89.49420958906043,-0.01225954294204712,87.57970441813963,0.01298295633265967,89.81857348918753,-0.005186142399907112,88.20138685925865
2024-07-12,87.35,85.19,-0.025038980525316418,-0.0148857927368419,0.0,87.35,0.0025702025255960707,87.5747959524241,0.0016473743598908186,87.49401674251106,0.016855674422747956,88.83482184291371,-0.01089452113956213,86.40352861612783
2024-07-19,85.19,81.35,-0.04612322238970236,-0.0250389805253164,0.0,85.19,-0.005356029536828578,84.73493959011705,-0.0008142624865286052,85.12066121259045,-0.005515929611161284,84.72139155017318,-0.005902453791350126,84.68865101167232
2024-07-26,81.35,78.35,-0.03757486486301699,-0.0461232223897023,0.0,81.35,-0.0076334702892821675,80.73138129960145,-0.0026899129152297974,81.13146962994553,-0.0128118951066288,80.31440049483041,-0.013519196771085262,80.25761407061418
2024-08-02,78.35,81.07,0.034127010197585954,-0.0375748648630169,0.0,78.35,-0.016582287391543868,77.06149052530826,-0.007449002005159855,77.76853903350353,-0.0022151581527095872,78.1766344456867,0.0010668697068467736,78.43363384680751
2024-08-09,81.07,81.56,0.00602596670663867,0.0341270101975859,0.0,81.07,-0.01059449786170833,80.2156378188622,-0.015160837210714817,79.85018103036639,-0.0019006305859327623,80.91606221417082,-0.004898809362202883,80.67382471090907
2024-08-16,81.56,80.34,-0.015071316775118236,0.0060259667066386,0.0,81.56,-0.009871082161605304,80.75887502911239,0.0023775615263730288,81.7541446220279,-0.0038110814250732466,81.24975974990112,-0.008011983707547188,80.90915337666904
2024-08-23,80.34,80.2,-0.0017441140586673676,-0.0150713167751182,0.0,80.34,-0.015557910923765916,79.0997503001847,-0.007419263012707233,79.74614212752911,-0.0017495520939474398,80.19956387075638,-0.006129360292106867,79.84907326452179
2024-08-30,80.2,72.82,-0.0965328721251816,-0.0017441140586673,0.0,80.2,-0.001355882221720867,80.09133193301614,-0.004108340945094824,79.87118695673603,0.01130117315760242,81.11149486684262,-0.006841988302767277,79.65314545762374
2024-09-06,72.82,73.68,0.01174074919976413,-0.0965328721251816,0.0,72.82,-0.017448668806089022,71.5604089880854,-0.009043341502547264,72.16443259952113,-0.011768898976003998,71.96801209022043,-0.007308254949748516,72.28975282539429
2024-09-13,73.68,75.96,0.03047549399703352,0.0117407491997641,0.0,73.68,-0.008099260337220655,73.0856566182184,0.001434551551938057,73.78577360905469,0.008592169071613387,74.31579855001468,-0.00514044938609004,73.30222349161363
2024-09-20,75.96,71.63,-0.05869290531772527,0.0304754939970335,0.0,75.96,-0.013419125436540865,74.94749191208797,-0.005879018921405077,75.5147398516035,-0.0079439300922433,75.35896950303594,-0.007982643321156502,75.35605217046896
2024-09-27,71.63,79.32,0.10197632302523525,-0.0586929053177252,0.0,71.63,-0.009427562908423538,70.95787688845301,0.0096220588311553,72.32255463149716,0.0120856217031798,72.50094544016049,0.000700552249327302,71.68019813877584
2024-10-04,79.32,80.27,0.011905648491890373,0.1019763230252352,0.0,79.32,-0.0047480711757263185,78.94427568310704,-0.00698670232668519,78.76774623425722,-0.0017560574364008218,79.18083175362486,0.0020706180948764086,79.48441158534507
2024-10-11,80.27,72.75,-0.09836704609188351,0.0119056484918903,0.0,80.27,-0.006984005010661881,79.71134700619966,-0.0021023666486144066,80.10142029937857,-0.006336612070084848,79.76296827735568,-0.008269463665783405,79.6089471947416
2024-10-18,72.75,75.62,0.0386918924111849,-0.0983670460918835,0.0,72.75,-0.015733876893140875,71.61431822319108,0.002750302432104945,72.95035990080062,-0.009557102457178016,72.05803266451474,-0.016048938035964966,71.59175888822065
2024-10-25,75.62,73.63,-0.02666824708216141,0.0386918924111849,0.0,75.62,-0.0024041147440236237,75.43841920105282,0.005771922878921032,76.0577348788208,-0.020777738098615505,74.06499809876301,-0.010058383457362652,74.8631975282183
2024-11-01,73.63,74.04,0.005552936324671497,-0.0266682470821614,0.0,73.63,-0.007248946357659285,73.09818993974496,0.00684692244976759,74.13586874573865,-0.016203497370326145,72.44655039302614,-0.012909553945064545,72.68557868809398
2024-11-08,74.04,73.45,-0.008000585085410516,0.0055529363246714,0.0,74.04,-0.003844808227332403,73.75587694817712,-0.004665348678827286,73.69538209023888,-0.01562788093304384,72.89190619887675,-0.0052223168313503265,73.65434753795677
2024-11-15,73.45,76.1,0.03544336224775383,-0.0080005850854105,0.0,73.45,-0.007708030393579792,72.88602154147739,0.0028259872924536467,73.65786233645552,-0.03525534000803724,70.90561047330296,-0.010533776134252548,72.68035489422944
2024-11-22,76.1,74.16,-0.025823343610040416,0.0354433622477538,0.0,76.1,0.004631202561716123,76.4532518740589,-0.019001904875040054,74.66760723408075,-0.014347086588629616,75.01598155819534,-0.007098516449332237,75.56171566859226
2024-11-29,74.16,73.78,-0.005137229089070089,-0.0258233436100404,0.0,74.16,-0.01368457757557824,73.15206404531185,-0.01572197861969471,73.00317567780736,-0.0312417558519263,71.87892924685912,-0.023374782875180244,72.44662895208818
2024-12-06,73.78,74.89,0.014932678092746073,-0.00513722908907,0.0,73.78,-0.005254492941168465,73.39334025089119,0.0012309688609093428,73.87087680434071,-0.0242762721797503,72.01046243011835,0.0021598150487989187,73.9395233627681
2024-12-13,74.89,73.19,-0.02296157064813999,0.014932678092746,0.0,74.89,-0.009480779168713585,74.18333958690022,-0.013313647359609604,73.89954883799818,-0.0345465359290386,72.34698894643931,-0.018597271293401718,73.5101211138436
2024-12-20,73.19,73.77,0.007893345283075101,-0.0229615706481399,0.0,73.19,-0.007171860804170306,72.66696930129051,-0.002457333030179143,73.01036859300781,-0.03324111993273692,70.79707453227738,-0.009748638607561588,72.47996370716031
2024-12-27,73.77,76.72,0.039210285678971876,0.0078933452830751,0.0,73.77,-0.0030817338534012938,73.54301043399443,0.004293942358344793,74.08744518568692,-0.029470592841307038,71.62767717908969,0.013679866679012775,74.7860979613401
2025-01-03,76.72,79.76,0.03885969507840028,0.0392102856789718,0.0,76.72,-0.001261474168974478,76.62328071901949,0.0030453812796622515,76.95399777715268,-0.03624662848035347,73.98895328251767,-0.0039033214561641216,76.42112086802216
2025-01-10,79.76,83.02,0.040059416971309686,0.0388596950784002,0.0,79.76,-0.0024452689275330937,79.56520361217994,-0.00636731693521142,79.2537562189219,-0.04199115301682854,76.48013031389421,-0.01945713348686695,78.22309935989611
2025-01-17,83.02,78.71,-0.05331133047053389,0.0400594169713096,0.0,83.02,0.004178703234332271,83.36764178257101,-0.002590605989098549,82.80520623392114,-0.009480308016714635,82.23666382947464,-0.002947669243440032,82.77564481546904
2025-01-24,78.71,77.11,-0.020537238309489416,-0.0533113304705338,0.0,78.71,0.0030798009036111223,78.95278480164433,0.020813487470149994,80.36539713293884,-0.011322864682548532,77.82380392798372,0.02595222368836403,80.77943661861289
2025-01-31,77.11,74.68,-0.032020655171347334,-0.0205372383094894,0.0,77.11,-0.007882228761355766,76.50459046292556,0.03249353915452957,79.65672884885342,-0.025799160769655233,75.14606952303774,0.015729842707514763,78.33251797188976
2025-02-07,74.68,75.19,0.00680592471641349,-0.0320206551713473,0.0,74.68,-0.0004932812404610197,74.64317084127572,2.5044268113560975e-05,74.68187032936314,-0.011522003892593712,73.82447489578578,-0.008650125935673714,74.0367945100014
2025-02-14,75.19,74.88,-0.004131411220598949,0.0068059247164134,0.0,75.19,-0.004576608142902879,74.84667107397601,-0.000557062856387347,75.148126108106,-0.02740580514833215,73.1573381012648,-0.006876407656818628,74.67473651950553
2025-02-21,74.88,74.76,-0.0016038495819744047,-0.0041314112205989,0.0,74.88,-0.0053347642406780665,74.4815964929197,-0.009603668935596943,74.16431935073308,-0.020844198389079378,73.33534094118717,-0.014265897683799267,73.81935310958801
2025-02-28,74.76,72.49,-0.03083436127457579,-0.0016038495819744,0.0,74.76,-0.01017857626784483,74.00290922772075,-0.004169529769569635,74.44893490267364,-0.02522693000548005,72.8976244877589,-0.013400016352534294,73.76489686666578
2025-03-07,72.49,71.94,-0.00761618304530851,-0.0308343612745757,0.0,72.49,-0.0032498955336274305,72.25479747160449,-0.005416746251285076,72.09840161627764,-0.027160651490680945,70.54762190704874,-0.029032278805971146,70.41570653757132
2025-03-14,71.94,72.64,0.009683296025560126,-0.0076161830453085,0.0,71.94,-0.014325123574157442,70.91679686325806,0.0036193770356476307,72.20084975599426,-0.019246643269907864,70.56863589401367,0.012640719301998615,72.85514520771176
2025-03-21,72.64,74.69,0.02783048007593736,0.0096832960255601,0.0,72.64,-0.0058553515011554105,72.21591007640599,0.0009803678840398788,72.71124884242853,-0.01073843003376801,71.86413369104939,-0.011340691708028316,71.82086570820509
2025-03-28,74.69,68.36,-0.08855835612158515,0.0278304800759373,0.0,74.69,-0.01016515810969612,73.93461017384779,-0.004049436189234257,74.38815916608792,-0.026366693509271913,72.7464073160028,-0.005129031836986542,74.30789336830688
2025-04-04,68.36,66.83,-0.02263577672441143,-0.0885583561215851,0.0,68.36,-0.024732079192841313,66.69005084516455,-0.09711363166570663,62.033479211190034,-0.026098806192662135,66.59896601028503,-0.03735189139842987,65.85372317598998
2025-04-11,66.83,69.33,0.036725631431420304,-0.0226357767244114,0.0,66.83,-0.009155158095300419,66.22095299931148,-0.018007712438702583,65.6373155667802,-0.022645711646142697,65.33359462239848,-0.0010282506700605154,66.76131732527452
2025-04-18,69.33,66.99,-0.03433435843422292,0.0367256314314203,0.0,69.33,-0.03286183452624216,67.08871704035909,-0.046945299953222275,66.15049761129166,-0.03849942161773158,66.71156267438535,-0.02270595356822014,67.77353363606143
2025-04-25,66.99,61.57,-0.08436861559705738,-0.0343343584342229,0.0,66.99,-0.00980325634299842,66.3364883623754,0.002627795562148094,67.16626752078092,-0.01117664562226288,66.24544507368327,-0.017066113650798798,65.85644127999804
2025-05-02,61.57,64.26,0.04276261476459379,-0.0843686155970573,0.0,61.57,-0.015069791468558465,60.64910918325414,0.002596854465082288,61.73009611259816,0.00019856841000112717,61.58222707091861,0.00504861818626523,61.881629408763835
2025-05-09,64.26,65.2,0.01452211524489489,0.0427626147645937,0.0,64.26,-0.00761669224407209,63.77241062275849,-0.01121814176440239,63.54315058713373,-0.001822199814619223,64.14301205998456,-0.014191518537700176,63.354493472409935
2025-05-16,65.2,65.41,0.003215683040514031,0.0145221152448948,0.0,65.2,-0.0007689777909488779,65.14988192034491,0.0031465478241443634,65.40547802181302,-0.009348576989723476,64.59331302868931,-0.002205910161137581,65.05633317380706
2025-05-23,65.41,64.32,-0.016804527102410545,0.003215683040514,0.0,65.41,0.0018031050886504192,65.5280474978878,0.008521182462573051,65.96975203249038,0.010883150674509474,66.12575465382992,0.018073860555887222,66.60295943559625
2025-05-30,64.32,68.02,0.05593115470833859,-0.0168045271024105,0.0,64.32,-0.002808486850403632,64.1396115536411,-0.006877589505165815,63.879151169396316,0.004387054025366097,64.60279518021648,-0.013535423204302788,63.455267044855525
2025-06-06,68.02,76.0,0.11093156070728181,0.0559311547083385,0.0,68.02,0.006762400760496046,68.48153729094979,-8.612472447566688e-05,68.01414204850201,-0.003252436528470498,67.799128647066,-0.0065373326651751995,67.57678094579143
2025-06-13,76.0,78.73,0.03529093691004477,0.1109315607072818,0.0,76.0,-0.006916104533629199,75.47618950743424,-0.02043086849153042,74.46300849423433,-0.012124697722696006,75.08408677908956,-0.01274198293685913,75.03775278461801
2025-06-20,78.73,69.37,-0.1265697797991659,0.0352909369100447,0.0,78.73,-0.0080061147240993,78.1021950802872,-0.0036374512128531933,78.44414367541093,-0.00990820242516986,77.95377905049749,-0.006321717519313097,78.23386105713963
2025-06-27,69.37,71.03,0.02364782561250864,-0.1265697797991659,0.0,69.37,-0.0019069214225942892,69.23784290755745,0.014050398953258991,70.35155565198133,-0.018047901980988486,68.12924721062475,0.024200286716222763,71.06925215384257
2025-07-04,71.03,72.06,0.014396782310228605,0.0236478256125086,0.0,71.03,-0.00961716075199254,70.35016734155604,0.0008891484467312694,71.09318430011976,-0.003872646310023006,70.7554578779848,0.004412950482219458,71.34414451503913
2025-07-11,72.06,71.06,-0.013974514727066104,0.0143967823102286,0.0,72.06,-0.010295864273271046,71.32188629999422,-0.014195915311574936,71.0442690159536,0.004058490274320749,72.35304907533609,-0.0167562123388052,70.86260723847928
2025-07-18,71.06,69.23,-0.02609029590294695,-0.0139745147270661,0.0,71.06,-0.004448471121826958,70.74459370011967,-0.012998870573937893,70.14227785501357,0.0048070931506766995,71.40241438883888,-0.018307071179151535,69.77093502630986
2025-07-25,69.23,70.55,0.018887383608888808,-0.0260902959029469,0.0,69.23,0.0022229737385476493,69.38406765264733,-0.005662104114890099,68.83912017753302,0.03162174425860713,71.45415383595648,0.005865954793989658,69.6372934650209
2025-08-01,70.55,67.17,-0.04909495902004982,0.0188873836088888,0.0,70.55,-0.0053470660139110235,70.1737712491018,-0.004356726538389921,70.24330152852342,0.010775633482827908,71.31433162513588,0.0035557716619223356,70.8013062197332
2025-08-08,67.17,67.3,0.0019335173719090062,-0.0490949590200498,0.0,67.17,0.0015725607348225036,67.27571200204483,3.0432245694100857e-05,67.1720441650474,0.005165931453028809,67.51789343884771,0.002090995665639639,67.31059912371212
2025-08-15,67.3,68.29,0.014603106322315935,0.001933517371909,0.0,67.3,-0.007233803653006072,66.8149216103262,-0.004625590983778238,66.98941659645968,0.005651936201779497,67.68145226286909,0.006999081466346979,67.77269045253338
2025-08-22,68.29,67.83,-0.006758768015009859,0.0146031063223159,0.0,68.29,0.0017961593806218935,68.41276994829323,-0.0002362059021834284,68.2738714038497,0.005707111440735681,68.68085289994043,-0.009735887870192528,67.62836225901441
2025-08-29,67.83,64.92,-0.04384883231159769,-0.0067587680150098,0.0,67.83,-0.0037025285640237067,67.57932184538912,-0.003548475680872798,67.58973343670803,0.010246534268336358,68.5285953980621,0.011254769749939442,68.59772320214333
2025-09-05,64.92,67.87,0.04443836806927653,-0.0438488323115976,0.0,64.92,-0.005536877868437832,64.5615391814453,0.008083140477538109,65.44688404994147,-0.006987224740522209,64.46797042501501,0.010969643481075764,65.6360695882799
2025-09-12,67.87,67.05,-0.012155500987979599,0.0444383680692765,0.0,67.87,-0.0073734057672440265,67.37140737237326,-0.004287399351596832,67.57963710164063,-0.01590312187556585,66.79919227915644,-0.005159936845302582,67.52069705189942
2025-09-19,67.05,71.15,0.05935171480817395,-0.0121555009879795,0.0,67.05,-0.005309842857511147,66.69491858394048,-0.004946672357618809,66.71914460968556,0.0012473269410506415,67.13368545210695,0.008631562814116478,67.63125123115809
2025-09-26,71.15,66.13,-0.07316782284929056,0.0593517148081739,0.0,71.15,-0.00037236333017537626,71.1235112810779,-0.006771009881049395,70.66986996393095,-0.013454261767248368,70.19914017719238,0.005463364068418741,71.53978214482136
2025-10-03,66.13,64.41,-0.02635360112777159,-0.0731678228492905,0.0,66.13,-0.004126100565132153,65.85770311810137,0.0017451979219913483,66.24551070378365,-0.0011901310259834475,66.05134345033596,0.010845472104847431,66.85111441506447
2025-10-10,64.41,61.23,-0.050631635068936184,-0.0263536011277715,0.0,64.41,-0.012346523514129668,63.61964950080548,-0.0055138347670435905,64.05583121403464,0.00013558023053434194,64.41873331466775,-0.019711269065737724,63.15282809061215
2025-10-17,61.23,65.8,0.07198257284140844,-0.0506316350689361,0.0,61.23,-0.009753357790596918,60.63570480050679,-0.005458659026771784,60.89667688407605,-0.01958554405232529,60.042444558687855,-0.007487352006137371,60.77326145155271
2025-10-24,65.8,65.44,-0.005486146036779942,0.0719825728414084,0.0,65.8,-0.009986169063680213,65.14618008713248,-0.020136019214987755,64.48830045899678,-0.017183749028191912,64.67896865937374,-0.027415204793214798,64.02058252039583
2025-10-31,65.44,63.72,-0.026635207252643837,-0.0054861460367799,0.0,65.44,-0.002324756952553339,65.2880446031444,0.019287174567580223,66.71440301468081,-0.0021091317559985617,65.30212386846226,0.027411947026848793,67.2586503077421
2025-11-07,63.72,63.45,-0.004246290881451097,-0.0266352072526438,0.0,63.72,-0.0019144757382417272,63.598126305299516,-0.0031285961158573627,63.52095737983603,-0.023814050298462532,62.22049423246461,-0.019902303814888,62.464361694862255
2025-11-14,63.45,62.78,-0.01061564274658919,-0.004246290881451,0.0,63.45,-0.0029681864919176583,63.26194779216306,0.005554803181439638,63.80343297838998,-0.004419829397934867,63.17018065709987,-0.006412124261260033,63.044452316212414
2025-11-21,62.78,64.07,0.020339684237122565,-0.0106156427465891,0.0,62.78,-0.005798434223212304,62.41702765209143,0.00873758364468813,63.330948977404795,-0.0041147165591569656,62.522208826939874,-0.005593852140009403,62.429798363920696
2025-11-28,64.07,64.42,0.005447908252122776,0.0203396842371225,0.0,64.07,0.0034867440892806163,64.29378560865374,-0.011608014814555645,63.330574425212994,-0.0013841885422982122,63.98137639013769,-0.01949814334511757,62.83285417355501
2025-12-05,64.42,62.11,-0.03651713733184117,0.0054479082521227,0.0,64.42,-0.006612294630617274,63.995441180790465,-0.0002546797622926533,64.40359561873373,0.0019926226182846755,64.54849272530977,-0.024117188528180122,62.884955595392455
2025-12-12,62.11,61.35,-0.012311835414291147,-0.0365171373318411,0.0,62.11,-0.0006053103975054167,62.07241554748846,0.009390674531459808,62.696001965651796,-0.011258547349633453,61.4146532660462,-0.026310918852686882,60.49713978985666
2025-12-19,61.35,63.7,0.03758939142119723,-0.0123118354142911,0.0,61.35,-0.009368477731603386,60.7779277981559,-0.025379182770848274,59.812578903081075,-0.001832555122607567,61.237675694902876,-0.018449146300554276,60.22852184147707
