date,P_t,P_next_actual,r_actual,r_now,r_hat_M0,P_hat_M0,r_hat_M1_Ridge,P_hat_M1_Ridge,r_hat_M1_XGB,P_hat_M1_XGB,r_hat_M2_Ridge,P_hat_M2_Ridge,r_hat_M2_XGB,P_hat_M2_XGB
2021-01-22,55.22,55.25,0.0005431338958538254,0.0076350125480385,0.0,55.22,0.007435683971505029,55.63212879980099,-0.04170706868171692,52.96430191381556,-0.01099818895557125,54.61600750590241,-0.0397755429148674,53.06670269071853
2021-01-29,55.25,59.48,0.07377178119409217,0.0005431338958538,0.0,55.25,0.0006278633956875539,55.28470034501002,-0.02948440983891487,53.64476731372055,-0.02550590625672556,53.85861833409103,-0.046647846698760986,52.73189515851994
2021-02-05,59.48,62.47,0.04904631991352435,0.0737717811940921,0.0,59.48,0.010299719423776695,60.09579311566538,0.030760986730456352,61.33809540026037,-0.01681338108945315,58.48830036656708,0.00400978047400713,59.71898055216903
2021-02-12,62.47,62.84,0.005905371881942048,0.0490463199135243,0.0,62.47,0.009532193735082631,63.068323278902916,0.0324612632393837,64.53112752944827,-0.017859378878724352,61.36422819130864,0.0172752533107996,63.558560582371015
2021-02-19,62.84,65.86,0.046939463560797715,0.005905371881942,0.0,62.84,-0.00683421242494051,62.412002270769804,0.0002993089728988707,62.85881139092559,-0.02125944854630559,61.51815686649265,-0.03170737251639366,60.87876581160547
2021-02-26,65.86,69.95,0.06024942416327206,0.0469394635607977,0.0,65.86,0.0069050567178945855,66.31634075164173,0.0023294484708458185,66.0135963041725,0.0050089489666685465,66.19071695966959,0.00026460320805199444,65.87742907307494
2021-03-05,69.95,68.87,-0.015560031554883306,0.060249424163272,0.0,69.95,0.00860800052160157,70.55472865469599,0.003362351329997182,70.18559232566253,0.016317904228907228,71.10080119708263,0.01730317249894142,71.17088908249109
2021-03-12,68.87,64.0,-0.07333758619693505,-0.0155600315548833,0.0,68.87,0.01837214015150885,70.14698383649238,0.03782544657588005,71.52493399649676,0.029326652368865856,70.91963410476838,0.04987289011478424,72.39183810434533
2021-03-19,64.0,63.77,-0.0036002230324915494,-0.073337586196935,0.0,64.0,0.02085793718349275,65.34892699271538,0.06157652288675308,68.06476009049136,0.029399691832027626,65.9095122761798,0.07111364603042603,68.717007426954
2021-03-26,63.77,63.85,0.0012537221513679736,-0.0036002230324915,0.0,63.77,0.02055253357548378,65.09419624791946,0.06993494182825089,68.38939728469258,0.02859013805755442,65.61950593915367,0.06991405040025711,68.3879685474479
2021-04-02,63.85,61.89,-0.031177966727278218,0.0012537221513679,0.0,63.85,0.013329452709577328,64.70678309472041,-0.02939814329147339,62.000251357312486,0.022794345000256205,65.32213334531227,-0.016209952533245087,62.8233380818274
2021-04-09,61.89,65.98,0.0639930500491652,-0.0311779667272782,0.0,61.89,0.0060264974180378045,62.26410606757526,0.02832258865237236,63.667944152749136,0.014051561478781392,62.765789837211486,0.019021494314074516,63.07850804762351
2021-04-16,65.98,65.75,-0.0034919947425615105,0.0639930500491652,0.0,65.98,0.0014083300981127353,66.072987082758,0.009498446248471737,66.60969330320866,0.01710644747425767,67.11839257013678,0.020025065168738365,67.31457164491674
2021-04-23,65.75,67.73,0.0296695421689385,-0.0034919947425615,0.0,65.75,-0.0006677137909508525,65.70611247202939,0.006938532460480928,66.20779488496909,0.01861420581413278,66.98534585403056,0.005856504663825035,66.13619495409166
2021-04-30,67.73,68.73,0.01465657190670161,0.0296695421689385,0.0,67.73,0.002889948941844303,67.92601934835903,0.002954506315290928,67.93040461530599,0.021620081300546528,69.21027225008442,0.004976317752152681,68.06788601817206
2021-05-07,68.73,69.24,0.007392945174494417,0.0146565719067016,0.0,68.73,0.002212812999924067,68.88225503131417,0.0028666830621659756,68.92730980407714,0.020081711163200955,70.12416779326468,0.002246715361252427,68.8845903419994
2021-05-14,69.24,66.72,-0.037073972257517095,0.0073929451744944,0.0,69.24,0.0028668398950292585,69.43878480028259,0.007963016629219055,69.79356035146394,0.020715330903266646,70.68928893487477,0.003932432737201452,69.51281770979887
2021-05-21,66.72,69.36,0.038805574421795073,-0.037073972257517,0.0,66.72,-0.007815255737031453,66.20059840903154,-0.02067381888628006,65.3548033423101,0.003956544366363673,66.98450355509902,-0.0062433029524981976,66.30474445892924
2021-05-28,69.36,71.3,0.027585994947963807,0.038805574421795,0.0,69.36,-0.007934390867091164,68.81184815069048,-0.009347788989543915,68.71465831385787,-0.0024970657031750452,69.18701958444187,-0.005741999018937349,68.96287618145014
2021-06-04,71.3,72.05,0.010463995025280937,0.0275859949479638,0.0,71.3,-0.0052160714945165,70.92906236208107,0.00445598317310214,71.61842051158904,-0.0032386080561234,71.06946076022044,0.004098562523722649,71.59282718328672
2021-06-11,72.05,73.1,0.014468044310201739,0.0104639950252809,0.0,72.05,-0.0063751165249175635,71.5921338800329,-0.013062293641269207,71.11498177906428,-0.002324838251459133,71.88268996372591,0.0019511374412104487,72.19071668679568
2021-06-18,73.1,76.45,0.04480856561933865,0.0144680443102017,0.0,73.1,-0.01651320882699449,71.9027964755865,-0.0013697434915229678,72.99994029447917,-0.013641234514030468,72.10959627981303,-0.002368807327002287,72.9270451136715
2021-06-25,76.45,77.51,0.013770027918348707,0.0448085656193386,0.0,76.45,0.003162488203815094,76.69215492740977,0.019091714173555374,77.92358340613671,0.0004637537687285848,76.48546219784768,0.00284430175088346,76.66775640451131
2021-07-02,77.51,77.14,-0.004785007513338353,0.0137700279183487,0.0,77.51,-0.017090850344621877,76.19654419928787,-0.0005912446067668498,77.46418617545244,-0.021922034880002068,75.82931242980173,-0.00837730709463358,76.86338714588406
2021-07-09,77.14,74.46,-0.03535988433551098,-0.0047850075133383,0.0,77.14,-0.0201092774333812,75.60426336759684,-0.006305192597210407,76.65514759324698,-0.023508513167175168,75.34770295563271,-0.010910115204751492,76.30296807316691
2021-07-16,74.46,74.86,0.005357634031712234,-0.0353598843355109,0.0,74.46,-0.03052395646600645,72.22152357852538,-0.01794435642659664,73.13577989231625,-0.034499064224274005,71.93500508805627,-0.011386975646018982,73.6169348838947
2021-07-23,74.86,77.72,0.03749292203295641,0.0053576340317122,0.0,74.86,-0.012985950111166726,73.89415654501032,-0.023810623213648796,73.09859009785127,-0.019775921853100124,73.39411685898385,-0.014517949894070625,73.78103738461452
2021-07-30,77.72,71.02,-0.09015109699429757,0.0374929220329564,0.0,77.72,-0.01548298585239294,76.52593007713844,-0.05310630798339844,73.70025922771742,-0.027914235019122748,75.58050575046005,-0.047194257378578186,74.13726943019924
2021-08-06,71.02,70.9,-0.0016910939768598886,-0.0901510969942975,0.0,71.02,-0.019339981039680185,69.65967131267118,-0.03327761963009834,68.69551463113375,-0.045698956428051656,67.84750213506788,-0.018685221672058105,69.70529657016101
2021-08-13,70.9,65.51,-0.07906763079429685,-0.0016910939768598,0.0,70.9,-0.012852419746823952,69.99459423067469,-0.02258034236729145,69.31699340194113,-0.04023233759786384,68.10414624385773,-0.018455980345606804,69.6034721419109
2021-08-20,65.51,72.26,0.09806792297570921,-0.0790676307942968,0.0,65.51,-0.02322855244499217,64.00583495007697,-0.06425139307975769,61.433261680997475,-0.04892266152877694,62.382210164758064,-0.0603582039475441,61.67289916206838
2021-08-27,72.26,73.07,0.011147160083632196,0.0980679229757092,0.0,72.26,-0.007821947052094682,71.69699089027785,-0.0318557545542717,69.99438126362394,-0.02843955861484096,70.2339046811986,-0.026279594749212265,70.3857713316469
2021-09-03,73.07,72.44,-0.008659252787913718,0.0111471600836321,0.0,73.07,-0.01202370295747193,72.19668876349658,-0.008332157507538795,72.46369865775861,-0.027469564132722567,71.09011671061127,-0.014750514179468155,72.00009018780389
2021-09-10,72.44,74.64,0.02991792352387589,-0.0086592527879137,0.0,72.44,-0.02220514618093636,70.84918669609212,-0.04146391898393631,69.4977733571762,-0.022057965349483358,70.85961510570999,-0.029430128633975983,70.33914729694058
2021-09-17,74.64,77.42,0.036568588610413746,0.0299179235238758,0.0,74.64,-0.01254836757549706,73.70924180532555,-0.0146569749340415,73.55398170448444,-0.012131312051735859,73.73998906298385,-0.016584813594818115,73.41231809107099
2021-09-24,77.42,79.4,0.02525322310358813,0.0365685886104137,0.0,77.42,-0.003223492554410852,77.17083900649186,-0.03034675493836403,75.10584536869656,-0.0010699148709580884,77.33721148691853,-0.01174169685691595,76.51627385142078
2021-10-01,79.4,82.17,0.03429190369000646,0.0252532231035881,0.0,79.4,-0.006347806425068527,78.89758048782022,-0.03595992177724838,76.59550905291809,-0.002030817768646916,79.2389166899555,-0.01154328417032957,78.48873286327594
2021-10-08,82.17,84.67,0.02997107571108943,0.0342919036900064,0.0,82.17,-0.00323600240883225,81.90452744863673,-0.00935671292245388,81.40474461965998,0.0013454102747382816,82.28062676478085,-0.008131803944706917,81.50451911703944
2021-10-15,84.67,85.43,0.008935979509341498,0.0299710757110894,0.0,84.67,-0.010592023191755841,83.77790627545218,-0.024450430646538734,82.62488588138652,-0.009352150425180996,83.88184464174343,-0.015413335524499416,83.3749589706639
2021-10-22,85.43,83.1,-0.027652625302124888,0.0089359795093414,0.0,85.43,-0.001502000133423615,85.30178044560085,-0.009958086535334587,84.58350241053648,-0.0017670768113441891,85.27917192964716,-0.013717050664126873,84.2661528855021
2021-10-29,83.1,82.43,-0.008095253536266212,-0.0276526253021248,0.0,83.1,-0.0009472155643249118,83.0213236542167,0.030229125171899796,85.65039418474787,-0.0012961057174013376,82.99236338416867,0.02609189972281456,85.29677120759555
2021-11-05,82.43,82.9,0.005685613816113168,-0.0080952535362662,0.0,82.43,-0.008992480456296328,81.6920727070502,0.008689363487064838,83.14938520557979,-0.010443195112016516,81.57364674182928,0.01324411854147911,83.52897409909282
2021-11-12,82.9,80.24,-0.03261291848756931,0.0056856138161131,0.0,82.9,-0.008515093098091429,82.19709567714969,0.010376330465078354,83.76467611997273,-0.00980015099722522,82.09153549006665,0.010495445691049099,83.77465436256566
2021-11-19,80.24,72.37,-0.10323029477564367,-0.0326129184875693,0.0,80.24,-0.010221798270072989,79.42398060477792,0.02170785702764988,82.00088178494138,-0.010071595049213471,79.43591123846562,0.02486426755785942,82.26011914623213
2021-11-26,72.37,70.71,-0.023204843261887015,-0.1032302947756436,0.0,72.37,-0.018088556035821435,71.07269971653783,0.023793887346982956,74.11261318406893,-0.01647216202841047,71.18767409936878,0.025146115571260452,74.21289814018435
2021-12-03,70.71,74.98,0.058634405691616764,-0.023204843261887,0.0,70.71,-0.021201438652571816,69.22662666169255,-0.009015008807182312,70.07541342676947,-0.019204251922771483,69.3650233177901,0.000469730410259217,70.74322243949362
2021-12-10,74.98,72.97,-0.027173013530237298,0.0586344056916167,0.0,74.98,-0.00905213863107875,74.30433337316795,0.007911154069006443,75.57553089441745,-0.008765424696668106,74.32564051531445,0.012639696709811687,75.93373924915814
2021-12-17,72.97,75.24,0.030634606655300933,-0.0271730135302372,0.0,72.97,-0.008370604004588595,72.3617463027413,0.006130348891019821,73.41870551401358,-0.008973079993231567,72.31816321829686,0.009593228809535503,73.67338638511734
2021-12-24,75.24,77.24,0.026234453127484143,0.0306346066553009,0.0,75.24,-0.007105759524115648,74.70725766446009,-0.0005204855697229505,75.20084885542079,-0.006551778203258956,74.74865555550907,0.00020627064805012196,75.25552140430932
2021-12-31,77.24,82.28,0.06321060722444273,0.0262344531274841,0.0,77.24,0.00011410133142935588,77.2488136896569,0.007687686942517757,77.83608526213987,0.0008353346023820868,77.30454820060733,0.01136998925358057,78.123229610476
2022-01-07,82.28,87.17,0.057732170238728335,0.0632106072244427,0.0,82.28,-0.0030468066857186125,82.02969026222641,-0.0007670529885217547,82.21691107947025,-0.004269393126567159,81.92946315579974,0.011391875334084034,83.22268277010126
2022-01-14,87.17,89.75,0.029167792344903538,0.0577321702387283,0.0,87.17,0.012439986264941794,88.26116657958404,0.009084055200219154,87.96546464402962,0.009833946434104072,88.03145391414603,0.017406703904271126,88.70062530280815
2022-01-21,89.75,91.47,0.018983022299884793,0.0291677923449035,0.0,89.75,-0.004877603375114411,89.31330098517019,-0.024180445820093155,87.60583291806736,0.002119501361212619,89.94042698100385,-0.004280661698430777,89.36663173289975
2022-01-28,91.47,96.86,0.05725558730680989,0.0189830222998847,0.0,91.47,-0.0021833528128119045,91.2705065797215,0.00155672209803015,91.61250426129459,0.00846916361838913,92.24796409873174,0.012644849717617035,92.63396799477749
2022-02-04,96.86,97.5,0.006585741028718476,0.0572555873068098,0.0,96.86,0.0020991739122954494,97.06353954285223,-0.005929355043917894,96.2873819758696,0.013295718856494044,98.15642266609049,0.00824807584285736,97.66221243271139
2022-02-11,97.5,96.18,-0.013630942154284866,0.0065857410287184,0.0,97.5,-0.004051149837841762,97.10581188747621,-0.006310594268143177,96.88665438199459,0.010528593658431933,98.53196089734524,0.008711475878953934,98.35307929304466
2022-02-18,96.18,98.56,0.02444406393569308,-0.0136309421542848,0.0,96.18,-0.001194324256248551,96.06519846181105,-0.00323536922223866,95.86932503331984,0.009208824069988426,97.0697953956202,0.00293140159919858,96.46235585281717
2022-02-25,98.56,123.86,0.22848639572470525,0.024444063935693,0.0,98.56,-0.004627102466669652,98.10500624403764,-0.01179271750152111,97.40453618289631,0.0018569685966361546,98.74319286393971,-0.0045247203670442104,98.11505095475118
2022-03-04,123.86,118.11,-0.04753550188615907,0.2284863957247052,0.0,123.86,-0.005237260802805068,123.21300858720215,-0.007971971295773983,122.87651699300349,-0.0021321462733250723,123.59619369933604,0.008861399255692959,124.96245032395575
2022-03-11,118.11,114.32,-0.03261486000214397,-0.047535501886159,0.0,118.11,-0.008714187128558324,117.08523882334451,-0.05044129863381386,112.30013849356004,-0.011620912146419932,116.74539838106959,-0.01769380457699299,116.03856457012296
2022-03-18,114.32,122.67,0.07049628942304882,-0.0326148600021439,0.0,114.32,-0.008896282380544943,113.30748747476059,-0.009342174977064133,113.25697576720052,-0.0072614162759152305,113.49288155138653,-0.0035330760292708874,113.91681141569926
2022-03-25,122.67,106.13,-0.14483306527092962,0.0704962894230488,0.0,122.67,0.018936238840185023,125.01504147772968,-0.00837378017604351,121.64707722830667,0.0188246410307992,125.00109085140464,0.0052648670971393585,123.31754436856265
2022-04-01,106.13,101.26,-0.04697329123196794,-0.1448330652709296,0.0,106.13,0.019696227546535675,108.24108256319876,-0.004398791119456291,105.66418156858904,0.016514955861969455,107.89728541814462,-0.0011566412867978215,106.00731662423829
2022-04-08,101.26,110.83,0.09030602924579843,-0.0469732912319679,0.0,101.26,0.005839165425537017,101.8530035289291,-0.013137135654687881,99.93843344988127,0.003776304729687794,101.6431115345989,-0.02644418552517891,98.6173570411715
2022-04-15,110.83,105.15,-0.052609593638852835,0.0903060292457984,0.0,110.83,0.02072524250026594,113.15094664042692,0.010522917844355106,112.00241276771233,0.01656659420657261,112.6813687306912,0.015469749458134174,112.557842520074
2022-04-22,105.15,108.36,0.0300711150681855,-0.0526095936388528,0.0,105.15,-0.005340897392654518,104.5899016843875,-0.010307146236300468,104.07176985680226,-0.0012179091912409095,105.02201480153586,-0.0027269108686596155,104.8636559169954
2022-04-29,108.36,113.86,0.04951060630604147,0.0300711150681855,0.0,108.36,0.0034313107654585155,108.73245547434696,0.005304435268044472,108.93631576917369,0.00835472608142508,109.2691105147511,0.009502100758254528,109.39455507731063
2022-05-06,113.86,112.12,-0.01539989722634826,0.0495106063060414,0.0,113.86,0.0043204896987065824,114.3529951805145,0.006370025221258402,114.58760604577287,0.004995826486232125,114.43024804783913,0.002862955443561077,114.18644317996876
2022-05-13,112.12,113.63,0.01337782963333004,-0.0153998972263482,0.0,112.12,-0.007708722972163279,111.25902076914312,0.007334739901125431,112.94539436379598,-0.005715266799125622,111.48103196217286,0.0010588034056127071,112.23877590690837
2022-05-20,113.63,121.19,0.06441200605047838,0.01337782963333,0.0,113.63,-0.0034333018043402495,113.24054286048514,-0.007566314190626144,112.77348413880371,-0.002349054077924981,113.36339024808512,0.006876953411847353,114.41412130879158
2022-05-27,121.19,125.68,0.03637943196696975,0.0644120060504783,0.0,121.19,0.0027468642264500695,121.52335009973423,0.001818317687138915,121.41056238597805,0.004499680783569782,121.73654503108409,0.01889343000948429,123.5014617449988
2022-06-03,125.68,127.44,0.013906671654427218,0.0363794319669697,0.0,125.68,-0.005513534179857058,124.9889657951943,-0.03088289499282837,121.85795936587843,-0.003840801176301169,125.19821392269435,-0.0024250734131783247,125.37558603572515
2022-06-10,127.44,119.22,-0.06667513981001255,0.0139066716544272,0.0,127.44,-0.006257290587591763,126.64506056477254,-0.013192053884267807,125.76984526003983,-0.005588051702245113,126.72984473120566,-0.008019925095140934,126.42202823079906
2022-06-17,119.22,117.36,-0.015724391957054218,-0.0666751398100125,0.0,119.22,-0.016008174387548646,117.32670001915541,-0.019711920991539955,116.89295538833649,-0.0160793340097413,117.318351392555,0.0002466670121066272,119.24941126842907
2022-06-24,117.36,119.21,0.015640509895183893,-0.0157243919570542,0.0,117.36,-0.009821658426818189,116.21297224508811,-0.030169891193509102,113.87214029999005,-0.011764407227441223,115.98741880042586,-0.0015234791208058596,117.18134061685774
2022-07-01,119.21,113.95,-0.045126888038216885,0.0156405098951838,0.0,119.21,-0.022126446126455708,116.60127370886826,-0.05275481194257736,113.08410476111537,-0.026060941330601058,116.14340788276836,-0.023046957328915596,116.49399031555633
2022-07-08,113.95,112.26,-0.01494214617763996,-0.0451268880382168,0.0,113.95,-0.010939844467973078,112.71019870449376,-0.03771762177348137,109.7321212018606,-0.014535767639481742,112.30562932545499,0.021666329354047775,116.44581820599454
2022-07-15,112.26,106.77,-0.05014062132384229,-0.0149421461776399,0.0,112.26,-0.01755380850369881,110.30660438273993,-0.022504962980747223,109.76180914022662,-0.019300115238225894,110.11414331358469,0.018025916069746017,114.30193794812953
2022-07-22,106.77,111.51,0.04343728478705956,-0.0501406213238422,0.0,106.77,-0.01455750059701633,105.22695435539856,-0.03230099380016327,103.37632745167305,-0.013373396361734522,105.35162783634792,-0.007179378531873226,106.0062028293839
2022-07-29,111.51,100.31,-0.10584888208187673,0.0434372847870595,0.0,111.51,-0.010522462086452957,110.342791973477,-0.023180782794952393,108.95484062438528,-0.00621261046667494,110.81937930682989,-0.00042194590787403286,111.46295873694513
2022-08-05,100.31,103.7,0.033236724340087835,-0.1058488820818767,0.0,100.31,-0.017000103839965953,98.61913276511987,-0.003604147583246231,99.94911868134113,-0.008186477601743151,99.49216658671557,-0.0027279765345156193,100.03672958093803
2022-08-12,103.7,96.45,-0.07247737588374359,0.0332367243400878,0.0,103.7,-0.010678850809777273,102.59849504233263,-0.03661710023880005,99.97148696659725,-0.0034691299779722466,103.34087450795819,-0.01855449564754963,101.79363927372525
2022-08-19,96.45,101.13,0.047382078562340904,-0.0724773758837435,0.0,96.45,-0.019825323740049125,94.55667740473596,-0.03417819365859032,93.20921085206847,-0.014385788554733025,95.07242321554794,-0.08286876976490021,88.77951794197337
2022-08-26,101.13,93.09,-0.08284005078568042,0.0473820785623409,0.0,101.13,-0.000178440576346322,101.11195591446048,0.007063879165798426,101.84689916356295,0.00789644660743483,101.9317288841698,-0.0622674822807312,95.02493545505423
2022-09-02,93.09,91.68,-0.015262514161969071,-0.0828400507856804,0.0,93.09,-0.013265811655569844,91.86324056335381,0.013651635497808456,94.3695448161759,-0.0049492304533767465,92.63041437281043,-0.060752883553504944,87.60288082877987
2022-09-09,91.68,89.43,-0.02484805660833964,-0.015262514161969,0.0,91.68,-0.004441242899098814,91.27372969136665,0.01373477466404438,92.94789131030731,-0.0013257696187966325,91.55853397712153,-0.07468805462121964,85.08205964269062
2022-09-16,89.43,84.29,-0.05919296234869898,-0.0248480566083396,0.0,89.43,-0.018252919961084982,87.81244879381872,-0.00045010275789536536,89.38975636792574,-0.01591877914266185,88.01765481161806,-0.014131325297057629,88.17512299882475
2022-09-23,84.29,88.9,0.05324890851046811,-0.0591929623486989,0.0,84.29,-0.0013689239070373217,84.17469234558499,0.014211020432412624,85.49639868751899,-0.009095457960943206,83.5268198462902,0.004198440350592136,84.64463046365597
2022-09-30,88.9,98.88,0.10639485118952167,0.0532489085104681,0.0,88.9,-0.0007291369469858088,88.83520335109905,0.024021822959184647,91.06139646793123,-0.011831204737260145,87.85440342903887,0.00948189478367567,89.74694944352399
2022-10-07,98.88,92.22,-0.06972996693082115,0.1063948511895216,0.0,98.88,-0.0014690426044966574,98.7348477108201,-0.0021252320148050785,98.6700802015247,-0.008986535407440604,97.99539211220721,-0.0013256433885544538,98.74900722577542
2022-10-14,92.22,91.82,-0.004346887957483551,-0.0697299669308211,0.0,92.22,-0.008036280949573966,91.48186407716636,0.02370615117251873,94.43230021779918,-0.015581524038020897,90.79420870039763,0.003418670268729329,92.5358092885149
2022-10-21,91.82,94.64,0.030250080849055453,-0.0043468879574835,0.0,91.82,-0.009708399432403564,90.93288795091179,0.017896944656968117,93.4780905790157,-0.015688273182900246,90.39074335485653,0.019786885008215904,93.65492564558643
2022-10-28,94.64,99.53,0.05037888658784077,0.0302500808490554,0.0,94.64,-0.004576922510818699,94.20782981273815,-0.018348651006817818,92.91931804042443,-0.00931758126818596,93.7622795745783,-0.011552783660590649,93.55293595279699
2022-11-04,99.53,96.37,-0.032264156394776054,0.0503788865878407,0.0,99.53,-0.005485192467479345,98.98555335610523,0.001188560388982296,99.64836774518743,-0.01085215520501984,98.45572463696233,0.01853407360613346,101.3918973186443
2022-11-11,96.37,88.93,-0.08034540645164731,-0.032264156394776,0.0,96.37,0.0016636561621943434,96.53045998246053,-0.008487757295370102,95.55549637386089,-0.004266705359966866,95.95969355527464,-0.0002777162299025804,96.34324020291126
2022-11-18,88.93,83.4,-0.0642012340468476,-0.0803454064516473,0.0,88.93,-0.02644572196961529,86.60900737705084,-0.01272188127040863,87.80580917187571,-0.031008749761160182,86.21470835224417,-0.002384537598118186,88.71819569941873
2022-11-25,83.4,86.54,0.036958425432037686,-0.0642012340468476,0.0,83.4,-0.005180026786679342,82.9691027591261,-0.010267242789268494,82.54809280410916,-0.011047404817215948,82.48371703165571,-0.024579711258411407,81.37504049038373
2022-12-02,86.54,76.37,-0.125016785896446,0.0369584254320376,0.0,86.54,-0.020906807917456298,84.7495068088718,-0.061189621686935425,81.4034058554967,-0.027304075648750623,84.20907201984674,-0.05521390587091446,81.89130579917571
2022-12-09,76.37,80.2,0.048933565972175935,-0.125016785896446,0.0,76.37,-0.020248968680039288,74.83913775943408,-0.021487435325980186,74.74650935394283,-0.029400045970079048,74.1574030863111,-0.020731274038553238,74.80305114534934
2022-12-16,80.2,82.45,0.027668534133139046,0.0489335659721759,0.0,80.2,-0.01798820555421759,78.77024384102717,-0.007347567938268185,79.6128846277622,-0.028471975254095696,77.94874845377947,-0.010474552400410175,79.3643251978177
2022-12-23,82.45,82.82,0.004477529111813271,0.027668534133139,0.0,82.45,-0.011721612604510436,81.4891951328651,-0.024595273658633232,80.44685462003504,-0.025518963994721356,80.37258094607215,-0.008183072321116924,81.77805870879253
2022-12-30,82.82,76.41,-0.08055600045794582,0.0044775291118132,0.0,82.82,-0.004786248800443851,82.42454999033407,0.0009410099592059851,82.89797112487032,-0.022228958763579495,80.99930864214411,0.005967713892459869,83.31572376215617
2023-01-06,76.41,83.43,0.08789437925450803,-0.0805560004579458,0.0,76.41,-0.014495339189084395,75.31039992405738,-0.029894959181547165,74.15953258733255,-0.03665786202908398,73.6596909684766,-0.009792022407054901,75.66544287712385
2023-01-13,83.43,86.96,0.04144028589897068,0.087894379254508,0.0,83.43,-0.0022492665649951555,83.24255457687094,-0.018656332045793533,81.88793161460731,-0.026269569522416575,81.26686650266195,-0.016152024269104004,82.09326119548855
2023-01-20,86.96,85.36,-0.018570635819456064,0.0414402858989706,0.0,86.96,-0.0005397758541363516,86.91307375768992,0.012105366215109825,88.01907998853147,-0.008478059221691188,86.22586438998434,0.007512303534895182,87.6157298524148
2023-01-27,85.36,78.85,-0.07933029358445057,-0.018570635819456,0.0,85.36,0.01260457742973647,86.44273610999895,0.019162526354193687,87.01148603644648,0.010316233848925492,86.24515158657303,0.017600025981664658,86.87563671704496
2023-02-03,78.85,85.46,0.0805011168068314,-0.0793302935844505,0.0,78.85,0.008713393790653057,79.54005308661691,0.05453725531697273,83.26968594597962,0.008368635733219795,79.51263573887397,0.03161553665995598,81.38271060912203
2023-02-10,85.46,81.97,-0.04169510355093954,0.0805011168068314,0.0,85.46,0.010479084302272759,86.36025121051199,0.024718230590224266,87.59874407586834,0.012408625619181095,86.52704775202001,0.00951224472373724,86.27679505248881
2023-02-17,81.97,82.31,0.004139280319613421,-0.0416951035509395,0.0,81.97,0.011130001259770698,82.88742218771526,0.01606016606092453,83.29707984915582,0.01182998278011419,82.94546216260068,0.005529582034796476,82.4245153211545
2023-02-24,82.31,85.74,0.04082685418527841,0.0041392803196134,0.0,82.31,0.005596922050473592,82.77197426498435,0.021222099661827087,84.07545812760858,0.004938033232873153,82.71745469986874,0.007993733510375023,82.97060102181717
2023-03-03,85.74,82.3,-0.04094835348680689,0.0408268541852784,0.0,85.74,0.01242790075411506,86.812217114063,-0.002298524370416999,85.54315083844436,0.011210509784099466,86.70659700838722,-0.005045801866799593,85.30846258965828
2023-03-10,82.3,71.03,-0.14726878467330543,-0.0409483534868068,0.0,82.3,-0.0067987593779121345,81.74235988167742,-0.0004868978576269001,82.2599380601451,-0.008337108060691812,81.61670830277629,0.0022476257290691137,82.4851876357886
2023-03-17,71.03,73.63,0.03595022837090671,-0.1472687846733054,0.0,71.03,-0.008842950148537112,70.40465427652653,-0.001317253801971674,70.93649705951808,-0.004207516050509629,70.73176798290307,0.001433399273082614,71.13188735555265
2023-03-24,73.63,79.19,0.07279747684169571,0.0359502283709067,0.0,73.63,-0.01762088376287724,72.343938375929,-0.03404797986149788,71.16524530593148,-0.015625723513641034,72.4884202103284,-0.0252941083163023,71.79095140155131
2023-03-31,79.19,86.56,0.0889877868758503,0.0727974768416957,0.0,79.19,-0.0016500127290827232,79.0594432317692,0.006110840011388063,79.67539900784648,-0.00015499669805839702,79.17772676266095,8.743345097173005e-05,79.19692415767953
2023-04-07,86.56,87.31,0.008627188724544795,0.0889877868758503,0.0,86.56,-0.008863540977165029,85.7961620482453,-0.03605436906218529,83.49472415064241,-0.004772279644679081,86.14789559481635,-0.03280413895845413,83.766542713727
2023-04-14,87.31,83.36,-0.04629642581765948,0.0086271887245447,0.0,87.31,-0.006203902592349192,86.77001400684567,-0.00394850317388773,86.96593590399132,-0.0036081737757976727,86.99553800555886,-0.008060921914875507,86.60902993574749
2023-04-21,83.36,81.32,-0.024776589244910975,-0.0462964258176594,0.0,83.36,-0.00892454266729568,82.61935997583758,-0.006319320295006037,82.8348824008534,-0.002687201559091178,83.13629558207955,-0.004545552656054497,82.98194262140512
2023-04-28,81.32,75.85,-0.06963428296560463,-0.0247765892449109,0.0,81.32,-0.008245824127615823,80.6522066191313,-0.008442225866019726,80.63636794096807,-0.002356061444268224,81.12863061089642,-0.014571962878108025,80.14360002367465
2023-05-05,75.85,74.54,-0.017421811743428724,-0.0696342829656046,0.0,75.85,-0.008891387754010665,75.17857760067622,-0.011431103572249413,74.98788762961736,-0.003215205890982061,75.6065182648739,-0.014682097360491753,74.74449831567823
2023-05-12,74.54,75.42,0.01173659777909868,-0.0174218117434287,0.0,74.54,-0.012046402062770656,73.64744800393484,-0.005958714988082647,74.09715807948804,-0.003315744258840087,74.29325372278606,-0.0034415533300489187,74.28390754546739
2023-05-19,75.42,76.33,0.011993553980167887,0.0117365977790986,0.0,75.42,-0.002665088558238965,75.2192666258593,0.0066210138611495495,75.9210136442719,0.003789478518078142,75.7063446756695,0.017538433894515038,76.75441626506004
2023-05-26,76.33,76.0,-0.0043327055240478885,0.0119935539801678,0.0,76.33,-0.005166412649200029,75.93666466371754,-0.005803569220006466,75.88829652953551,-0.001194581019563549,76.23887207146042,0.009533409029245377,77.06116482014616
2023-06-02,76.0,74.74,-0.016717916228993327,-0.0043327055240478,0.0,76.0,0.0007851088774180402,76.05969170386092,0.011912014335393906,76.91072661471533,0.0035444799515658683,76.269858447721,0.021397162228822708,77.64370694929367
2023-06-09,74.74,76.76,0.02666824708216149,-0.0167179162289933,0.0,74.74,-0.005951594834094406,74.29649888070647,-0.005809292662888765,74.30707218609449,-0.005101684232299094,74.35967110435007,-0.006434768438339233,74.2606094446718
2023-06-16,76.76,73.56,-0.042582271403378905,0.0266682470821614,0.0,76.76,0.0005026349333966221,76.79859195550752,0.006328902207314968,77.24734709275602,1.264093991197937e-05,76.76097032468054,0.001029202714562416,76.83904226865137
2023-06-23,73.56,74.51,0.012831944829515884,-0.0425822714033789,0.0,73.56,-0.004330107141214375,73.2421659430631,0.004759784787893295,73.91096436381007,-0.0037102770708639854,73.28757771226837,-0.005373310297727585,73.16579932423599
2023-06-30,74.51,78.77,0.05559886914959665,0.0128319448295158,0.0,74.51,0.0032672057037621037,74.7538376139024,0.004004077520221472,74.80894190992024,0.0036877245194133846,74.78527961967536,0.009083680808544159,75.18990841745115
2023-07-07,78.77,79.9,0.014243639056996172,0.0555988691495966,0.0,78.77,-0.002325074455911647,78.58706663436665,-0.00687625166028738,78.2302156301801,-0.0017488806169008886,78.63236106592036,-0.008407922461628914,78.11048441093057
2023-07-14,79.9,81.06,0.014413768427933437,0.0142436390569961,0.0,79.9,-0.005290120059016979,79.47843545395136,-0.02439141646027565,77.97470165403605,-0.004699788402536127,79.52536794191111,-0.022306518629193306,78.13744052840752
2023-07-21,81.06,84.49,0.041443562964590806,0.0144137684279334,0.0,81.06,0.0004581357624888309,81.0971449929825,0.021075189113616943,82.78648391407623,-0.00425965361187934,80.71544683776492,0.015509047545492649,82.32696269117733
2023-07-28,84.49,87.38,0.03363323935853649,0.0414435629645908,0.0,84.49,0.006130320534011359,85.0095416332237,0.008906140923500061,85.24584066229457,-0.001162563064328305,84.39183212092665,0.012519370764493942,85.55441060895649
2023-08-04,87.38,87.93,0.006274619867621133,0.0336332393585364,0.0,87.38,-0.001225165552950456,87.27301058723758,0.0032509383745491505,87.6645292380879,-0.006542818113466819,86.81015478289808,-0.002235007006675005,87.1849231680048
2023-08-11,87.93,85.92,-0.023124412630356264,0.0062746198676211,0.0,87.93,-0.0008914501688055197,87.85164971453318,-0.002521221525967121,87.70858822257611,-0.006647052231437293,87.34746291935676,-0.00013146831770427525,87.91844075067844
2023-08-18,85.92,85.42,-0.005836365347234134,-0.0231244126303562,0.0,85.92,-0.00984650798527589,85.07813952861311,-0.021959617733955383,84.0537952097867,-0.016454190947692345,84.51782338996149,-0.015154180116951466,84.62776892546832
2023-08-25,85.42,89.98,0.052007157999705886,-0.0058363653472341,0.0,85.42,-0.004751222853562878,85.01511315931728,-0.013386595994234085,84.28413660462796,-0.012932671639479174,84.32240391152651,-0.022431451827287674,83.5252359871252
2023-09-01,89.98,91.85,0.020569388248108222,0.0520071579997058,0.0,89.98,-0.005609163615555258,89.4767003225887,-0.03308957815170288,87.05132134608063,-0.01685777184952551,88.47585160534486,-0.04088796302676201,86.37510177558687
2023-09-08,91.85,95.55,0.0394928590251474,0.0205693882481082,0.0,91.85,-0.010548711210146753,90.88619327207331,0.011186725459992886,92.88326940860175,-0.02300292946582496,89.76129618154077,0.011138170026242733,92.8787595306579
2023-09-15,95.55,93.99,-0.016461277054071962,0.0394928590251474,0.0,95.55,-0.007664664925956549,94.82044075153638,-0.009540533646941185,94.64273677939202,-0.015776375387808458,94.05439595754413,-0.005862295161932707,94.99149635337402
2023-09-22,93.99,95.86,0.019700400099275317,-0.0164612770540719,0.0,93.99,-0.015371588531435186,92.55627196333216,-0.01745586469769478,92.36356003384698,-0.01787638719972141,92.32472724408868,-0.0011633018730208278,93.8807248292834
2023-09-29,95.86,87.86,-0.0871441551838517,0.0197004000992753,0.0,95.86,-0.00678340610108772,95.2119431924052,-0.005180657841265202,95.36466632434518,-0.007836486134710486,95.11173017149375,0.008045191876590252,96.63432270414874
2023-10-06,87.86,94.33,0.0710546341141284,-0.0871441551838517,0.0,87.86,-0.010844913580795475,86.91231396761725,-0.0018948279321193695,87.6936780433917,-0.0126229100904253,86.75792147207113,0.0045197331346571445,88.25800250824078
2023-10-13,94.33,93.72,-0.006487659022166963,0.0710546341141284,0.0,94.33,-0.01430103807735016,92.99058342985974,-0.039739545434713364,90.65487619701818,-0.016381093117683612,92.79735892656147,-0.02577911503612995,91.92933256763749
2023-10-20,93.72,90.73,-0.03242355045805734,-0.0064876590221669,0.0,93.72,-0.006725969435755542,93.09175728353893,-0.060857534408569336,88.18651668116894,-0.007008145429743206,93.06549273018288,-0.03276759386062622,90.69879031113655
2023-10-27,90.73,87.55,-0.03567800444967682,-0.0324235504580573,0.0,90.73,-0.009400484489766693,89.88109037456672,-0.05908225104212761,85.5247503764721,-0.010206234956141425,89.80869781316585,-0.041775405406951904,87.01779672344121
2023-11-03,87.55,83.66,-0.045449092717808545,-0.0356780044496768,0.0,87.55,-0.008979712305872347,86.7673454530746,-0.05376911908388138,82.96683417176872,-0.00914307760193673,86.75317183776589,-0.03333127871155739,84.67994358227695
2023-11-10,83.66,81.22,-0.029599443755900578,-0.0454490927178085,0.0,83.66,-0.01463124800746767,82.44486096929266,-0.029665956273674965,81.21459803295757,-0.014446030802893195,82.46013259021274,-0.013872032053768635,82.50747819002976
2023-11-17,81.22,79.82,-0.017387422637563994,-0.0295994437559005,0.0,81.22,-0.01011693518281226,80.4024450727679,-0.043981242924928665,77.72525831079305,-0.008387273653091904,80.54163442944211,-0.030396947637200356,78.78830519516694
2023-11-24,79.82,78.72,-0.013876846876589792,-0.0173874226375639,0.0,79.82,-0.010630211760649778,78.9759904452527,-0.04096980765461922,76.61587433045243,-0.010875032427142946,78.95665785724005,-0.02352028153836727,77.96451740168104
2023-12-01,78.72,75.94,-0.035953697940341686,-0.0138768468765897,0.0,78.72,-0.009318767434168242,77.98983403491592,-0.017148764804005623,77.3815583457923,-0.009583634542672822,77.96917982851305,0.006772906519472599,79.25497281661869
2023-12-08,75.94,76.84,0.011781783096699798,-0.0359536979403416,0.0,75.94,-0.003909950023950293,75.64365811369622,-0.03242724761366844,73.51697318086953,-0.0017279513938269306,75.80889267731513,0.0013690029736608267,76.04403328050698
2023-12-15,76.84,80.23,0.04317217186520878,0.0117817830966997,0.0,76.84,-0.0007358944752282423,76.78347466941361,-0.055701181292533875,72.67694118701208,0.002556417845511019,77.03668644650337,-0.020654940977692604,75.26915305740825
2023-12-22,80.23,77.69,-0.03217096080323534,0.0431721718652087,0.0,80.23,-0.0030834203358940738,79.98299818735434,-0.02889661304652691,77.94480100311422,0.002136607096696888,80.40160324644307,0.003681708127260208,80.52592786879542
2023-12-29,77.69,78.31,0.007948759800517036,-0.0321709608032353,0.0,77.69,-0.0026162132885684712,77.48701203529691,-0.022382767871022224,75.97039926717135,0.0008196252185388938,77.75370278586696,-0.0009811900090426207,77.61380873336493
2024-01-05,78.31,79.89,0.019975379731104196,0.007948759800517,0.0,78.31,-0.005511315448884655,77.87959602268765,-0.046004608273506165,74.78899141023308,-0.003919250981871511,78.0036841121295,-0.02482025884091854,76.39024844884592
2024-01-12,79.89,80.71,0.010211794842330424,0.0199753797311041,0.0,79.89,0.0023292802310958794,80.07630308948092,-0.029740409925580025,77.54902201891525,0.0034979080198600373,80.16993718353866,-0.021901583299040794,78.15930418060077
2024-01-19,80.71,83.34,0.03206614265802647,0.0102117948423304,0.0,80.71,-0.0017524175048729013,80.56868623969947,0.006637015845626593,81.24745512508545,0.004112460722055706,81.04260013862667,0.021325334906578064,82.44965117434926
2024-01-26,83.34,79.54,-0.04666858621476275,0.0320661426580264,0.0,83.34,0.010752332745469478,84.24093430378129,-0.0029071946628391743,83.09806624146235,0.018048049047105295,84.8577796898245,0.0008033334161154926,83.40697670561002
2024-02-02,79.54,83.58,0.04954421724022457,-0.0466685862147627,0.0,79.54,0.0023000621542905064,79.72315749982279,-0.007561948616057634,78.94079105608192,0.012418739696789794,80.53394555680784,-0.009157180786132812,78.81496255617722
2024-02-09,83.58,84.88,0.015434237285958267,0.0495442172402245,0.0,83.58,0.0022991787364576586,83.77238643944871,-0.00015694342437200248,83.56688369787659,0.0172967936489512,85.03824110483279,0.00614901864901185,84.09551832023716
2024-02-16,84.88,84.18,-0.008281130963302998,0.0154342372859582,0.0,84.88,0.004297899762871124,85.24559080542629,-0.009013669565320015,84.11835748100108,0.016988942377232207,86.33434030112136,-0.001985308714210987,84.71165416086238
2024-02-23,84.18,84.82,0.007574000704019899,-0.0082811309633029,0.0,84.18,-0.00220173228735694,83.99486206292707,-0.0134889530017972,83.05212397122332,0.009996529632796021,85.02572799413535,-0.014533350244164467,82.96542984141034
2024-03-01,84.82,84.29,-0.006268130037053695,0.0075740007040198,0.0,84.82,-0.003087645687512709,84.55850979508119,-0.03388310968875885,81.99417878829628,0.010992799220451474,85.75755295430434,-0.027300121262669563,82.53572606229035
2024-03-08,84.29,85.39,0.012965763910123924,-0.0062681300370536,0.0,84.29,0.0007723728247338696,84.35512845388303,-0.005421010311692953,83.83429933581301,0.015527061101625494,85.60898949605425,-7.868692046031356e-05,84.28336774041387
2024-03-15,85.39,84.87,-0.006108323937929177,0.0129657639101239,0.0,85.39,-0.007501841076299796,84.75181456630543,-0.011401409283280373,84.4219626427704,0.0049070519467402166,85.81004290906316,-0.004263219889253378,85.0267385355976
2024-03-22,84.87,86.17,0.015201415270089925,-0.0061083239379291,0.0,84.87,0.009162151375776036,85.65116489821811,-0.0014914491912350059,84.74351505352176,0.02049013133928574,86.62693590074238,-0.00697366101667285,84.28020429740536
2024-03-29,86.17,92.81,0.07423230335562608,0.0152014152700899,0.0,86.17,-0.004785724707988282,85.7585993123283,-0.012719531543552876,85.08089907710784,0.0016035817808380047,86.30829149327992,-0.022931944578886032,84.21643941697103
2024-04-05,92.81,93.12,0.003334591375826262,0.074232303355626,0.0,92.81,0.0016659812492542704,92.96474858807437,0.0018393724458292127,92.98086925462177,0.001171750482772654,92.91881390122666,-0.013375196605920792,91.57691277781657
2024-04-12,93.12,87.96,-0.0570068182965674,0.0033345913758262,0.0,93.12,-0.0008249778166906935,93.04320974519335,-0.0007788889342918992,93.04749810156733,-0.0012260890120298516,93.00589655598351,-0.011993440799415112,92.00984141072931
2024-04-19,87.96,89.95,0.022371794709981855,-0.0570068182965674,0.0,87.96,0.02094416290958921,89.82167614096075,-0.008908080868422985,87.17992485156032,0.004014678631712559,88.3138409360111,-0.008687198162078857,87.19918351617508
2024-04-26,89.95,83.6,-0.07321044030588626,0.0223717947099818,0.0,89.95,0.013967318534249934,91.21517528717736,-0.01749354973435402,88.39013873610989,0.006112426509760066,90.50149653851167,-0.018004747107625008,88.34496547657447
2024-05-03,83.6,83.39,-0.002515121991761826,-0.0732104403058862,0.0,83.6,0.02880678023565918,86.04326923164899,0.0018215409945696592,83.75241960428063,0.008639690379259754,84.32540725044306,0.014662345871329308,84.83480254397472
2024-05-10,83.39,82.24,-0.013886596392039078,-0.0025151219917618,0.0,83.39,0.002216357281853461,83.5750270009628,-0.0012216671602800488,83.28818737873489,0.011123962762226321,84.32280588474364,0.004976838827133179,83.80605304550494
2024-05-17,82.24,78.92,-0.04120712055244034,-0.013886596392039,0.0,82.24,0.008870594202036057,82.97276288333758,-0.0011608995264396071,82.14458301842599,0.010340209861738702,83.0947905999587,0.0009304418927058578,82.31655515079287
2024-05-24,78.92,79.41,0.006189623752704915,-0.0412071205524403,0.0,78.92,0.026920193638695886,81.07339656312897,0.00994171667844057,79.70851337398118,0.0092265656011126,79.65153012301484,0.0009340621763840318,78.99375062543298
2024-05-31,79.41,78.12,-0.01637819889864126,0.0061896237527049,0.0,79.41,0.03931561471065418,82.59423794988875,0.0219531562179327,81.17257640525702,0.012229700619446957,80.38712331032977,0.013332313857972622,80.47580810022552
2024-06-07,78.12,81.49,0.04223420732365022,-0.0163781988986412,0.0,78.12,0.034801653573023714,80.88656649877443,0.010824955068528652,78.97023908736875,0.002475787266722552,78.31364811813472,0.005446932278573513,78.54667533049603
2024-06-14,81.49,86.42,0.05873881717165882,0.0422342073236502,0.0,81.49,0.027506504276830664,83.76261762857132,0.008025000803172588,82.14658835275769,0.0005511370762593562,81.53492453899675,0.008201926946640015,82.16112351762138
2024-06-21,86.42,87.26,0.009673037191676392,0.0587388171716588,0.0,86.42,0.007982564326848728,87.11261394897383,0.0027092969976365566,86.65445490710981,-0.005950618091230415,85.90727461399487,-0.0005648290971294045,86.37120125219978
2024-06-28,87.26,88.66,0.015916661621443753,0.0096730371916763,0.0,87.26,0.024364767874978054,89.41218188304559,0.0064829932525753975,87.8275436944078,0.00040637377384395573,87.29546738152438,0.0012327730655670166,87.36763811075154
2024-07-05,88.66,87.35,-0.01488579273684196,0.0159166616214437,0.0,88.66,0.009365096542005971,89.49420958906043,-0.01225954294204712,87.57970441813963,-0.0028724414987214056,88.40569475005434,-0.015290253795683384,87.3146774702856
2024-07-12,87.35,85.19,-0.025038980525316418,-0.0148857927368419,0.0,87.35,0.0025702025255960707,87.5747959524241,0.0016473743598908186,87.49401674251106,-0.004940206547812787,86.91953712129104,0.004741878714412451,87.76518671024571
2024-07-19,85.19,81.35,-0.04612322238970236,-0.0250389805253164,0.0,85.19,-0.005356029536828578,84.73493959011705,-0.0008142624865286052,85.12066121259045,-0.0071324689251107045,84.58454672731808,-0.0025791628286242485,84.97056422057432
2024-07-26,81.35,78.35,-0.03757486486301699,-0.0461232223897023,0.0,81.35,-0.0076334702892821675,80.73138129960145,-0.0026899129152297974,81.13146962994553,-0.008917693978635823,80.62777069110103,-0.0035577910020947456,81.06108795107464
2024-08-02,78.35,81.07,0.034127010197585954,-0.0375748648630169,0.0,78.35,-0.016582287391543868,77.06149052530826,-0.007449002005159855,77.76853903350353,-0.015932693339063806,77.11156547366221,-0.0011584488674998283,78.25928808393425
2024-08-09,81.07,81.56,0.00602596670663867,0.0341270101975859,0.0,81.07,-0.01059449786170833,80.2156378188622,-0.015160837210714817,79.85018103036639,-0.009263804406466803,80.32245129535121,3.5459757782518864e-05,81.0728747735325
2024-08-16,81.56,80.34,-0.015071316775118236,0.0060259667066386,0.0,81.56,-0.009871082161605304,80.75887502911239,0.0023775615263730288,81.7541446220279,-0.007326837208390913,80.96460699461159,-0.0029152114875614643,81.32258158166557
2024-08-23,80.34,80.2,-0.0017441140586673676,-0.0150713167751182,0.0,80.34,-0.015557910923765916,79.0997503001847,-0.007419263012707233,79.74614212752911,-0.012389900619194536,79.35073647770894,-0.0052316212095320225,79.92078908452945
2024-08-30,80.2,72.82,-0.0965328721251816,-0.0017441140586673,0.0,80.2,-0.001355882221720867,80.09133193301614,-0.004108340945094824,79.87118695673603,0.0005402746005433613,80.24334173012727,-0.002766113728284836,79.97846421683174
2024-09-06,72.82,73.68,0.01174074919976413,-0.0965328721251816,0.0,72.82,-0.017448668806089022,71.5604089880854,-0.009043341502547264,72.16443259952113,-0.014254709059956374,71.78933545014868,-0.0025396335404366255,72.63529852189279
2024-09-13,73.68,75.96,0.03047549399703352,0.0117407491997641,0.0,73.68,-0.008099260337220655,73.0856566182184,0.001434551551938057,73.78577360905469,-0.005737839217370304,73.25844656593652,5.134363891556859e-05,73.68378309643344
2024-09-20,75.96,71.63,-0.05869290531772527,0.0304754939970335,0.0,75.96,-0.013419125436540865,74.94749191208797,-0.005879018921405077,75.5147398516035,-0.013929078506773057,74.9092819519525,-0.010475766845047474,75.16841422361604
2024-09-27,71.63,79.32,0.10197632302523525,-0.0586929053177252,0.0,71.63,-0.009427562908423538,70.95787688845301,0.0096220588311553,72.32255463149716,-0.00869719998314082,71.00972082112769,0.005325416103005409,72.01247707632672
2024-10-04,79.32,80.27,0.011905648491890373,0.1019763230252352,0.0,79.32,-0.0047480711757263185,78.94427568310704,-0.00698670232668519,78.76774623425722,-0.006529981119041552,78.80372935094147,-0.006806515157222748,78.78194045026551
2024-10-11,80.27,72.75,-0.09836704609188351,0.0119056484918903,0.0,80.27,-0.006984005010661881,79.71134700619966,-0.0021023666486144066,80.10142029937857,-0.012619462583449126,79.26340046943206,-0.0023326885420829058,80.08297331303967
2024-10-18,72.75,75.62,0.0386918924111849,-0.0983670460918835,0.0,72.75,-0.015733876893140875,71.61431822319108,0.002750302432104945,72.95035990080062,-0.021995957111625546,71.1672648207015,0.000548332289326936,72.7899021128572
2024-10-25,75.62,73.63,-0.02666824708216141,0.0386918924111849,0.0,75.62,-0.0024041147440236237,75.43841920105282,0.005771922878921032,76.0577348788208,-0.011689078446334992,74.74121796990815,0.0014062506379559636,75.72641547912319
2024-11-01,73.63,74.04,0.005552936324671497,-0.0266682470821614,0.0,73.63,-0.007248946357659285,73.09818993974496,0.00684692244976759,74.13586874573865,-0.01819231417523212,72.30261065847334,-0.0036261852364987135,73.3634874849462
2024-11-08,74.04,73.45,-0.008000585085410516,0.0055529363246714,0.0,74.04,-0.003844808227332403,73.75587694817712,-0.004665348678827286,73.69538209023888,-0.019123874198060664,72.63752150840365,-0.011726967990398407,73.17680650354484
2024-11-15,73.45,76.1,0.03544336224775383,-0.0080005850854105,0.0,73.45,-0.007708030393579792,72.88602154147739,0.0028259872924536467,73.65786233645552,-0.021492210806096056,71.88824006936943,0.002895316341891885,73.66296914305794
2024-11-22,76.1,74.16,-0.025823343610040416,0.0354433622477538,0.0,76.1,0.004631202561716123,76.4532518740589,-0.019001904875040054,74.66760723408075,-0.006349769411254079,75.61831346546343,-0.011501431465148926,75.22975518921639
2024-11-29,74.16,73.78,-0.005137229089070089,-0.0258233436100404,0.0,74.16,-0.01368457757557824,73.15206404531185,-0.01572197861969471,73.00317567780736,-0.01737012227156793,72.88295505488936,-0.006209930405020714,73.7008985306194
2024-12-06,73.78,74.89,0.014932678092746073,-0.00513722908907,0.0,73.78,-0.005254492941168465,73.39334025089119,0.0012309688609093428,73.87087680434071,-0.0029478524338898823,73.56282770063913,0.006943256128579378,74.29405598317732
2024-12-13,74.89,73.19,-0.02296157064813999,0.014932678092746,0.0,74.89,-0.009480779168713585,74.18333958690022,-0.013313647359609604,73.89954883799818,-0.007539365613499353,74.32750002017549,-0.005662348121404648,74.46714505494378
2024-12-20,73.19,73.77,0.007893345283075101,-0.0229615706481399,0.0,73.19,-0.007171860804170306,72.66696930129051,-0.002457333030179143,73.01036859300781,-0.005525331163668164,72.78671617646681,0.0008561162976548076,73.25268598124171
2024-12-27,73.77,76.72,0.039210285678971876,0.0078933452830751,0.0,73.77,-0.0030817338534012938,73.54301043399443,0.004293942358344793,74.08744518568692,-0.0011754580907469719,73.68333740075082,0.009664568118751049,74.48641151778519
2025-01-03,76.72,79.76,0.03885969507840028,0.0392102856789718,0.0,76.72,-0.001261474168974478,76.62328071901949,0.0030453812796622515,76.95399777715268,0.003005038514512033,76.95089330271495,0.0034929520916193724,76.98844784926943
2025-01-10,79.76,83.02,0.040059416971309686,0.0388596950784002,0.0,79.76,-0.0024452689275330937,79.56520361217994,-0.00636731693521142,79.2537562189219,0.0038560085531362588,80.06814897291869,0.00015782516857143492,79.77258912885983
2025-01-17,83.02,78.71,-0.05331133047053389,0.0400594169713096,0.0,83.02,0.004178703234332271,83.36764178257101,-0.002590605989098549,82.80520623392114,0.014624272597405796,84.24302826311651,0.0020174202509224415,83.18765528795525
2025-01-24,78.71,77.11,-0.020537238309489416,-0.0533113304705338,0.0,78.71,0.0030798009036111223,78.95278480164433,0.020813487470149994,80.36539713293884,0.012631819382121923,79.71055662457735,0.01528298482298851,79.92216287521939
2025-01-31,77.11,74.68,-0.032020655171347334,-0.0205372383094894,0.0,77.11,-0.007882228761355766,76.50459046292556,0.03249353915452957,79.65672884885342,0.0004480975389280313,77.14456054389578,0.029159311205148697,79.39157744043003
2025-02-07,74.68,75.19,0.00680592471641349,-0.0320206551713473,0.0,74.68,-0.0004932812404610197,74.64317084127572,2.5044268113560975e-05,74.68187032936314,0.007431925820464934,75.2370837587185,0.002990460256114602,74.90366183115387
2025-02-14,75.19,74.88,-0.004131411220598949,0.0068059247164134,0.0,75.19,-0.004576608142902879,74.84667107397601,-0.000557062856387347,75.148126108106,0.0029290838432525267,75.41056067683938,0.006257051136344671,75.66194261975548
2025-02-21,74.88,74.76,-0.0016038495819744047,-0.0041314112205989,0.0,74.88,-0.0053347642406780665,74.4815964929197,-0.009603668935596943,74.16431935073308,0.0016841726936630132,75.00621710717026,0.003772835247218609,75.16304350582593
2025-02-28,74.76,72.49,-0.03083436127457579,-0.0016038495819744,0.0,74.76,-0.01017857626784483,74.00290922772075,-0.004169529769569635,74.44893490267364,-0.0023791557239325307,74.58234573545823,0.0032384684309363365,75.0025003528266
2025-03-07,72.49,71.94,-0.00761618304530851,-0.0308343612745757,0.0,72.49,-0.0032498955336274305,72.25479747160449,-0.005416746251285076,72.09840161627764,0.004676293927564327,72.82977837941388,-0.003843128215521574,72.21194627594225
2025-03-14,71.94,72.64,0.009683296025560126,-0.0076161830453085,0.0,71.94,-0.014325123574157442,70.91679686325806,0.0036193770356476307,72.20084975599426,-0.005724275871715772,71.52937198906123,0.00022996263578534126,71.95654541435903
2025-03-21,72.64,74.69,0.02783048007593736,0.0096832960255601,0.0,72.64,-0.0058553515011554105,72.21591007640599,0.0009803678840398788,72.71124884242853,0.005097028084290492,73.01119330777634,-0.0009927726350724697,72.56792078084659
2025-03-28,74.69,68.36,-0.08855835612158515,0.0278304800759373,0.0,74.69,-0.01016515810969612,73.93461017384779,-0.004049436189234257,74.38815916608792,0.0035187443030607873,74.95327794422953,0.0012997869635000825,74.78714420801474
2025-04-04,68.36,66.83,-0.02263577672441143,-0.0885583561215851,0.0,68.36,-0.024732079192841313,66.69005084516455,-0.09711363166570663,62.033479211190034,-0.007922805916493558,67.82053684038218,-0.061021871864795685,64.31327000455876
2025-04-11,66.83,69.33,0.036725631431420304,-0.0226357767244114,0.0,66.83,-0.009155158095300419,66.22095299931148,-0.018007712438702583,65.6373155667802,0.00603814856773189,67.23475020999228,-0.016939716413617134,65.70745340570271
2025-04-18,69.33,66.99,-0.03433435843422292,0.0367256314314203,0.0,69.33,-0.03286183452624216,67.08871704035909,-0.046945299953222275,66.15049761129166,-0.02220434087270854,67.80753822880767,-0.047625333070755005,66.10552837419293
2025-04-25,66.99,61.57,-0.08436861559705738,-0.0343343584342229,0.0,66.99,-0.00980325634299842,66.3364883623754,0.002627795562148094,67.16626752078092,-0.0010083172786228283,66.9224868685536,0.00853490736335516,67.56420033197789
2025-05-02,61.57,64.26,0.04276261476459379,-0.0843686155970573,0.0,61.57,-0.015069791468558465,60.64910918325414,0.002596854465082288,61.73009611259816,-0.007818711804586083,61.09047897538709,-0.004211867228150368,61.311220689369875
2025-05-09,64.26,65.2,0.01452211524489489,0.0427626147645937,0.0,64.26,-0.00761669224407209,63.77241062275849,-0.01121814176440239,63.54315058713373,-0.0048098475857191545,63.95166131961206,-0.00602582236751914,63.873944972328324
2025-05-16,65.2,65.41,0.003215683040514031,0.0145221152448948,0.0,65.2,-0.0007689777909488779,65.14988192034491,0.0031465478241443634,65.40547802181302,-0.0009538691263708215,65.13783738517348,0.003351458813995123,65.41888169628935
2025-05-23,65.41,64.32,-0.016804527102410545,0.003215683040514,0.0,65.41,0.0018031050886504192,65.5280474978878,0.008521182462573051,65.96975203249038,-0.0017966290486984538,65.29258799841361,-0.00019513466395437717,65.3972374868756
2025-05-30,64.32,68.02,0.05593115470833859,-0.0168045271024105,0.0,64.32,-0.002808486850403632,64.1396115536411,-0.006877589505165815,63.879151169396316,-0.010454368614399537,63.651077683370055,-0.015575163066387177,63.325966721546656
2025-06-06,68.02,76.0,0.11093156070728181,0.0559311547083385,0.0,68.02,0.006762400760496046,68.48153729094979,-8.612472447566688e-05,68.01414204850201,-0.007751966806713993,67.4947497095348,-0.006665567401796579,67.56811581068267
2025-06-13,76.0,78.73,0.03529093691004477,0.1109315607072818,0.0,76.0,-0.006916104533629199,75.47618950743424,-0.02043086849153042,74.46300849423433,-0.021500109784331856,74.38343212151938,-0.02440040372312069,74.16801084770339
2025-06-20,78.73,69.37,-0.1265697797991659,0.0352909369100447,0.0,78.73,-0.0080061147240993,78.1021950802872,-0.0036374512128531933,78.44414367541093,-0.02313167556958977,76.9297449125396,-0.005430915392935276,78.30358299653949
2025-06-27,69.37,71.03,0.02364782561250864,-0.1265697797991659,0.0,69.37,-0.0019069214225942892,69.23784290755745,0.014050398953258991,70.35155565198133,-0.01654810748492886,68.23150374333657,0.011757291853427887,70.19041682513578
2025-07-04,71.03,72.06,0.014396782310228605,0.0236478256125086,0.0,71.03,-0.00961716075199254,70.35016734155604,0.0008891484467312694,71.09318430011976,-0.021049442359451227,69.55048422831638,-0.01274837926030159,70.13023011097545
2025-07-11,72.06,71.06,-0.013974514727066104,0.0143967823102286,0.0,72.06,-0.010295864273271046,71.32188629999422,-0.014195915311574936,71.0442690159536,-0.015828694205914907,70.92836408225517,-0.01814507134258747,70.76425738123618
2025-07-18,71.06,69.23,-0.02609029590294695,-0.0139745147270661,0.0,71.06,-0.004448471121826958,70.74459370011967,-0.012998870573937893,70.14227785501357,-0.0057111883920518925,70.65531965568027,-0.01661953516304493,69.88877539401125
2025-07-25,69.23,70.55,0.018887383608888808,-0.0260902959029469,0.0,69.23,0.0022229737385476493,69.38406765264733,-0.005662104114890099,68.83912017753302,0.0004883489384881397,69.26381665350289,-0.011566869914531708,68.43383901774953
2025-08-01,70.55,67.17,-0.04909495902004982,0.0188873836088888,0.0,70.55,-0.0053470660139110235,70.1737712491018,-0.004356726538389921,70.24330152852342,-0.007468177428814862,70.02508261021033,0.0007575831259600818,70.60346774010809
2025-08-08,67.17,67.3,0.0019335173719090062,-0.0490949590200498,0.0,67.17,0.0015725607348225036,67.27571200204483,3.0432245694100857e-05,67.1720441650474,0.0001950838673645609,67.18310506162237,0.0040633645839989185,67.4434914705852
2025-08-15,67.3,68.29,0.014603106322315935,0.001933517371909,0.0,67.3,-0.007233803653006072,66.8149216103262,-0.004625590983778238,66.98941659645968,-0.007586518371388602,66.7913591597225,-0.00642957491800189,66.86867770341226
2025-08-22,68.29,67.83,-0.006758768015009859,0.0146031063223159,0.0,68.29,0.0017961593806218935,68.41276994829323,-0.0002362059021834284,68.2738714038497,0.002946437487795988,68.49150893700146,-0.00638071121647954,67.85564844062249
2025-08-29,67.83,64.92,-0.04384883231159769,-0.0067587680150098,0.0,67.83,-0.0037025285640237067,67.57932184538912,-0.003548475680872798,67.58973343670803,-0.003594052058984218,67.58665301165831,-0.010244956240057945,67.13863218186123
2025-09-05,64.92,67.87,0.04443836806927653,-0.0438488323115976,0.0,64.92,-0.005536877868437832,64.5615391814453,0.008083140477538109,65.44688404994147,-0.0074048548626114265,64.44105227996091,0.006878921762108803,65.36811912192059
2025-09-12,67.87,67.05,-0.012155500987979599,0.0444383680692765,0.0,67.87,-0.0073734057672440265,67.37140737237326,-0.004287399351596832,67.57963710164063,-0.00993704603492419,67.19891252138942,-0.008386407978832722,67.30319454341368
2025-09-19,67.05,71.15,0.05935171480817395,-0.0121555009879795,0.0,67.05,-0.005309842857511147,66.69491858394048,-0.004946672357618809,66.71914460968556,-0.009900427367249134,66.38945159625891,-0.0008159821736626327,66.99531071103283
2025-09-26,71.15,66.13,-0.07316782284929056,0.0593517148081739,0.0,71.15,-0.00037236333017537626,71.1235112810779,-0.006771009881049395,70.66986996393095,-0.0062938432358449915,70.70359931531941,-0.0023714054841548204,70.98147440004456
2025-10-03,66.13,64.41,-0.02635360112777159,-0.0731678228492905,0.0,66.13,-0.004126100565132153,65.85770311810137,0.0017451979219913483,66.24551070378365,-0.008756080740537422,65.55348805656628,0.005329515784978867,66.48338171913936
2025-10-10,64.41,61.23,-0.050631635068936184,-0.0263536011277715,0.0,64.41,-0.012346523514129668,63.61964950080548,-0.0055138347670435905,64.05583121403464,-0.017312601872457214,63.30449253105673,-0.0028740516863763332,64.22514809508739
2025-10-17,61.23,65.8,0.07198257284140844,-0.0506316350689361,0.0,61.23,-0.009753357790596918,60.63570480050679,-0.005458659026771784,60.89667688407605,-0.01558684788814295,60.28301671836515,-0.02433243952691555,59.75810474992389
2025-10-24,65.8,65.44,-0.005486146036779942,0.0719825728414084,0.0,65.8,-0.009986169063680213,65.14618008713248,-0.020136019214987755,64.48830045899678,-0.015820781897125626,64.76718407142494,-0.03713419288396835,63.40138112090451
2025-10-31,65.44,63.72,-0.026635207252643837,-0.0054861460367799,0.0,65.44,-0.002324756952553339,65.2880446031444,0.019287174567580223,66.71440301468081,-0.006580152928952175,65.01080841407338,0.025146951898932457,67.10648218756468
2025-11-07,63.72,63.45,-0.004246290881451097,-0.0266352072526438,0.0,63.72,-0.0019144757382417272,63.598126305299516,-0.0031285961158573627,63.52095737983603,-0.006572257633716284,63.302588912672114,-0.011896733194589615,62.966431550069984
2025-11-14,63.45,62.78,-0.01061564274658919,-0.004246290881451,0.0,63.45,-0.0029681864919176583,63.26194779216306,0.005554803181439638,63.80343297838998,-0.007736517275353808,62.96101195010276,-0.0033290043938905,63.23912586641326
2025-11-21,62.78,64.07,0.020339684237122565,-0.0106156427465891,0.0,62.78,-0.005798434223212304,62.41702765209143,0.00873758364468813,63.330948977404795,-0.005896065256800844,62.41093411063245,0.006148193497210741,63.16717257410412
2025-11-28,64.07,64.42,0.005447908252122776,0.0203396842371225,0.0,64.07,0.0034867440892806163,64.29378560865374,-0.011608014814555645,63.330574425212994,0.004323715589959928,64.34762020074594,-0.0039757415652275085,63.81577992942766
2025-12-05,64.42,62.11,-0.03651713733184117,0.0054479082521227,0.0,64.42,-0.006612294630617274,63.995441180790465,-0.0002546797622926533,64.40359561873373,-0.005030242870810824,64.09676541008416,-0.007520908489823341,63.93732044465938
2025-12-12,62.11,61.35,-0.012311835414291147,-0.0365171373318411,0.0,62.11,-0.0006053103975054167,62.07241554748846,0.009390674531459808,62.696001965651796,0.008379941038623467,62.63266503037107,0.018207894638180733,63.2512506926768
2025-12-19,61.35,63.7,0.03758939142119723,-0.0123118354142911,0.0,61.35,-0.009368477731603386,60.7779277981559,-0.025379182770848274,59.812578903081075,0.0012868861034047855,61.42900128436871,-0.010744974948465824,60.694324702609784
