feature,target,corr,abs_corr,n_obs,modality
brent_price,target_brent_price_next_1w,0.9891479599938602,0.9891479599938602,1042,M1
nonoil_industrial_commodity,target_brent_price_next_1w,0.6787142546188372,0.6787142546188372,1037,M1
pw_all_n_tanker_sum,target_brent_price_next_1w,0.6208710576841551,0.6208710576841551,364,M3
ovx,target_brent_vol_next_1w,0.6192431586016277,0.6192431586016277,972,M1
pw_malacca_n_tanker,target_brent_price_next_1w,0.5446265223712248,0.5446265223712248,364,M3
pw_hormuz_n_tanker,target_brent_price_next_1w,0.5414571615308944,0.5414571615308944,364,M3
futures_spread,target_brent_vol_next_1w,0.5196830045666231,0.5196830045666231,959,M1
pw_hormuz_capacity_tanker,target_brent_price_next_1w,0.4777844775562517,0.4777844775562517,364,M3
futures_spread,target_brent_price_next_1w,-0.4133387653866378,0.4133387653866378,959,M1
ovx,target_brent_price_next_1w,-0.39050256121715826,0.39050256121715826,972,M1
pw_malacca_capacity_tanker,target_brent_price_next_1w,0.3888238977946002,0.3888238977946002,364,M3
ntl_anomaly_rotterdam,target_brent_price_next_1w,-0.36307161123868126,0.36307161123868126,577,M2
pw_suez_n_tanker,target_brent_price_next_1w,0.3604851986632054,0.3604851986632054,364,M3
ntl_anomaly_ras_tanura,target_brent_price_next_1w,0.3572427608305741,0.3572427608305741,577,M2
pw_suez_capacity_tanker,target_brent_price_next_1w,0.3238056305864034,0.3238056305864034,364,M3
ntl_anomaly_ningbo,target_brent_price_next_1w,0.3122415250378483,0.3122415250378483,577,M2
brent_price,target_brent_vol_next_1w,-0.2937623825482293,0.2937623825482293,1042,M1
global_econ_activity,target_brent_price_next_1w,0.26561545928132113,0.26561545928132113,1037,M1
crude_stocks_change,target_brent_vol_next_1w,0.21299227319399777,0.21299227319399777,1042,M1
ntl_anomaly_us_gulf,target_brent_price_next_1w,0.19409603708176315,0.19409603708176315,577,M2
nonoil_industrial_commodity,target_brent_vol_next_1w,-0.1518088643014505,0.1518088643014505,1037,M1
pw_malacca_n_tanker,target_brent_vol_next_1w,-0.11493279643959667,0.11493279643959667,365,M3
pw_hormuz_n_tanker,target_brent_vol_next_1w,-0.11356845010658824,0.11356845010658824,365,M3
pw_malacca_n_tanker,target_brent_direction_next_1w,-0.09485087712591274,0.09485087712591274,364,M3
pw_malacca_capacity_tanker,target_brent_direction_next_1w,-0.09450977835563298,0.09450977835563298,364,M3
pw_all_n_tanker_sum,target_brent_vol_next_1w,-0.08967778363165227,0.08967778363165227,365,M3
global_econ_activity,target_brent_vol_next_1w,-0.08782490140872436,0.08782490140872436,1037,M1
crude_stocks_change,target_brent_direction_next_1w,-0.07849956431119644,0.07849956431119644,1042,M1
pw_suez_capacity_tanker,target_brent_vol_next_1w,0.07323173535238181,0.07323173535238181,365,M3
pw_all_n_tanker_sum,target_brent_direction_next_1w,-0.0690772436466776,0.0690772436466776,364,M3
crude_stocks_change,target_brent_price_next_1w,-0.06680848198411032,0.06680848198411032,1042,M1
ntl_anomaly_fujairah,target_brent_price_next_1w,0.06597566992588577,0.06597566992588577,577,M2
pw_suez_n_tanker,target_brent_vol_next_1w,0.06041010275819282,0.06041010275819282,365,M3
gpr,target_brent_direction_next_1w,-0.05860766350266058,0.05860766350266058,1041,M1
brent_price,target_brent_direction_next_1w,-0.05436852997493292,0.05436852997493292,1042,M1
pw_hormuz_capacity_tanker,target_brent_direction_next_1w,-0.05403121431497299,0.05403121431497299,364,M3
dgs10_change,target_brent_vol_next_1w,-0.05374890316916813,0.05374890316916813,1041,M1
ntl_anomaly_us_gulf,target_brent_vol_next_1w,-0.049340934337783623,0.049340934337783623,577,M2
pw_suez_n_tanker,target_brent_direction_next_1w,-0.045580068444058555,0.045580068444058555,364,M3
dgs10_change,target_brent_price_next_1w,0.04316169942330908,0.04316169942330908,1041,M1
pw_malacca_capacity_tanker,target_brent_vol_next_1w,-0.04076374290867068,0.04076374290867068,365,M3
ntl_anomaly_rotterdam,target_brent_vol_next_1w,-0.03936871531700882,0.03936871531700882,577,M2
gpr,target_brent_vol_next_1w,0.03913000421624232,0.03913000421624232,1041,M1
futures_spread,target_brent_direction_next_1w,0.0388270231365132,0.0388270231365132,959,M1
ntl_anomaly_us_gulf,target_brent_direction_next_1w,0.038205461112572954,0.038205461112572954,577,M2
gpr,target_brent_price_next_1w,0.037888025172609356,0.037888025172609356,1041,M1
ntl_anomaly_ras_tanura,target_brent_direction_next_1w,-0.03622618665495868,0.03622618665495868,577,M2
global_econ_activity,target_brent_direction_next_1w,0.03534436705856712,0.03534436705856712,1037,M1
gold_return,target_brent_price_next_1w,-0.034416138689245,0.034416138689245,1041,M1
pw_hormuz_n_tanker,target_brent_direction_next_1w,-0.03190143924385617,0.03190143924385617,364,M3
pw_suez_capacity_tanker,target_brent_direction_next_1w,-0.028987268328053924,0.028987268328053924,364,M3
ntl_anomaly_ras_tanura,target_brent_vol_next_1w,-0.028266668783382357,0.028266668783382357,577,M2
dgs10_change,target_brent_direction_next_1w,0.027907733484217115,0.027907733484217115,1041,M1
ntl_anomaly_fujairah,target_brent_direction_next_1w,0.02693995880238019,0.02693995880238019,577,M2
commodity_fx,target_brent_direction_next_1w,0.026919087745104167,0.026919087745104167,1041,M1
ntl_anomaly_ningbo,target_brent_vol_next_1w,-0.019702852436225486,0.019702852436225486,577,M2
ntl_anomaly_ningbo,target_brent_direction_next_1w,0.0177496031697405,0.0177496031697405,577,M2
commodity_fx,target_brent_price_next_1w,-0.01625750394063345,0.01625750394063345,1041,M1
gold_return,target_brent_vol_next_1w,0.013625049767680909,0.013625049767680909,1041,M1
pw_hormuz_capacity_tanker,target_brent_vol_next_1w,-0.013519792044328726,0.013519792044328726,365,M3
commodity_fx,target_brent_vol_next_1w,-0.010294221414470625,0.010294221414470625,1041,M1
gold_return,target_brent_direction_next_1w,0.010267268220666705,0.010267268220666705,1041,M1
nonoil_industrial_commodity,target_brent_direction_next_1w,0.00856990177762815,0.00856990177762815,1037,M1
ntl_anomaly_rotterdam,target_brent_direction_next_1w,-0.004651650155899576,0.004651650155899576,577,M2
ntl_anomaly_fujairah,target_brent_vol_next_1w,0.0014142631590295203,0.0014142631590295203,577,M2
ovx,target_brent_direction_next_1w,0.00032780020361671865,0.00032780020361671865,972,M1
