date,rs:P001,rs:P002,rs:P003,rs:P004,rs:P005,rs:P006,rs:P007,rs:P008,rs:P009,rs:P010,rs:P011,sh:P001,sh:P002,sh:P003,sh:P004,sh:P005,sh:P006,sh:P007,sh:P008,sh:P009,sh:P010,sh:P011,sh:hormuz,sh:suez,sh:malacca,sh:mandeb,sh:panama,sh:cape
2021-01-22,0.03387338,0.034258783,0.03382228,0.033730045,0.034285117,0.032110207,0.032977108,0.03189195,0.03400092,0.03444222,0.034786947,0.037581246,0.037402242,0.0379713,0.036586344,0.038086127,0.037397057,0.03709426,0.03716816,0.037905835,0.03681216,0.03752455,0.036220036,0.036790308,0.03597486,0.03601328,0.036391273,0.036901996
2021-01-29,0.033904146,0.03424049,0.034337018,0.0358639,0.034316406,0.03273624,0.03271569,0.032073915,0.033635423,0.034467246,0.036313012,0.037085813,0.037391335,0.03772147,0.03633402,0.03771591,0.037140477,0.037100516,0.03717294,0.037541628,0.036787648,0.03750786,0.035813358,0.03625747,0.03574595,0.03574082,0.035980396,0.036358867
2021-02-05,0.033413947,0.034756385,0.03387935,0.033523742,0.034007993,0.032859832,0.03295948,0.03244495,0.03400667,0.034065034,0.0349263,0.038151212,0.038402364,0.038466074,0.03776426,0.038570568,0.038053475,0.03831038,0.038241427,0.038664296,0.037742414,0.037836883,0.03510324,0.034928672,0.034913637,0.034341786,0.034505296,0.035160355
2021-02-12,0.033612043,0.03414283,0.033772368,0.03565542,0.03436357,0.032684255,0.032997727,0.032001883,0.033953287,0.033945933,0.035940655,0.03749793,0.037882946,0.038183205,0.036724184,0.038149234,0.03752921,0.037690517,0.03760779,0.03801282,0.037254363,0.03698335,0.035335455,0.03594599,0.035218578,0.03513303,0.035482265,0.03629917
2021-02-19,0.034452375,0.034921736,0.034550466,0.034728527,0.03454998,0.033850003,0.03374303,0.03377107,0.03451488,0.03462607,0.03570128,0.037444275,0.037770465,0.037868306,0.03759199,0.03779688,0.037555538,0.037359934,0.037615918,0.0378914,0.03696393,0.036738444,0.034857202,0.034723885,0.0350672,0.034264565,0.034352563,0.034728114
2021-02-26,0.033518385,0.0333032,0.033974733,0.036990386,0.033813745,0.032160107,0.031673267,0.03153318,0.03267421,0.03385765,0.036696028,0.038205147,0.038554862,0.03897526,0.037182603,0.03866964,0.03883563,0.037836708,0.038127027,0.038515363,0.03736312,0.037280805,0.034565113,0.035146013,0.03530974,0.034288954,0.03539747,0.03555169
2021-03-05,0.032437105,0.032512538,0.03327489,0.038290214,0.032752432,0.030479336,0.030861706,0.030690769,0.032161452,0.03315526,0.0355344,0.039219942,0.039805185,0.040095605,0.038098704,0.039669633,0.040040474,0.03819404,0.038047224,0.04009624,0.037750706,0.037011053,0.034224797,0.03535481,0.035530537,0.03425032,0.035130635,0.035329998
2021-03-12,0.03305108,0.03456215,0.034394402,0.038810324,0.033474274,0.03246152,0.033502456,0.034110516,0.033892278,0.03320653,0.038003206,0.03804108,0.038649,0.03903547,0.037391018,0.038850773,0.038803738,0.03815432,0.03768318,0.03878621,0.038367335,0.037567787,0.03296005,0.033177037,0.033677712,0.03256319,0.033186592,0.03363678
2021-03-19,0.03439878,0.03438885,0.03432486,0.036889963,0.03456883,0.032919727,0.033484615,0.03300722,0.034107815,0.033997245,0.037663948,0.037241466,0.03789223,0.038251866,0.036866084,0.03805387,0.03743382,0.03750274,0.03765851,0.038011108,0.03734362,0.037138075,0.034301255,0.034742862,0.034251172,0.034058146,0.03454244,0.03495893
2021-03-26,0.034562048,0.035502795,0.0348886,0.0352163,0.03444314,0.03340146,0.033922266,0.033661965,0.034554288,0.034285925,0.037249796,0.037245315,0.03758969,0.03772177,0.036856838,0.037825987,0.037220106,0.037845686,0.037414756,0.03770496,0.037386682,0.03722886,0.034560557,0.034320507,0.034336213,0.034185924,0.03432564,0.034541916
2021-04-02,0.035151903,0.035895947,0.035612427,0.03615118,0.034668826,0.034118198,0.034247406,0.034756113,0.03476467,0.03421665,0.03798247,0.03719195,0.03740402,0.037535254,0.037122972,0.037597325,0.03707967,0.037398305,0.03738913,0.0377007,0.037630673,0.036910113,0.034131046,0.033281527,0.03369279,0.033221953,0.03330609,0.033840686
2021-04-09,0.036000885,0.035791017,0.035970487,0.03673927,0.035113573,0.034715425,0.034419775,0.035202608,0.034851592,0.03472823,0.03771841,0.036606245,0.036768366,0.036898598,0.036668204,0.036769025,0.036617316,0.037559837,0.03679453,0.036936693,0.036352284,0.036733367,0.034408323,0.034130502,0.034219578,0.033559732,0.033904217,0.033821963
2021-04-16,0.034175493,0.03508892,0.034444597,0.03349808,0.034124404,0.03270241,0.032978363,0.03288423,0.03394503,0.033509716,0.037083574,0.03807375,0.038303915,0.038766585,0.037576318,0.03862692,0.03776912,0.038341474,0.038310174,0.038664997,0.03809376,0.037555423,0.03461943,0.034395088,0.033801567,0.03393958,0.03406792,0.034659177
2021-04-23,0.035202183,0.03583481,0.03399872,0.03297542,0.03591941,0.03378289,0.035108216,0.034436643,0.03641285,0.034378964,0.034802943,0.03701229,0.037136935,0.03750141,0.03699921,0.037347093,0.03660353,0.037423216,0.03778531,0.037214335,0.037182443,0.03711927,0.035620116,0.03445623,0.034273714,0.034104228,0.034662507,0.03470514
2021-04-30,0.03490587,0.036442827,0.03482079,0.0347364,0.035871033,0.033857323,0.036316115,0.03410386,0.036880508,0.034762505,0.03623331,0.035946697,0.036298122,0.036707256,0.035612244,0.03697558,0.035777934,0.03710271,0.036317613,0.036551032,0.03710839,0.036645696,0.035195164,0.035647355,0.033838872,0.035219315,0.034755874,0.0353696
2021-05-07,0.03429495,0.03734606,0.035433814,0.034475543,0.035123635,0.03620474,0.035972387,0.035214685,0.036153927,0.036292084,0.03748757,0.03644804,0.03645605,0.036609136,0.03666079,0.03644983,0.036548138,0.037463836,0.03660718,0.036488906,0.0370529,0.037163984,0.0341996,0.0334096,0.03380966,0.033683285,0.03350841,0.033441283
2021-05-14,0.035486013,0.034024324,0.03281033,0.033324964,0.036060046,0.033336286,0.03385997,0.03373302,0.0360099,0.03315787,0.03469989,0.037210576,0.037369903,0.03798583,0.036742717,0.037655544,0.03695628,0.038171835,0.03765261,0.037424818,0.037889525,0.037553743,0.03585968,0.035590075,0.033962563,0.034885187,0.03503212,0.03555439
2021-05-21,0.03480478,0.036923498,0.03519318,0.034510188,0.0353761,0.035286903,0.036016587,0.0350244,0.036369286,0.03562501,0.036677144,0.036520317,0.036477625,0.03670189,0.036849283,0.03661091,0.036447767,0.037449077,0.036911394,0.0367013,0.0372682,0.03642557,0.034494437,0.03372261,0.033983253,0.033918172,0.033839844,0.033871274
2021-05-28,0.03557702,0.037347957,0.03538993,0.035454914,0.035714917,0.03503825,0.036737114,0.035393823,0.037348926,0.03525331,0.03702153,0.03607868,0.036184087,0.036518395,0.036066543,0.03649758,0.035539754,0.036545254,0.036540292,0.03637348,0.037352897,0.03703464,0.03445557,0.033917893,0.033212278,0.033973604,0.03358052,0.03385083
2021-06-04,0.034362618,0.037589345,0.035475843,0.035068788,0.03523988,0.035380337,0.03633732,0.03528464,0.036413983,0.03589421,0.037180275,0.036298197,0.036403116,0.036757387,0.036203172,0.03652109,0.036055095,0.036442354,0.03710795,0.036406234,0.037102908,0.036769584,0.03437588,0.033818725,0.033586413,0.033814814,0.034013264,0.03409662
2021-06-11,0.034813914,0.036399927,0.035231054,0.03507524,0.035422996,0.034720648,0.035639748,0.035497483,0.035819076,0.03546414,0.036623657,0.03648131,0.0365497,0.036734056,0.036365807,0.036587764,0.036427032,0.03675749,0.03681851,0.03655038,0.036320426,0.03716802,0.03480482,0.034340154,0.033993963,0.03444405,0.034447666,0.034500983
2021-06-18,0.034837514,0.036166683,0.03449993,0.03436722,0.03473545,0.0335783,0.03525142,0.03511027,0.03573213,0.034223888,0.03565804,0.03733237,0.037082773,0.037233785,0.03730107,0.037258677,0.036740124,0.03856738,0.03755052,0.037174493,0.03663181,0.03800255,0.03549915,0.033939227,0.033713464,0.033924192,0.03372749,0.034160092
2021-06-25,0.034931317,0.036832698,0.035741255,0.035954192,0.03562802,0.03476032,0.03646083,0.03502544,0.036891304,0.035243932,0.036617324,0.036075547,0.03634181,0.036422808,0.036334395,0.036677763,0.03603781,0.03677473,0.036731318,0.036459982,0.035987385,0.036253378,0.035148084,0.03416519,0.034009367,0.034213983,0.034094013,0.0341858
2021-07-02,0.034164622,0.03641487,0.03579357,0.035524808,0.035087597,0.034855895,0.03574514,0.035061315,0.035877563,0.035259586,0.036989592,0.03682736,0.036915045,0.037222717,0.03715928,0.036814924,0.036670122,0.03760854,0.037288904,0.03695398,0.036159877,0.03691287,0.034488883,0.03369367,0.033594504,0.033714816,0.033512436,0.03368751
2021-07-09,0.034059845,0.035919707,0.03587513,0.03598956,0.035521034,0.034701653,0.035780318,0.03455539,0.036042467,0.03528972,0.037319962,0.036554858,0.036820337,0.03660727,0.036801,0.036577914,0.036541775,0.038322385,0.03718057,0.036524933,0.037624605,0.0376178,0.034417536,0.03342412,0.033422362,0.033418026,0.03349733,0.03359238
2021-07-16,0.03437064,0.03598447,0.03576028,0.03484206,0.0351249,0.035422605,0.035465278,0.035740383,0.035023592,0.035647992,0.036541477,0.036792923,0.036612242,0.036663264,0.036937095,0.036507443,0.036908157,0.036348075,0.037416264,0.03670613,0.03779596,0.03720784,0.035121255,0.033730768,0.033984434,0.033811703,0.033716843,0.033815883
2021-07-23,0.037008014,0.03242743,0.038800552,0.037511166,0.035547256,0.03592943,0.032317385,0.037273735,0.034265447,0.033434197,0.03470226,0.036138915,0.036283817,0.03656785,0.035504766,0.036842108,0.035785265,0.038243905,0.03673563,0.03652931,0.036525488,0.038353644,0.03457474,0.03431998,0.03348328,0.034412667,0.0345011,0.035980687
2021-07-30,0.036143746,0.034094542,0.039943766,0.037596483,0.035299197,0.03644312,0.03279334,0.037409443,0.03405076,0.034609754,0.03536683,0.036550596,0.0362527,0.036266338,0.03513906,0.03641173,0.03617669,0.03606894,0.036759734,0.036369495,0.03668709,0.03726753,0.034198634,0.03397185,0.033389293,0.034370378,0.035246976,0.035121955
2021-08-06,0.03675534,0.033126626,0.039230675,0.03712625,0.035649862,0.036704656,0.032064017,0.03787532,0.03351482,0.03416574,0.03436668,0.036305644,0.036247835,0.036384642,0.03594029,0.036702156,0.036214225,0.036740143,0.03689193,0.036540583,0.036040552,0.03783163,0.03472178,0.03435359,0.033865046,0.034259647,0.034630895,0.035749458
2021-08-13,0.035744634,0.034766436,0.040031202,0.03686433,0.03448905,0.037590638,0.033294335,0.038545847,0.033778723,0.034696326,0.034946326,0.0365216,0.036031947,0.03599754,0.035934143,0.036545373,0.03635853,0.03752523,0.036590304,0.036341317,0.036979407,0.03729221,0.03399132,0.03322322,0.033428438,0.033948448,0.03415385,0.034389257
2021-08-20,0.035059683,0.035324812,0.040578958,0.035800688,0.03339435,0.039272882,0.03424685,0.041349795,0.03372901,0.035798747,0.03492052,0.0357034,0.0355948,0.035822637,0.03571721,0.03556426,0.03534479,0.037499856,0.036175303,0.035369113,0.037192874,0.037876982,0.034278575,0.033618625,0.033213843,0.034006443,0.033770084,0.033774897
2021-08-27,0.036832493,0.033529714,0.0399715,0.03724948,0.034411393,0.036743972,0.033246525,0.03881225,0.034059186,0.03393037,0.034571975,0.036349725,0.036090057,0.03592264,0.03576836,0.036256418,0.03631894,0.037311334,0.036595453,0.036348283,0.0396615,0.037188556,0.03403954,0.033091776,0.03304223,0.033719935,0.03404005,0.034896336
2021-09-03,0.035754524,0.035222895,0.039705448,0.037431173,0.03378198,0.036664773,0.034252632,0.038071096,0.035160467,0.03442146,0.035279043,0.036273804,0.036354527,0.036054697,0.035493854,0.036189705,0.036158655,0.038740907,0.036975104,0.03598637,0.035444,0.03695339,0.03375985,0.033453748,0.033339556,0.033950172,0.03455682,0.034569364
2021-09-10,0.035198174,0.03494489,0.039557166,0.037192054,0.03369651,0.036249608,0.034440286,0.037241377,0.035452954,0.034636073,0.035277735,0.03608459,0.03640554,0.036263015,0.035377044,0.036278937,0.0359446,0.036517087,0.036217585,0.0361954,0.037292965,0.036601268,0.03390216,0.03453689,0.03371144,0.034524646,0.034987297,0.03527271
2021-09-17,0.0362651,0.033180714,0.037447385,0.037394784,0.035751883,0.03502798,0.033666804,0.035641905,0.03509978,0.03420605,0.03539637,0.03610559,0.036250044,0.036586158,0.03497026,0.03665424,0.036091987,0.036551036,0.03638831,0.036391117,0.03677419,0.037207812,0.034640722,0.035171226,0.03427455,0.03511753,0.035570875,0.036175594
2021-09-24,0.037158974,0.034510776,0.036736168,0.038451064,0.036244437,0.035450824,0.034337178,0.03589095,0.036296472,0.034681886,0.036449976,0.035537962,0.035700396,0.036028475,0.034790214,0.036183357,0.035446566,0.036284063,0.03593524,0.03611096,0.036613777,0.03627639,0.0340963,0.03498505,0.03414245,0.03461404,0.03546361,0.035582382
2021-10-01,0.03574987,0.034840398,0.038400535,0.036900394,0.03434306,0.036980294,0.034877226,0.03773982,0.035032805,0.034837484,0.035131644,0.03625793,0.036189385,0.035979375,0.035727315,0.03634801,0.036638446,0.03652653,0.036990233,0.03611578,0.036630303,0.037249345,0.033907793,0.033694103,0.03369866,0.03424082,0.03436465,0.034607776
2021-10-08,0.036088765,0.032700457,0.03758888,0.037462153,0.03496586,0.036831833,0.032814488,0.037015848,0.034838658,0.0333211,0.03516169,0.03720457,0.036807496,0.03714934,0.035811096,0.037375316,0.03696302,0.037502065,0.03680966,0.036944352,0.037200935,0.037506305,0.033450004,0.034001675,0.033091336,0.033994168,0.033813965,0.03558492
2021-10-15,0.035322648,0.033442315,0.039494965,0.03546049,0.033811588,0.037614517,0.03380229,0.03902483,0.034502942,0.034005865,0.034259237,0.03684804,0.036764115,0.036582187,0.03585106,0.037032913,0.037532814,0.038051885,0.036688387,0.037022766,0.036930077,0.038549036,0.033810943,0.03296513,0.03277338,0.033512197,0.033790942,0.034552447
2021-10-22,0.03718052,0.032783356,0.03590866,0.035550542,0.03583079,0.03606685,0.034131225,0.036145225,0.036015555,0.033779547,0.03513628,0.03670082,0.036876444,0.036838327,0.036425944,0.037075706,0.03694503,0.03705474,0.037036836,0.03705609,0.03684096,0.037429567,0.034782503,0.033709634,0.033730954,0.034070328,0.03396476,0.03493281
2021-10-29,0.03663393,0.03291653,0.037013456,0.03513385,0.03604898,0.035501987,0.033431567,0.035973053,0.036116607,0.03436645,0.035186786,0.036231674,0.03617073,0.036649752,0.035290778,0.036921214,0.03639315,0.036881775,0.036265373,0.036623,0.03619989,0.037143745,0.034954622,0.035206124,0.03417313,0.034972973,0.03517767,0.036421195
2021-11-05,0.036875643,0.03374154,0.036961958,0.03660758,0.03617861,0.035341427,0.034890294,0.03539437,0.03751205,0.03442584,0.03663392,0.036227167,0.03639295,0.036546722,0.035638012,0.036505364,0.036055826,0.03689387,0.036453713,0.03635769,0.035537682,0.036297582,0.03466187,0.03419645,0.03374148,0.03460499,0.034180578,0.035144813
2021-11-12,0.03772016,0.03354155,0.03708273,0.036168743,0.036581695,0.035789732,0.03469865,0.035768025,0.037877142,0.0345527,0.036287032,0.03607767,0.036416817,0.03643474,0.035762932,0.036440235,0.03629537,0.036482513,0.036449164,0.036385044,0.03710494,0.0371792,0.03390413,0.033810806,0.03352059,0.03378917,0.03372796,0.034150556
2021-11-19,0.037226997,0.03350955,0.03692696,0.03766192,0.036311332,0.03583844,0.034717374,0.034948055,0.036633812,0.033754468,0.037133995,0.036074586,0.03647346,0.036538046,0.035585202,0.036789086,0.036424085,0.036433354,0.036317825,0.036422342,0.03608548,0.03621309,0.03389963,0.034229767,0.03378159,0.034467258,0.034170613,0.03543171
2021-11-26,0.035703026,0.033427835,0.037731297,0.03802492,0.035367273,0.035580948,0.034056596,0.03537105,0.035829954,0.033549372,0.036517315,0.03579788,0.03614259,0.036607392,0.034903914,0.03685584,0.036418136,0.036553018,0.03571631,0.036545403,0.03554159,0.03616649,0.03497407,0.035727292,0.03411094,0.03523199,0.03532968,0.036217857
2021-12-03,0.03650657,0.03310803,0.03692382,0.036871754,0.035566512,0.03468785,0.03325744,0.034745842,0.033631653,0.033770625,0.037354372,0.036408804,0.036809295,0.036780328,0.035777554,0.036886714,0.037078418,0.036624968,0.03686271,0.03698641,0.03719979,0.03656075,0.034411702,0.035135683,0.033890087,0.034816153,0.035419352,0.03592684
2021-12-10,0.037181422,0.032641154,0.038594678,0.034573235,0.03506552,0.034037907,0.030679604,0.035389964,0.03157319,0.033242047,0.03654857,0.0375091,0.03763251,0.03788882,0.036039464,0.037897214,0.038227927,0.03826159,0.03709409,0.03798052,0.037566453,0.03737189,0.03382305,0.034060158,0.03320492,0.034121994,0.035099488,0.03669353
2021-12-17,0.036883604,0.03286524,0.03713064,0.04019937,0.03491152,0.03487075,0.033574946,0.03467467,0.032940917,0.032668673,0.03740479,0.036650706,0.036914364,0.03703625,0.03598714,0.037126593,0.03708013,0.037730306,0.036387626,0.037187662,0.035769954,0.036146395,0.03391697,0.034941174,0.03374518,0.03492067,0.034948815,0.035384975
2021-12-24,0.036973577,0.033104304,0.036721084,0.038309384,0.035803456,0.0345491,0.033174112,0.034836058,0.033409987,0.033499718,0.03729233,0.036508407,0.03696686,0.036698647,0.036073815,0.03684646,0.036701106,0.037033103,0.036786295,0.03709726,0.036942333,0.036447436,0.034052685,0.03474696,0.034030136,0.03470161,0.035139624,0.035554133
2021-12-31,0.037566554,0.032899387,0.03677786,0.039077077,0.035836723,0.034767948,0.033518188,0.03529331,0.033914592,0.03294194,0.037171416,0.036295474,0.036584638,0.036673434,0.035108782,0.036659494,0.036500335,0.036369607,0.03621944,0.03640773,0.03655787,0.03700693,0.03384858,0.03563005,0.03341974,0.036535613,0.034847062,0.035570234
2022-01-07,0.037469115,0.033121306,0.03707818,0.036591887,0.034935117,0.033925354,0.031432774,0.035763957,0.032057974,0.033833995,0.036962774,0.037115753,0.037078775,0.03733868,0.03606782,0.037329346,0.03767108,0.037976325,0.03717625,0.03736042,0.03859378,0.03781324,0.03376598,0.034007832,0.03298074,0.035076585,0.034310434,0.03516454
2022-01-14,0.036200076,0.032471534,0.03765527,0.037057705,0.034818165,0.03351747,0.030568227,0.035636205,0.031616267,0.033407796,0.036828667,0.03709277,0.036946636,0.037789,0.035781693,0.037517704,0.037137598,0.036727253,0.03745488,0.037540507,0.037057295,0.03739739,0.0341417,0.03553586,0.033523828,0.03540277,0.035809573,0.037366185
2022-01-21,0.03412685,0.033595353,0.033612072,0.034021642,0.033487707,0.030856203,0.030403312,0.031515222,0.031375177,0.032850053,0.036851294,0.038859107,0.03898055,0.039132874,0.036852717,0.038870297,0.039025754,0.038622297,0.039187778,0.03905624,0.037486643,0.038303155,0.034673356,0.0358892,0.03403625,0.03535827,0.03624079,0.03672986
2022-01-28,0.035692174,0.035157386,0.036010195,0.034443665,0.03484358,0.034010913,0.033887543,0.036431454,0.034359857,0.035143215,0.03604888,0.03657631,0.036762275,0.036880318,0.035865404,0.037017208,0.0363542,0.036449872,0.036662627,0.03681825,0.035972293,0.037086923,0.035847053,0.035706587,0.034059443,0.035329647,0.035025887,0.035556875
2022-02-04,0.033551,0.03399655,0.03482318,0.03569841,0.033664,0.031780586,0.032100268,0.03398067,0.03278841,0.03381598,0.036615048,0.037333243,0.03768137,0.037734136,0.03607452,0.038018294,0.037142318,0.036800876,0.03728739,0.038033664,0.03676501,0.036905885,0.03589968,0.03703365,0.0351704,0.036000464,0.03641814,0.03688683
2022-02-11,0.033675905,0.034111794,0.034838725,0.037242383,0.034666672,0.032522723,0.03239635,0.03465548,0.03337428,0.034107316,0.038103383,0.037058853,0.037245028,0.037148718,0.03634734,0.037239127,0.0371416,0.036463797,0.03733284,0.037095834,0.036095373,0.037039198,0.035891157,0.035816707,0.034930374,0.0358432,0.035681423,0.035934396
2022-02-18,0.03269894,0.03345619,0.033438586,0.03365939,0.03406673,0.030860636,0.031122304,0.032081086,0.0327418,0.03378497,0.036966443,0.037703864,0.038452324,0.038294133,0.036457997,0.03848505,0.03792417,0.036819965,0.03791366,0.03850981,0.03677623,0.038139325,0.036823276,0.037511636,0.034737848,0.036552697,0.03672265,0.037298284
2022-02-25,0.03537739,0.03527646,0.0358591,0.03624846,0.035200007,0.034170758,0.034084022,0.036322102,0.034355037,0.034804,0.03742595,0.036514208,0.036609497,0.03649023,0.03610011,0.036540728,0.036653902,0.035879992,0.036742426,0.03656996,0.03583765,0.03634247,0.035423636,0.03514376,0.034560412,0.035033453,0.034997344,0.035436947
2022-03-04,0.033224955,0.032929324,0.03268071,0.03559686,0.034314245,0.031042142,0.030859713,0.031194367,0.031894878,0.032301757,0.037868302,0.038336106,0.03858364,0.038511425,0.03700144,0.038578127,0.03841539,0.03870481,0.038564928,0.03849665,0.037877098,0.03847419,0.03499461,0.03612456,0.03489328,0.03601893,0.036153484,0.036364093
2022-03-11,0.035827443,0.034081645,0.035015807,0.036917213,0.03548934,0.03431178,0.032688268,0.03476275,0.03329398,0.03351501,0.03861726,0.03677133,0.036959108,0.036714032,0.03606244,0.03686642,0.03663345,0.03673587,0.03695575,0.03679556,0.03666814,0.036580764,0.035181917,0.035566974,0.034598507,0.035505004,0.035491012,0.03539325
2022-03-18,0.03592054,0.034652777,0.035046343,0.036095485,0.035591982,0.034172993,0.033778936,0.03492208,0.034153868,0.034457684,0.03767801,0.03626208,0.036498398,0.036487076,0.035785504,0.0364633,0.0361693,0.035711348,0.036789674,0.036294542,0.036516774,0.037362706,0.035133876,0.035827633,0.03464582,0.03649815,0.03542416,0.035658956
2022-03-25,0.037087232,0.0343744,0.035317674,0.03783547,0.035614748,0.034505527,0.033627756,0.035970386,0.034009367,0.034625195,0.03902096,0.03606494,0.036330964,0.035985045,0.03589214,0.0362491,0.0359103,0.035913147,0.036399823,0.036154345,0.036255877,0.036099847,0.03477754,0.035150338,0.03480269,0.035321478,0.035314813,0.035388887
2022-04-01,0.036960147,0.034536913,0.035131022,0.03646721,0.035725646,0.033907875,0.033682413,0.034827054,0.034061115,0.034753967,0.0385886,0.036342606,0.036827467,0.03650272,0.036180332,0.036462095,0.036244746,0.036452163,0.03678217,0.03643104,0.035914596,0.036217935,0.035005976,0.035248302,0.034554094,0.03533045,0.03550268,0.035358656
2022-04-08,0.039129637,0.034515195,0.035822883,0.03956098,0.036244497,0.034546707,0.034444667,0.03697134,0.03447656,0.03516013,0.0401924,0.03515354,0.035529036,0.0353743,0.035781395,0.035354726,0.03511586,0.035383366,0.0358738,0.03507989,0.036561474,0.03540656,0.034664094,0.03462317,0.034823418,0.03496238,0.034931224,0.03431677
2022-04-15,0.036207523,0.034125283,0.03582464,0.036119945,0.034930225,0.03259065,0.032525875,0.034145612,0.03301616,0.035073355,0.03875214,0.037043765,0.037523754,0.037367705,0.036474552,0.03728965,0.036990374,0.03686874,0.036966044,0.037424903,0.036047272,0.03723103,0.03467252,0.03507962,0.034082383,0.03497451,0.03524451,0.035407268
2022-04-22,0.038124595,0.03370805,0.038975995,0.04042957,0.03571639,0.040157054,0.03450816,0.036339182,0.0339924,0.037570383,0.040872842,0.03534854,0.035638403,0.03496775,0.036567997,0.03523229,0.03493239,0.035203967,0.03566643,0.035055894,0.034087237,0.035150718,0.03396941,0.0331399,0.033656415,0.03391937,0.03357789,0.03349078
2022-04-29,0.03730841,0.033857435,0.03882054,0.039378688,0.035089843,0.03853859,0.03418015,0.03662029,0.0340797,0.03768654,0.039607003,0.035842787,0.036102973,0.035352692,0.03602997,0.035622783,0.035508938,0.03578159,0.035455126,0.035516977,0.03565537,0.035586357,0.033903822,0.03339286,0.03382595,0.033815652,0.033610333,0.033828598
2022-05-06,0.03613717,0.034475334,0.040203735,0.040748846,0.034928553,0.038498484,0.03501162,0.036925454,0.034281284,0.03995102,0.040824145,0.035921037,0.036151275,0.03488963,0.036469802,0.035122912,0.035692118,0.034722228,0.035796158,0.0353287,0.035720117,0.034706995,0.032999367,0.032482095,0.033828437,0.03292811,0.032872856,0.032382526
2022-05-13,0.035999376,0.03353909,0.040234856,0.04059794,0.03468629,0.03790713,0.03355857,0.036524273,0.033714876,0.038730454,0.040282972,0.035783544,0.035800956,0.035243124,0.03526964,0.035829328,0.03540582,0.035451803,0.0356446,0.035492893,0.034675844,0.036425732,0.033668913,0.03374387,0.03320464,0.034272373,0.03374795,0.03456319
2022-05-20,0.03583461,0.033196326,0.039526448,0.04026183,0.034756437,0.03874787,0.03306178,0.036405314,0.03338364,0.03811503,0.03959204,0.03649507,0.03649281,0.035854273,0.036062106,0.036151372,0.03648525,0.035543732,0.035981134,0.036076833,0.036195606,0.03532485,0.03333906,0.03303252,0.033228904,0.033340614,0.033651933,0.033862617
2022-05-27,0.03755778,0.03309867,0.03787943,0.039411746,0.035296906,0.039851412,0.032954186,0.037793793,0.033670016,0.036640104,0.03838051,0.036297712,0.03649979,0.035700597,0.03583962,0.036120262,0.036144435,0.035836298,0.035983205,0.036081206,0.035123195,0.03570498,0.033866074,0.03329473,0.033083357,0.03362249,0.033790056,0.034477413
2022-06-03,0.037931714,0.03350196,0.038744822,0.039351117,0.03558004,0.041269332,0.033526856,0.038165323,0.033562265,0.037622154,0.0390035,0.0360985,0.036013685,0.035199106,0.036688775,0.035584304,0.03629341,0.036659755,0.036241844,0.035865106,0.03492844,0.035700973,0.0331152,0.032165702,0.03317453,0.03302603,0.03237874,0.032606833
2022-06-10,0.03686094,0.034701023,0.03883595,0.040253296,0.035495646,0.04159966,0.03494671,0.038245592,0.033957537,0.03832073,0.039298512,0.035345584,0.03540472,0.034823008,0.03548424,0.034899652,0.03545618,0.03749247,0.03580591,0.034677364,0.034469433,0.036480825,0.033139616,0.03215509,0.032702144,0.03327843,0.032831423,0.0330383
2022-06-17,0.036595814,0.03601684,0.038902603,0.038589768,0.035856068,0.04067337,0.03663807,0.037635744,0.035128877,0.038555406,0.03882184,0.034874797,0.034996085,0.034948234,0.035636183,0.034724675,0.03513834,0.03472411,0.035187095,0.034316633,0.034421317,0.035018343,0.034122914,0.03330976,0.033836853,0.033982873,0.033745892,0.033601515
2022-06-24,0.037771404,0.03360782,0.03695807,0.03780645,0.03619364,0.039618306,0.034178086,0.037059277,0.0348907,0.036035128,0.037648845,0.035505444,0.035452493,0.035418406,0.03536069,0.035689004,0.034991838,0.03559795,0.035763472,0.035445843,0.036450423,0.035929505,0.034217272,0.034458995,0.03338085,0.035294577,0.03437328,0.03490223
2022-07-01,0.03642863,0.034490306,0.03898302,0.037363634,0.035693448,0.040073715,0.03451194,0.036695518,0.033708047,0.03791912,0.03916709,0.036500886,0.036487773,0.035730764,0.035888564,0.035683002,0.036447894,0.03594407,0.0361592,0.035779245,0.03537742,0.036210947,0.033329293,0.03275045,0.032706413,0.033582903,0.03311896,0.033267733
2022-07-08,0.038072452,0.03357165,0.03846515,0.03656052,0.03512847,0.03982873,0.034153156,0.037451208,0.03389169,0.036999676,0.03807303,0.03594316,0.035554484,0.03561324,0.035380926,0.03579718,0.035508428,0.037263826,0.035868537,0.035412908,0.035232745,0.035937063,0.033840407,0.03405921,0.03291603,0.034438968,0.03392691,0.035110265
2022-07-15,0.03709209,0.034728758,0.03757793,0.036740452,0.035759434,0.038498025,0.03512082,0.036352955,0.03461011,0.03671297,0.037523996,0.0358872,0.035617474,0.035638038,0.035399098,0.035819713,0.035739936,0.036029536,0.036226165,0.035324093,0.03634956,0.0361903,0.03415262,0.033940766,0.033701815,0.034603804,0.03402476,0.034637548
2022-07-22,0.03621318,0.036914937,0.03674974,0.035656136,0.036731433,0.035285003,0.037220202,0.036131334,0.036293745,0.036884774,0.037861597,0.036003187,0.035555575,0.035480917,0.035492178,0.035613254,0.03588718,0.036196966,0.03578293,0.035487708,0.035800196,0.036093522,0.03404162,0.033753328,0.033926234,0.034509268,0.03418105,0.034252826
2022-07-29,0.0371119,0.0373772,0.03694059,0.03538745,0.036880203,0.036608316,0.038103092,0.035888128,0.03672895,0.037131965,0.039043438,0.035557084,0.03562948,0.0353543,0.035188004,0.035328694,0.03573728,0.0363342,0.03581845,0.03505737,0.03589634,0.035857767,0.033487715,0.03314334,0.033022404,0.034147352,0.03366175,0.033577293
2022-08-05,0.03582015,0.040269352,0.039674323,0.037178375,0.036869567,0.038982514,0.04058395,0.039660506,0.037591323,0.040373288,0.03876234,0.033836983,0.03337566,0.03325668,0.03375169,0.03350559,0.03388349,0.035001244,0.03395115,0.033205334,0.03465142,0.03420206,0.033797354,0.03317052,0.033623952,0.034120996,0.033560246,0.03333997
2022-08-12,0.03569744,0.037627727,0.037054103,0.035583206,0.036411937,0.035884753,0.036675956,0.036115672,0.03604244,0.03705634,0.03877321,0.03552448,0.03508141,0.035385042,0.034715943,0.035719093,0.035575468,0.036075495,0.035502937,0.03535574,0.03562223,0.035941005,0.0339715,0.034413207,0.033699166,0.034719385,0.03466238,0.03511271
2022-08-19,0.03634133,0.040920284,0.04018554,0.03598276,0.0367302,0.039124127,0.041424934,0.040109582,0.037928693,0.04046537,0.039819557,0.034352716,0.034021668,0.033759333,0.034382004,0.03369286,0.034537345,0.03563483,0.03440273,0.03352098,0.03517526,0.034273427,0.03255588,0.031469382,0.032780327,0.032607585,0.03200866,0.031792644
2022-08-26,0.036002345,0.038904708,0.038404543,0.036145188,0.037226867,0.03712467,0.039421357,0.03721382,0.037419543,0.038951155,0.038694646,0.035113618,0.034996472,0.034821056,0.035074275,0.03468888,0.03534703,0.03467705,0.035160184,0.03453873,0.03543978,0.034891546,0.0332629,0.032840975,0.033555433,0.033549335,0.03336902,0.033164904
2022-09-02,0.034512028,0.041731726,0.040861502,0.03595311,0.036742553,0.03822174,0.041902613,0.040246695,0.037256666,0.0416541,0.03862923,0.033828113,0.03343997,0.03357099,0.033707924,0.03345082,0.033760373,0.03478864,0.034030497,0.03338614,0.034398824,0.0340269,0.033543758,0.03293872,0.033805944,0.033728,0.033119902,0.03276251
2022-09-09,0.03437419,0.039287552,0.04030365,0.034733467,0.03631398,0.035630986,0.03771095,0.038774736,0.036562175,0.039453607,0.037495367,0.03537991,0.034329362,0.034388676,0.034559164,0.034645025,0.035420917,0.034425143,0.034513574,0.034668274,0.035220534,0.035253525,0.034328137,0.03417014,0.034528095,0.034354042,0.03442912,0.034745704
2022-09-16,0.034877304,0.04146164,0.040895328,0.036719598,0.037751764,0.037482042,0.04155257,0.039240036,0.037554633,0.041748896,0.038966756,0.03400025,0.033467144,0.033248365,0.033600904,0.03339207,0.03398041,0.033277042,0.034109462,0.033147715,0.0346914,0.03413495,0.033334993,0.03310394,0.033754047,0.033898696,0.033316486,0.03329157
2022-09-23,0.03458735,0.041565277,0.04095492,0.037623137,0.03703348,0.037173398,0.04137529,0.040376514,0.037263148,0.041423768,0.038008362,0.03357952,0.032953616,0.033085234,0.033272043,0.033156015,0.033691373,0.03356635,0.03368582,0.033111453,0.03472037,0.03390643,0.03412084,0.0334999,0.034464657,0.034265656,0.03396905,0.033567045
2022-09-30,0.03524531,0.03997559,0.039529305,0.038410902,0.037176967,0.03688157,0.040015507,0.03837764,0.037086938,0.0396699,0.03862152,0.033860933,0.033515662,0.033628855,0.03368859,0.033858884,0.03381709,0.034008007,0.03425381,0.03348531,0.034777835,0.034457482,0.034354694,0.03398135,0.034353763,0.034579787,0.034231555,0.03415523
2022-10-07,0.035025068,0.038484853,0.03834094,0.037664186,0.036597654,0.035770923,0.03841192,0.037591748,0.03628152,0.037861425,0.038325462,0.035333913,0.034851093,0.0346923,0.035000894,0.034909658,0.035483107,0.034772977,0.035174567,0.03491956,0.03550318,0.034944613,0.034250982,0.033586077,0.034575947,0.034035742,0.033660363,0.03394935
2022-10-14,0.034296744,0.040219538,0.04020735,0.03928278,0.036864463,0.035757296,0.040264733,0.038299758,0.036396056,0.040082745,0.038569264,0.033716585,0.03306557,0.033385806,0.03302579,0.033736583,0.033797625,0.0343452,0.03357629,0.033318877,0.03451813,0.034521256,0.03447445,0.03476814,0.034515798,0.034849957,0.03493791,0.0352053
2022-10-21,0.036301438,0.03672247,0.040872186,0.037261732,0.034731023,0.038336266,0.03850811,0.04385113,0.035224203,0.037341237,0.035339154,0.034200743,0.033428565,0.033861514,0.034138612,0.034199927,0.034234162,0.034690503,0.034312338,0.033738043,0.034676656,0.035263065,0.03538165,0.034478135,0.034611456,0.03492018,0.034454167,0.034921322
2022-10-28,0.036536686,0.034941547,0.03857112,0.035661764,0.034921184,0.036823664,0.035992093,0.040678076,0.034824334,0.035963155,0.0345399,0.03519962,0.034644093,0.035206754,0.03422411,0.035295613,0.035194695,0.03565823,0.035378292,0.035115626,0.036138147,0.036143254,0.03554021,0.03512729,0.034481782,0.03595686,0.035412714,0.03582919
2022-11-04,0.035679046,0.037671216,0.042307485,0.037700333,0.034197886,0.03871389,0.038536385,0.044322915,0.035314865,0.03910425,0.03627094,0.034322675,0.03374826,0.033793956,0.034577064,0.03412764,0.03446018,0.03443819,0.03477458,0.033718187,0.035522785,0.034496732,0.034201358,0.033236317,0.033821434,0.033986375,0.033377565,0.03357752
2022-11-11,0.03544868,0.033872597,0.037350886,0.034956813,0.034785636,0.03477356,0.034273855,0.03820553,0.033825576,0.035435397,0.032507796,0.03593463,0.035287976,0.03583288,0.03425529,0.03603704,0.035923366,0.03561307,0.035519354,0.035961784,0.036663562,0.036841437,0.036573477,0.0366585,0.035728507,0.03657172,0.03704662,0.03811447
2022-11-18,0.03733581,0.03781277,0.041728463,0.037775807,0.03567526,0.037942216,0.0362843,0.043091938,0.035607107,0.038958423,0.03598956,0.0331861,0.032481886,0.033098612,0.033070203,0.033317596,0.033040382,0.035384998,0.034064263,0.032755576,0.03499407,0.03489489,0.03598034,0.03496365,0.034654077,0.03591443,0.034969974,0.035027295
2022-11-25,0.036232132,0.037077677,0.04011018,0.03746129,0.03534703,0.03725714,0.035826053,0.04133313,0.035661876,0.037732173,0.03412789,0.03386531,0.033165038,0.03373627,0.03319866,0.034130834,0.03388576,0.03534304,0.034154043,0.033489004,0.03539309,0.035376653,0.036213793,0.03589739,0.035443693,0.03627873,0.036021773,0.03624037
2022-12-02,0.03468657,0.03572179,0.03804868,0.03477632,0.03425785,0.03680222,0.033488665,0.038206887,0.034089793,0.036721736,0.03353092,0.03615991,0.035449855,0.03584456,0.036163785,0.035844587,0.036099482,0.036101922,0.03639669,0.035670504,0.036892045,0.036371075,0.035960916,0.035185724,0.03527528,0.03562376,0.035175685,0.03545275
2022-12-09,0.036169223,0.03842193,0.040102176,0.04012181,0.03543149,0.038719386,0.036611166,0.04340911,0.035973225,0.038832396,0.035275295,0.033318773,0.032297462,0.032800075,0.03296824,0.033222906,0.033335187,0.033973433,0.033436365,0.03249778,0.03510525,0.03440582,0.03606826,0.035182312,0.035457175,0.036016867,0.03543267,0.03541423
2022-12-16,0.03514008,0.03604469,0.038359202,0.037140913,0.034580566,0.037264958,0.03443263,0.040174503,0.03496902,0.036511306,0.033539653,0.035552435,0.03461937,0.03535431,0.03476593,0.03546904,0.035676744,0.03573913,0.035520177,0.035203245,0.03626484,0.035910033,0.035576224,0.035035476,0.03490022,0.035335265,0.03509928,0.03582081
2022-12-23,0.03650681,0.037068587,0.03939794,0.036772307,0.03552978,0.038977537,0.035178244,0.042038232,0.03619154,0.03764385,0.035153534,0.03531217,0.034347735,0.034553725,0.03538899,0.035032976,0.03525511,0.03490839,0.03543336,0.03455231,0.03662187,0.035515103,0.034664206,0.033345506,0.033874016,0.034182798,0.033131592,0.033421792
2022-12-30,0.036366582,0.03752833,0.03988982,0.038886037,0.036081437,0.039354436,0.035717405,0.04189619,0.036588512,0.03807301,0.034405347,0.033959385,0.033141635,0.033602487,0.033063754,0.033926483,0.034069505,0.035426922,0.03400072,0.03342882,0.035475865,0.03452771,0.03548509,0.03494671,0.03447666,0.035423122,0.034982633,0.035275467
2023-01-06,0.03530931,0.0357247,0.03610712,0.036967956,0.035066687,0.03533082,0.03507902,0.036477685,0.035066478,0.035536386,0.0341249,0.03538266,0.03498723,0.03540584,0.034709398,0.03560321,0.0352828,0.035561215,0.03547711,0.035431698,0.035845038,0.035998024,0.03639269,0.036625043,0.036447264,0.03660615,0.036611143,0.03684241
2023-01-13,0.03445683,0.034226984,0.036692366,0.03892316,0.03305035,0.03459573,0.03258045,0.038259458,0.033194702,0.033056192,0.028547006,0.037848026,0.03734822,0.037777007,0.035621002,0.037864387,0.038016096,0.037743106,0.03754507,0.0384076,0.036930926,0.03765151,0.03456677,0.035194643,0.034415293,0.034683242,0.034852754,0.035951134
2023-01-20,0.03481149,0.03418243,0.036013797,0.036342967,0.034345493,0.03328537,0.032477688,0.03552102,0.03252071,0.033305354,0.03720615,0.037212387,0.03671605,0.037237108,0.035953943,0.03770344,0.03713961,0.037245248,0.03722958,0.03726124,0.037141252,0.03786875,0.03503301,0.03558313,0.034086257,0.03519154,0.035100665,0.03628431
2023-01-27,0.036025833,0.03538558,0.036407106,0.03636132,0.036046214,0.03407163,0.035177115,0.03599882,0.03440591,0.034793828,0.039399315,0.035721548,0.03571183,0.03590728,0.035427693,0.036205392,0.035770744,0.03646968,0.036338285,0.03579748,0.03727685,0.0365074,0.035388608,0.03477378,0.033666454,0.035639785,0.034614474,0.03471002
2023-02-03,0.035636675,0.03568086,0.036049042,0.03495281,0.03570398,0.03424357,0.03467739,0.035832435,0.034675725,0.035243396,0.03727932,0.03585937,0.035195366,0.035802446,0.03513818,0.036054794,0.035614163,0.036127582,0.035850555,0.03565347,0.036054477,0.03674583,0.036014095,0.036139626,0.035107605,0.036067892,0.03590209,0.036697235
2023-02-10,0.03461303,0.034471788,0.03536385,0.032937683,0.034271467,0.033817403,0.033037376,0.03546706,0.0329545,0.03459069,0.03705401,0.037650086,0.03683625,0.03722882,0.037230223,0.037613146,0.037472825,0.03667194,0.037233375,0.037135825,0.036342796,0.037052758,0.035268,0.035703577,0.03497859,0.035486016,0.03526733,0.036249574
2023-02-17,0.036213953,0.034405947,0.03557408,0.034396864,0.03489887,0.033816773,0.033655718,0.035707176,0.03351917,0.03433596,0.036483243,0.036436625,0.035788182,0.0362314,0.035824426,0.03661711,0.036471408,0.03696229,0.036495436,0.036224823,0.037842724,0.03722043,0.03570847,0.035936855,0.035501808,0.035568245,0.035758026,0.036404017
2023-02-24,0.037847787,0.034575522,0.037065376,0.03586726,0.03587135,0.035059616,0.0342298,0.036908023,0.033819072,0.03481871,0.03912107,0.03563972,0.035414092,0.03564385,0.03610741,0.035899878,0.035804566,0.036522463,0.036330905,0.03544761,0.036759447,0.036309782,0.035322882,0.034586966,0.034451284,0.03538802,0.03441324,0.03477433
2023-03-03,0.03870663,0.033654988,0.0369436,0.035552397,0.03494255,0.034941487,0.032759495,0.036391404,0.0330372,0.034407258,0.037699576,0.036773473,0.03653439,0.036646567,0.03666938,0.03661932,0.036814332,0.036171656,0.037499294,0.03653465,0.036233276,0.03670211,0.035150528,0.034487195,0.034464516,0.034737688,0.03436692,0.034558095
2023-03-10,0.03870152,0.034664363,0.034802273,0.03581868,0.034954585,0.033886615,0.035600033,0.033978138,0.034367338,0.034140214,0.036344238,0.035635438,0.035231635,0.035689496,0.03527975,0.035739098,0.03563331,0.03579683,0.036006723,0.035463396,0.036026545,0.03645832,0.036459956,0.036521338,0.03648349,0.036458462,0.036814086,0.03704411
2023-03-17,0.037159536,0.035113007,0.035184965,0.035843365,0.035536774,0.034006134,0.03491299,0.03514406,0.035159025,0.03483873,0.03429791,0.03542667,0.034730464,0.035723254,0.034270108,0.035706267,0.035635352,0.03568382,0.035513528,0.03532617,0.035994053,0.036522046,0.03699723,0.036993343,0.036766052,0.037059635,0.03709283,0.037362732
2023-03-24,0.03732287,0.03401361,0.03775885,0.03482254,0.034244362,0.034399755,0.032292277,0.037108034,0.03296376,0.035347365,0.03594826,0.036850974,0.036267202,0.036552377,0.03629058,0.036730174,0.037103675,0.037009064,0.03653026,0.036691725,0.036173653,0.036972012,0.035425052,0.035037205,0.034974087,0.03493738,0.034816545,0.03541635
2023-03-31,0.036945242,0.035106245,0.038714275,0.034390703,0.03482832,0.034508552,0.033440556,0.03781196,0.03364437,0.035838176,0.03775843,0.036243215,0.03573973,0.035922173,0.03621316,0.036623515,0.036150783,0.03707966,0.03670644,0.036062714,0.03650744,0.03631165,0.03484124,0.034760375,0.033996265,0.03480003,0.03423809,0.034816712
2023-04-07,0.035085868,0.034001224,0.037350066,0.03477256,0.034087036,0.034189768,0.032214586,0.036406107,0.032915093,0.034816846,0.03597176,0.036837067,0.0361863,0.036805324,0.036232095,0.037052836,0.036766253,0.036846437,0.036774658,0.03668402,0.037893314,0.03678496,0.035639536,0.03552023,0.035081785,0.03564442,0.03544178,0.035998106
2023-04-14,0.035076316,0.034479916,0.038669504,0.034680396,0.033812724,0.033910953,0.032296993,0.037045144,0.032529898,0.035851717,0.03785529,0.036878444,0.036349997,0.03670364,0.03616055,0.037076,0.037066214,0.0367498,0.036608756,0.03664259,0.035463728,0.036764022,0.034994785,0.035454515,0.034456648,0.035132013,0.03513715,0.036152326
2023-04-21,0.03946697,0.042393103,0.039596945,0.03707797,0.035343572,0.03865622,0.044062816,0.04039018,0.040180627,0.042160377,0.044338316,0.032466102,0.03167123,0.03203957,0.03265075,0.032401953,0.032395035,0.03356857,0.032283116,0.031726226,0.034817416,0.033106983,0.03340731,0.032122605,0.033336215,0.033231534,0.032643918,0.03246437
2023-04-28,0.039426744,0.042197213,0.039510682,0.036018066,0.034957487,0.038280137,0.044046976,0.040236622,0.04041264,0.041232266,0.044678815,0.032627974,0.03190752,0.0323689,0.032521464,0.03243075,0.032599624,0.03579737,0.032520123,0.032140262,0.032644827,0.033247877,0.03366848,0.03264378,0.032683454,0.033728268,0.03299091,0.032480758
2023-05-05,0.038641967,0.04146711,0.040652007,0.036645584,0.0344478,0.03788126,0.043203555,0.04006663,0.039704397,0.04031784,0.045319684,0.033368252,0.03261171,0.032503553,0.033678044,0.032918002,0.033623263,0.033599414,0.033016905,0.032601524,0.03263424,0.033549994,0.03342887,0.03232432,0.033422023,0.033317227,0.03271012,0.032344706
2023-05-12,0.03874805,0.041007213,0.039682098,0.035118993,0.0324473,0.039891906,0.04526258,0.040669404,0.041899312,0.03720984,0.042876426,0.033558406,0.032605015,0.033087756,0.03311766,0.033509046,0.033771645,0.033590432,0.032924578,0.0327987,0.03298159,0.034176618,0.03349038,0.03281995,0.033189382,0.033717617,0.033109285,0.032738835
2023-05-19,0.039323702,0.04343471,0.039866503,0.035614856,0.032493826,0.037563685,0.04506223,0.04186576,0.040526927,0.038431123,0.04587544,0.03369408,0.032484837,0.032761388,0.033728927,0.03310418,0.03378711,0.03310222,0.032787208,0.032648247,0.033094667,0.034309443,0.03304048,0.03170429,0.033062205,0.03307912,0.031929653,0.031623174
2023-05-26,0.03997233,0.046030164,0.03946289,0.034764025,0.031927887,0.036116768,0.04797914,0.04251586,0.041010324,0.03941835,0.048161246,0.032979768,0.031924725,0.0321657,0.033244256,0.032874648,0.032894358,0.032856822,0.032702107,0.03222546,0.032028247,0.034048032,0.032860823,0.03158418,0.031937413,0.03274119,0.03228185,0.03129145
2023-06-02,0.03743327,0.040105708,0.0372535,0.036100887,0.034060825,0.03568483,0.040019974,0.039790776,0.03792712,0.03745033,0.040621225,0.03455611,0.033655785,0.033945046,0.03397265,0.034223143,0.0347434,0.036168598,0.034120705,0.033836424,0.034197737,0.03550477,0.034305133,0.033630718,0.034368876,0.034636788,0.033673394,0.03401225
2023-06-09,0.039413944,0.044752166,0.03717383,0.034584258,0.031381503,0.0352524,0.045701332,0.043430164,0.03939072,0.0380261,0.043381948,0.03322877,0.032366496,0.03250639,0.03305924,0.033186346,0.033186078,0.033190273,0.033393554,0.03261146,0.034319755,0.035053276,0.033962365,0.033050295,0.0333136,0.034275904,0.033487983,0.03331983
2023-06-16,0.037011303,0.041607283,0.03684951,0.03487515,0.032677475,0.03453116,0.041981876,0.041398346,0.03777915,0.037502624,0.04112554,0.03426857,0.033341873,0.033632036,0.034126967,0.034161955,0.03430029,0.036261544,0.034287795,0.033656932,0.035680596,0.035591003,0.034167238,0.03343198,0.03406603,0.03466341,0.033722315,0.03330003
2023-06-23,0.03650667,0.044338025,0.03821895,0.034652866,0.032401383,0.03479792,0.04461809,0.04315629,0.037175305,0.038980026,0.044582013,0.03363651,0.03284501,0.033087023,0.033410076,0.03328485,0.033732068,0.034095034,0.033478107,0.032882083,0.035647728,0.034500405,0.033751152,0.032688677,0.033587556,0.03416252,0.03323353,0.0325501
2023-06-30,0.03550992,0.04306842,0.038156107,0.034592547,0.033068255,0.035043363,0.04329154,0.042198632,0.03615751,0.039155442,0.043849993,0.033965472,0.033348322,0.033345442,0.033841282,0.03361688,0.03388319,0.035711452,0.03408224,0.03317924,0.0341485,0.03444108,0.034485858,0.03310647,0.033796087,0.034761287,0.033270556,0.032924898
2023-07-07,0.03434953,0.042860433,0.038522776,0.033272102,0.032072563,0.034811854,0.042957924,0.04409429,0.035052747,0.039493006,0.042988457,0.034481786,0.033226833,0.033381507,0.03436879,0.034110498,0.034446277,0.034699287,0.034317847,0.033319246,0.0355917,0.034842372,0.034687743,0.033124655,0.0344043,0.034402512,0.03344983,0.032669168
2023-07-14,0.03512405,0.039247055,0.03851913,0.03525708,0.035341047,0.03562743,0.039238967,0.039181363,0.035877697,0.038591027,0.040106207,0.034526177,0.033741426,0.03437443,0.033895094,0.034518357,0.035032365,0.034809187,0.03439041,0.03398256,0.035248045,0.03552566,0.03443011,0.034273945,0.03467142,0.0347935,0.03467871,0.034997568
2023-07-21,0.034367032,0.078761786,0.05414445,0.042708658,0.055272497,0.07319052,0.086206906,0.08021899,0.07674521,0.047146074,0.07680932,0.01690295,0.015951516,0.015670765,0.016360287,0.015985295,0.018050024,0.019203981,0.015083149,0.016080784,0.017525554,0.01845686,0.018089473,0.016799044,0.020607073,0.018093824,0.017730607,0.017837353
2023-07-28,0.035871044,0.06637278,0.04724756,0.043073975,0.05418113,0.07061987,0.068179734,0.073002875,0.062143832,0.04548599,0.065146044,0.021682266,0.020528419,0.020003794,0.02089352,0.020454705,0.022553049,0.026825417,0.01952023,0.020896623,0.020991134,0.022704193,0.021734415,0.020418648,0.02458754,0.02194181,0.021590997,0.0213484
2023-08-04,0.0382381,0.06238974,0.04346473,0.04326856,0.052223668,0.068807475,0.060911994,0.06823282,0.05610362,0.045224205,0.06197095,0.023353593,0.022171408,0.02214227,0.022976097,0.022168586,0.02457656,0.029457256,0.02105422,0.022534639,0.022006763,0.024190832,0.02387235,0.022239165,0.026150305,0.023722343,0.023630746,0.022916999
2023-08-11,0.028007599,0.08566278,0.03832647,0.037570827,0.05987008,0.09833732,0.080841854,0.07238826,0.06720549,0.048085604,0.08839546,0.017027587,0.015666157,0.015452218,0.016355272,0.015975388,0.018270947,0.022933073,0.015111207,0.016053706,0.018599194,0.017512204,0.017168054,0.016576787,0.020595131,0.017538,0.017365646,0.01710763
2023-08-18,0.05110778,0.06880281,0.037595373,0.05340279,0.05446263,0.0783055,0.06552704,0.06414476,0.057096086,0.044728942,0.0669141,0.020876171,0.019493131,0.019061074,0.020161748,0.01933863,0.020908782,0.023671314,0.018933613,0.01994846,0.02129326,0.021889558,0.022005562,0.020617994,0.024070423,0.02208339,0.021899251,0.021659832
2023-08-25,0.06411429,0.06867931,0.03444945,0.06314488,0.054005668,0.07631744,0.06699357,0.056458108,0.057074543,0.043226182,0.064925075,0.020268207,0.018833335,0.018628355,0.01944929,0.019132618,0.020760946,0.020694293,0.018712364,0.019177314,0.026164275,0.020620037,0.021503314,0.0197891,0.023772286,0.02105653,0.021329425,0.02071981
2023-09-01,0.07641374,0.06143812,0.034884233,0.06895584,0.052284934,0.070493266,0.058573462,0.053925253,0.052760385,0.04296067,0.05554986,0.021333344,0.020133985,0.019605562,0.02047926,0.020132115,0.022084987,0.022018055,0.019314118,0.020530198,0.029464504,0.02290124,0.022392701,0.021072175,0.024174467,0.022614706,0.021983193,0.021525618
2023-09-08,0.098722376,0.06323475,0.03327448,0.08198428,0.05582746,0.075450905,0.058781434,0.055354364,0.054017667,0.04461434,0.05323295,0.0184293,0.017224047,0.016700502,0.017756134,0.017170966,0.01933195,0.021891113,0.016482918,0.017553547,0.026894594,0.022099905,0.019209964,0.017492007,0.020938763,0.019491818,0.018676057,0.01816135
2023-09-15,0.08497843,0.0714806,0.031179298,0.0958371,0.05309443,0.06638782,0.07871769,0.047224723,0.066588536,0.0386288,0.062170226,0.017725984,0.016543781,0.016114404,0.017198289,0.016566435,0.0183309,0.018352998,0.015969744,0.017038101,0.021653524,0.018107476,0.018031318,0.017309796,0.02040029,0.018754201,0.017904555,0.017710526
2023-09-22,0.06983632,0.065242626,0.036732815,0.09297026,0.052150242,0.059095673,0.08107181,0.05522179,0.071426325,0.037133567,0.057476662,0.018448832,0.017343126,0.016907528,0.017808806,0.017250653,0.019344315,0.019839967,0.01667796,0.01739463,0.022680217,0.020175202,0.01947975,0.018283132,0.021497348,0.019932361,0.019491652,0.01908642
2023-09-29,0.052127097,0.06752809,0.04015086,0.091974,0.054138526,0.05399744,0.09414998,0.052788056,0.08420581,0.036012888,0.062145807,0.018269943,0.016845101,0.016664352,0.017353952,0.016879072,0.01886854,0.018471492,0.016241465,0.01718273,0.021495275,0.019920737,0.018308295,0.017447395,0.02106777,0.018859813,0.018606002,0.018299479
2023-10-06,0.033860162,0.06924015,0.04243721,0.095959716,0.05049961,0.044283796,0.10016591,0.05047659,0.09227903,0.033346087,0.064477324,0.018480701,0.017509822,0.016929325,0.01798223,0.017616661,0.01909967,0.019415755,0.016798472,0.017715782,0.02254095,0.019426469,0.01961585,0.019039446,0.021739244,0.01992834,0.019883493,0.019252207
2023-10-13,0.032640107,0.06641961,0.04389103,0.08896714,0.05187297,0.045308027,0.09540491,0.047473077,0.08881691,0.03428919,0.06362732,0.01948033,0.018573007,0.017903036,0.018846938,0.018561631,0.020497683,0.0207316,0.018038917,0.018737298,0.022276176,0.02170451,0.020310588,0.019788697,0.02312924,0.020858077,0.02100971,0.020842316
2023-10-20,0.037531346,0.043551244,0.04079847,0.0361244,0.03379724,0.03275053,0.04454029,0.04591712,0.03888283,0.034649424,0.045505725,0.032940943,0.0315602,0.03187135,0.03269074,0.03264113,0.03299349,0.03519663,0.03179046,0.032187857,0.0347221,0.033505023,0.035277016,0.033416532,0.034337536,0.03466766,0.033399284,0.032753382
2023-10-27,0.036236845,0.045372784,0.044064324,0.035789337,0.03574622,0.033021554,0.043988407,0.047607996,0.039586857,0.034209672,0.046429716,0.032368157,0.031527787,0.03141948,0.031825744,0.03241087,0.03212717,0.0323623,0.03146623,0.031638943,0.032155324,0.032812603,0.03476182,0.033777114,0.034879312,0.034584332,0.03418775,0.03364141
2023-11-03,0.037019677,0.04136999,0.041625287,0.03502745,0.035825945,0.035042115,0.039560374,0.04464322,0.038880162,0.03442771,0.042218972,0.03315345,0.03227846,0.032481626,0.032771982,0.03321507,0.03294676,0.033588596,0.03239458,0.032614917,0.033748195,0.03376121,0.035569504,0.03483548,0.035482842,0.035517197,0.035129383,0.034869872
2023-11-10,0.03737063,0.044008955,0.046058726,0.0323676,0.036456108,0.034676496,0.038506098,0.04835252,0.037373085,0.033219326,0.045342226,0.032910276,0.032047622,0.031990826,0.032404665,0.033043582,0.032853678,0.032667648,0.032010294,0.032249168,0.034668937,0.033589117,0.034527265,0.033867218,0.034580294,0.035016082,0.033926636,0.0339149
2023-11-17,0.040366884,0.043187797,0.04532983,0.03157705,0.036567356,0.03552089,0.036520712,0.047276538,0.037044793,0.033729296,0.044113062,0.033586316,0.032434464,0.03252605,0.032818086,0.033216428,0.033392157,0.03326667,0.03204065,0.03271572,0.032310545,0.035283074,0.03424947,0.033833385,0.034261342,0.035516366,0.033863917,0.03345117
2023-11-24,0.04318531,0.0444408,0.045845605,0.03093221,0.036641072,0.036787823,0.035620876,0.048484135,0.037989527,0.034499463,0.044425942,0.032601275,0.03146736,0.031748384,0.031893473,0.03261251,0.032478143,0.033311844,0.03203555,0.031906232,0.034356013,0.032916214,0.034725226,0.033498894,0.034043364,0.034199525,0.03365104,0.033702224
2023-12-01,0.043888755,0.04247511,0.044132918,0.03309942,0.035640854,0.036748804,0.035887234,0.04478552,0.037337635,0.036086373,0.04315529,0.033553407,0.032662965,0.03269736,0.033334963,0.032805182,0.033601392,0.035733864,0.032683343,0.03292802,0.033380218,0.033411574,0.033696957,0.032720983,0.03353853,0.03374331,0.03338027,0.032889746
2023-12-08,0.045445465,0.045095477,0.04390001,0.033555612,0.03584539,0.035892703,0.035091154,0.043883875,0.03723502,0.035390325,0.043753326,0.032656442,0.0320858,0.032635123,0.03239447,0.032936066,0.032571882,0.032836154,0.032222465,0.032247707,0.031925812,0.034498837,0.034759454,0.033865314,0.034339115,0.035355907,0.03399258,0.0335885
2023-12-15,0.044241168,0.045817845,0.045738928,0.037768498,0.035157815,0.03513602,0.03610554,0.044010215,0.035715304,0.034512803,0.045250017,0.031933047,0.031200696,0.031095078,0.03131841,0.03205135,0.032122906,0.032656606,0.03166467,0.03149737,0.03312132,0.035516415,0.033759914,0.03390178,0.03465922,0.035648882,0.034398224,0.0339999
2023-12-22,0.044530038,0.04643318,0.04739896,0.033381294,0.036789592,0.038600203,0.03637223,0.047301505,0.038935672,0.036939107,0.04930921,0.032685544,0.031355496,0.03113696,0.032443617,0.03159388,0.032878492,0.03192332,0.03151153,0.03149235,0.031499512,0.032954343,0.03269901,0.031201966,0.03232381,0.03294258,0.03211133,0.031255294
2023-12-29,0.039918926,0.045701414,0.045853723,0.031179082,0.038837306,0.039665125,0.037172616,0.04465554,0.04033785,0.03674257,0.04985069,0.032471728,0.031356297,0.03143389,0.0324035,0.03247404,0.032496847,0.0332936,0.031883538,0.031833563,0.03282894,0.032878477,0.032882597,0.0320525,0.032399535,0.033169717,0.032078873,0.03214752
2024-01-05,0.038583204,0.042415958,0.04404833,0.040422745,0.036986448,0.03931197,0.03789267,0.043774128,0.03842175,0.037980653,0.047990523,0.03267982,0.031823248,0.031602144,0.03273428,0.031796023,0.03298319,0.034055226,0.03170771,0.031533852,0.032401506,0.03258603,0.03345409,0.031877577,0.033231497,0.033692267,0.032518785,0.031494327
2024-01-12,0.03701832,0.04141248,0.04326135,0.03930194,0.03711754,0.03813554,0.037125982,0.043031864,0.037746515,0.03667346,0.04879348,0.032555327,0.03180805,0.031540655,0.031857125,0.032549687,0.032124512,0.032749437,0.031798538,0.031836554,0.0318378,0.03285825,0.034523513,0.034258798,0.03492982,0.03445936,0.034478128,0.034216024
2024-01-19,0.03566654,0.036384117,0.036748305,0.0367644,0.035839535,0.037330892,0.035769433,0.037260827,0.035241626,0.03636614,0.037104085,0.03504027,0.03463763,0.03481686,0.035342444,0.035081875,0.03491598,0.035767637,0.03556835,0.034548633,0.036446385,0.035893764,0.035742946,0.034937233,0.035114843,0.0356243,0.035045847,0.03499909
2024-01-26,0.034541186,0.03466258,0.03550108,0.03684547,0.034200408,0.03417819,0.03398853,0.034813195,0.033396743,0.035281196,0.037983347,0.03656883,0.03605123,0.036395587,0.036075465,0.036490686,0.036681432,0.036369033,0.03648182,0.036403373,0.036797244,0.036788624,0.03511091,0.035693996,0.035009198,0.03569673,0.035951957,0.036041953
2024-02-02,0.035253648,0.034049034,0.034800433,0.03557346,0.034533255,0.03468744,0.034019664,0.0348384,0.0339933,0.034201674,0.035099734,0.036148436,0.036165815,0.036324322,0.035754185,0.036481988,0.03621006,0.035466913,0.03650193,0.03630135,0.03572511,0.036071114,0.036597714,0.03721962,0.036559846,0.036640435,0.037211135,0.037570037
2024-02-09,0.034037832,0.03277345,0.034850553,0.03860604,0.03249026,0.033437856,0.03181433,0.034699693,0.031309478,0.033668306,0.0380449,0.0379586,0.037225116,0.037718505,0.036999855,0.03807111,0.03795257,0.037406016,0.03723669,0.037905414,0.03741508,0.0379161,0.034799352,0.035346083,0.034400515,0.03506765,0.03518866,0.035660017
2024-02-16,0.03375127,0.033859998,0.035240784,0.038019087,0.033515055,0.033761106,0.03302631,0.03479322,0.032144364,0.03484451,0.03838282,0.037810065,0.03721385,0.03725271,0.037076578,0.037463322,0.037877437,0.037492078,0.037554193,0.037397884,0.037865184,0.037810743,0.034223534,0.034276724,0.033929057,0.034996033,0.03423808,0.034183986
2024-02-23,0.03704188,0.036975216,0.037453543,0.03814944,0.037223898,0.037584577,0.03637942,0.038144376,0.03655286,0.037135214,0.038544424,0.034193244,0.034170594,0.034327284,0.033997618,0.034531865,0.034186102,0.03574099,0.035134673,0.03419935,0.036610305,0.035237186,0.034370504,0.034308262,0.033610225,0.03502034,0.034866698,0.0343099
2024-03-01,0.033838794,0.035372414,0.035995945,0.03780099,0.03407959,0.034473952,0.03440224,0.035640515,0.033691633,0.03538354,0.037776917,0.036614295,0.036204755,0.036445525,0.036288653,0.036269587,0.036549065,0.03665446,0.036884625,0.03646644,0.037302703,0.03703214,0.034938842,0.03462081,0.034443915,0.035303198,0.03471693,0.03480755
2024-03-08,0.035713676,0.03538155,0.036514647,0.036967933,0.035549816,0.03608825,0.034865037,0.036915865,0.03428402,0.035902027,0.038705394,0.03527499,0.035242733,0.03560994,0.034956917,0.035603255,0.0354409,0.036048684,0.036005184,0.035202578,0.03698764,0.036845047,0.03519388,0.034908883,0.034004908,0.03508708,0.035359655,0.035339486
2024-03-15,0.03609234,0.036411326,0.036239065,0.03501741,0.03677689,0.035493176,0.03499974,0.03662801,0.035656553,0.03782457,0.038888413,0.03543747,0.035098962,0.03565622,0.03595774,0.03571764,0.034986198,0.038712714,0.036542065,0.035147008,0.036360595,0.037594005,0.03436934,0.033424135,0.032871824,0.035192948,0.03347019,0.03343346
2024-03-22,0.036601007,0.03514587,0.036052365,0.035965446,0.036230303,0.036803458,0.03486493,0.036811244,0.034963045,0.03581807,0.03796812,0.035219837,0.03482198,0.035436362,0.034781843,0.035628147,0.034988496,0.036550555,0.036083225,0.03493264,0.037106484,0.036537,0.035338942,0.034978334,0.034231644,0.035565894,0.03520149,0.035373263
2024-03-29,0.03738989,0.03636558,0.03725366,0.035191912,0.037490238,0.037934892,0.03567189,0.03697694,0.0357748,0.037171006,0.039730497,0.034422833,0.034141593,0.034844335,0.033787068,0.03503021,0.03419622,0.037565425,0.035381094,0.0344503,0.03519299,0.036079824,0.03479628,0.03454184,0.03288534,0.03597124,0.03512865,0.03463346
2024-04-05,0.035803366,0.036219824,0.03685631,0.034608856,0.036296338,0.037770376,0.035855107,0.036857963,0.035266817,0.037476804,0.038314864,0.035408225,0.034990724,0.035227098,0.03548216,0.03515364,0.035202984,0.03655777,0.035915747,0.034870375,0.03716974,0.037108768,0.03460308,0.03373276,0.03362706,0.035574242,0.034198925,0.03385005
2024-04-12,0.036264256,0.036540493,0.037860386,0.036660302,0.0366862,0.038374797,0.036847096,0.037245773,0.0361455,0.036798112,0.03783529,0.033973496,0.034144178,0.034457058,0.03401512,0.034279883,0.03410779,0.03607487,0.035296753,0.03396675,0.0356401,0.03536729,0.035182763,0.034976434,0.034855675,0.035484567,0.035616994,0.03530204
2024-04-19,0.03713048,0.04126958,0.040389486,0.044360902,0.036133736,0.038356956,0.04111746,0.039577857,0.03823269,0.03689815,0.04727982,0.032557465,0.032117028,0.03240954,0.03306189,0.032019418,0.0329441,0.033865936,0.032860212,0.032089166,0.033333864,0.03469073,0.03299141,0.031759467,0.03283443,0.033735633,0.033144798,0.0328378
2024-04-26,0.037691295,0.040964752,0.03952554,0.0385385,0.036036924,0.038791094,0.040458236,0.03943161,0.03968778,0.036742,0.04091245,0.033441618,0.03288727,0.03343356,0.03305742,0.033457097,0.033462543,0.0358586,0.03338567,0.033138394,0.03355367,0.034722768,0.03351548,0.033177942,0.033104803,0.033747658,0.03367542,0.03359994
2024-05-03,0.03868885,0.044305447,0.043261293,0.040228996,0.036065508,0.041543376,0.043712687,0.042320404,0.04148613,0.036931492,0.04356868,0.03146586,0.030677073,0.031048423,0.03090192,0.03132231,0.031442508,0.03253908,0.03157821,0.030850003,0.033418078,0.03312147,0.033160757,0.03267074,0.032413214,0.034030773,0.03386055,0.03338619
2024-05-10,0.03805332,0.043842867,0.04113078,0.03806506,0.03603443,0.03937182,0.04135412,0.04103814,0.040868845,0.036690824,0.042036414,0.032941345,0.03214582,0.032463063,0.032553695,0.03269185,0.032968916,0.03527558,0.032681033,0.032440666,0.03466267,0.034674764,0.0327634,0.03195463,0.032361098,0.033507623,0.03259593,0.03283129
2024-05-17,0.03870764,0.042830795,0.038178302,0.0359585,0.03622797,0.04330813,0.04147052,0.04304606,0.040726393,0.036934342,0.03915886,0.032628443,0.03153161,0.032514714,0.03217058,0.03265831,0.03257732,0.034094863,0.032131746,0.032082565,0.03491266,0.034719378,0.033815265,0.03325095,0.03281484,0.033914786,0.033737984,0.03389649
2024-05-24,0.038124412,0.043806825,0.039827693,0.038074963,0.0368321,0.043687955,0.043290928,0.04370956,0.041665994,0.039064325,0.04320737,0.03191405,0.031089101,0.031399667,0.031669214,0.031622805,0.03213222,0.032055624,0.031663135,0.031429656,0.03521666,0.034168053,0.0324642,0.031671703,0.03207473,0.03357512,0.032496013,0.032065913
2024-05-31,0.037865825,0.04109522,0.036292,0.035999525,0.036884055,0.048273478,0.0435946,0.044121057,0.04164912,0.037617616,0.038651027,0.032195106,0.031194858,0.032051884,0.031593427,0.03245262,0.03223283,0.032818504,0.032058466,0.032056317,0.035063807,0.033546794,0.03348949,0.033162326,0.032829963,0.034048762,0.033541918,0.033619434
2024-06-07,0.037410885,0.04027486,0.035583742,0.0375477,0.037754685,0.04888252,0.043691896,0.044381287,0.040818263,0.03971955,0.040369503,0.03165983,0.030823316,0.031640682,0.030982353,0.031710286,0.031988654,0.032631792,0.031708114,0.03131133,0.034881547,0.033192776,0.033667546,0.032928932,0.032990627,0.03387267,0.03392188,0.033652794
2024-06-14,0.036653273,0.04109667,0.034513474,0.036903255,0.037064053,0.051821712,0.04464016,0.045380797,0.041030403,0.03996644,0.03966474,0.03156056,0.030351643,0.031378265,0.030397985,0.031270817,0.031839248,0.03213904,0.030998603,0.030682568,0.034723576,0.033350445,0.03334885,0.033262033,0.032919377,0.034453947,0.034180146,0.03440792
2024-06-21,0.03693738,0.04073063,0.03612917,0.036019165,0.0370532,0.041798558,0.040611368,0.042521253,0.038982276,0.03839845,0.039505698,0.03335269,0.032237418,0.03294594,0.032853894,0.0331655,0.033571362,0.03912086,0.03331521,0.032751575,0.03618403,0.034052063,0.03339568,0.03240122,0.032555908,0.033764984,0.032929916,0.032714598
2024-06-28,0.03682293,0.04332467,0.037574455,0.03596292,0.037463993,0.041618694,0.04325696,0.045218296,0.03971893,0.0398194,0.041395087,0.032285824,0.031094145,0.031958297,0.03198785,0.032071598,0.03237852,0.03524409,0.03218632,0.031649213,0.035309598,0.03400942,0.033312775,0.032545514,0.032167427,0.03420183,0.03242616,0.032995112
2024-07-05,0.037022397,0.04144322,0.03692893,0.036560677,0.03715259,0.040053092,0.042232774,0.04303992,0.039073437,0.03829661,0.03994444,0.03286277,0.0320428,0.0330043,0.032715417,0.03310002,0.03301002,0.034366872,0.032712128,0.03251282,0.03577918,0.035036758,0.03388256,0.03313647,0.03282298,0.03463315,0.033194155,0.03343952
2024-07-12,0.0368407,0.043658007,0.038911883,0.036599983,0.03767927,0.040167756,0.04380644,0.045290127,0.039406475,0.039994832,0.041758586,0.03189498,0.03114038,0.031876136,0.031750795,0.032177236,0.032169368,0.03527268,0.031934947,0.03160876,0.034592085,0.034271885,0.033045128,0.032305546,0.032118376,0.034130335,0.03265764,0.032939665
2024-07-19,0.034766704,0.038069047,0.037459895,0.034703545,0.036216855,0.035082117,0.037448063,0.03650034,0.03551367,0.037050433,0.03901549,0.0349625,0.03431515,0.034694612,0.034453273,0.035142526,0.03450821,0.0353739,0.035195343,0.034571722,0.035017405,0.036560424,0.03561817,0.035509307,0.034579575,0.03642373,0.035292108,0.035955925
2024-07-26,0.034515645,0.03732124,0.037551723,0.03537195,0.03588691,0.034723967,0.0371558,0.03641842,0.03495402,0.036798656,0.03880735,0.034463085,0.033908017,0.03487104,0.03436626,0.035387047,0.034171168,0.035364967,0.034743764,0.034132224,0.034913965,0.03639527,0.036159504,0.03661264,0.034596737,0.037389394,0.0360229,0.036996305
2024-08-02,0.03277623,0.03778939,0.037206415,0.035334926,0.03580565,0.035513684,0.03718005,0.034811873,0.03532101,0.03744202,0.037953723,0.03517892,0.03470193,0.035293408,0.034922898,0.035366673,0.035109475,0.03567349,0.035425138,0.034966733,0.03577496,0.036092326,0.035700135,0.03543645,0.03540392,0.035731785,0.03585439,0.03623236
2024-08-09,0.033669256,0.036677174,0.03726258,0.03650594,0.035305746,0.03578636,0.037072644,0.035945065,0.034045123,0.036193855,0.03837647,0.035737175,0.035476293,0.03571301,0.035682444,0.036447782,0.035846084,0.036356278,0.035685714,0.035970878,0.03588137,0.036234476,0.034151375,0.03469869,0.03386606,0.03523145,0.03481228,0.035368394
2024-08-16,0.03298621,0.035964735,0.03665562,0.03353631,0.03508523,0.032884914,0.03484963,0.033070628,0.033446092,0.036350884,0.037361618,0.036491137,0.03554489,0.03635077,0.03565584,0.037074156,0.035971135,0.036982298,0.036061868,0.03630028,0.037208177,0.037716806,0.035374194,0.036504705,0.03484388,0.036667693,0.036040485,0.03701978
2024-08-23,0.034932543,0.035931587,0.037097175,0.036664184,0.0357719,0.035547193,0.0375337,0.03664578,0.034230236,0.036151595,0.03808684,0.0348813,0.03467039,0.035214752,0.034691796,0.035632927,0.034917854,0.035667486,0.035254717,0.034755543,0.035775453,0.035872974,0.03527788,0.035764422,0.034796655,0.036184646,0.035694752,0.0363537
2024-08-30,0.03559365,0.037354074,0.037299488,0.035576694,0.036086086,0.034567993,0.039465625,0.037349716,0.034110613,0.036690593,0.039820094,0.034555934,0.034413412,0.034714207,0.034526534,0.035275478,0.034579255,0.03633313,0.035216246,0.03445232,0.03563852,0.036200102,0.034548387,0.035302512,0.033616055,0.035566263,0.035140827,0.036006212
2024-09-06,0.033851184,0.038730703,0.038190838,0.034053873,0.035622116,0.03488027,0.040025167,0.0378242,0.03437401,0.03732987,0.039529737,0.03455932,0.033969525,0.03457025,0.03439004,0.034973033,0.03418066,0.035404034,0.0350556,0.034062885,0.035294555,0.036428783,0.035303626,0.035331704,0.034212016,0.036424633,0.03560847,0.03581888
2024-09-13,0.031007573,0.037366107,0.038270123,0.0328121,0.034713782,0.03247881,0.035699412,0.033935227,0.033279624,0.03780894,0.038017858,0.036941376,0.035304368,0.036036756,0.03593078,0.036587425,0.03661318,0.036482107,0.03557374,0.035652786,0.036006402,0.0374904,0.035215434,0.036475286,0.03482625,0.03632596,0.03602248,0.03712572
2024-09-20,0.032582387,0.036435228,0.03743793,0.033543646,0.034696613,0.0331102,0.035929468,0.034569435,0.033372656,0.03713374,0.037696257,0.036433265,0.035566214,0.03619755,0.03599163,0.036698617,0.036320936,0.036495842,0.035761353,0.036300983,0.036387198,0.03698983,0.035532936,0.036095034,0.0345674,0.03611088,0.035528228,0.0365145
2024-09-27,0.035637114,0.036880318,0.03842128,0.034108944,0.035382323,0.034383435,0.03947854,0.038889334,0.033394013,0.036437202,0.03938657,0.034650493,0.034194548,0.034466278,0.034174636,0.035097897,0.034317963,0.03593212,0.03484066,0.03439305,0.03677602,0.036740713,0.034864843,0.03572909,0.03358848,0.03662819,0.035107482,0.03609845
2024-10-04,0.030953817,0.037497893,0.036510542,0.0319512,0.03389872,0.03149632,0.037628297,0.033667393,0.032899477,0.03752195,0.038360268,0.038302712,0.037146293,0.037559763,0.03715183,0.03780953,0.038275193,0.037896626,0.0370362,0.037902486,0.03717175,0.03789679,0.033541333,0.033808496,0.033654056,0.03401252,0.033819497,0.03462903
2024-10-11,0.03477451,0.037733015,0.036782194,0.033103142,0.03465637,0.032651227,0.03980616,0.037335183,0.03380104,0.037376203,0.040061783,0.03553577,0.03532514,0.035720255,0.0354037,0.036008373,0.035630904,0.036219552,0.035980776,0.03540159,0.036868304,0.037096776,0.034075886,0.03455947,0.03300105,0.035569143,0.034300342,0.035222135
2024-10-18,0.037110746,0.043163333,0.042336214,0.03897482,0.03720913,0.03530125,0.04307182,0.044870272,0.037764203,0.041433208,0.040766202,0.03157859,0.030377718,0.031369433,0.030873086,0.031676657,0.030920085,0.03454216,0.031665552,0.030794073,0.034359634,0.033442356,0.034537844,0.03442145,0.03313853,0.03546979,0.034507643,0.034324206
2024-10-25,0.036356986,0.041219648,0.040688332,0.037708834,0.036662348,0.03497688,0.039349027,0.04165105,0.03667267,0.039819103,0.03955038,0.03312388,0.032260478,0.03304117,0.03264577,0.033435464,0.03291189,0.034680378,0.033261985,0.032816313,0.035551667,0.03425783,0.034425076,0.034561686,0.033485454,0.035349656,0.034975115,0.03456094
2024-11-01,0.036529105,0.043244213,0.040553495,0.03934319,0.036326025,0.035461597,0.042514015,0.04284673,0.03667295,0.03963205,0.040868543,0.032543227,0.031873822,0.032678347,0.03242202,0.032641634,0.032365233,0.03324596,0.03261142,0.0320473,0.034750685,0.03434269,0.034281857,0.03384477,0.03349961,0.034960732,0.034033947,0.033864796
2024-11-08,0.034131773,0.03825984,0.04006025,0.037490454,0.036663454,0.034966834,0.038122054,0.037409537,0.033738013,0.039704386,0.038133666,0.034749314,0.033590175,0.034575205,0.03319782,0.03514582,0.034618206,0.034801334,0.033820573,0.03446071,0.035996545,0.035609733,0.034923952,0.035559095,0.033758987,0.035432428,0.035130676,0.035949193
2024-11-15,0.036424205,0.043094248,0.04066807,0.040278777,0.036766984,0.03603425,0.041327897,0.04137969,0.036451288,0.03992885,0.04090125,0.032037415,0.031260785,0.0320292,0.031924978,0.03244564,0.03185945,0.03546623,0.032444917,0.031582434,0.035341855,0.035481256,0.034062345,0.033714205,0.032928146,0.035817645,0.034399785,0.03394819
2024-11-22,0.03357175,0.03642743,0.038041417,0.038221303,0.034579545,0.036193322,0.036236648,0.036321573,0.033063035,0.03822884,0.03651513,0.035668,0.034576844,0.03538833,0.034913816,0.035748806,0.03568823,0.035537086,0.03470193,0.03538084,0.0355367,0.03614444,0.035321463,0.035575457,0.035077818,0.03526812,0.035518676,0.03655347
2024-11-29,0.03665674,0.03955638,0.03961565,0.040375233,0.03752213,0.03672445,0.03811714,0.03899273,0.035892297,0.03906176,0.039633147,0.032753028,0.03220202,0.032999374,0.032297913,0.03340906,0.03268364,0.03385236,0.033256955,0.032675236,0.036204815,0.035031244,0.034947947,0.03487738,0.03350332,0.036182262,0.03556869,0.03540713
2024-12-06,0.035472013,0.039026167,0.040192317,0.040704824,0.034644585,0.03750998,0.036455013,0.040349435,0.034527224,0.039585482,0.03725671,0.033976573,0.032891605,0.033617795,0.03350256,0.03422402,0.033849332,0.034588765,0.033452723,0.0334781,0.0346084,0.03527571,0.035286367,0.035049185,0.034407165,0.03570386,0.035207182,0.035156876
2024-12-13,0.035883494,0.039869227,0.042201485,0.03876555,0.035583444,0.035523575,0.035019338,0.040952396,0.033796847,0.041642323,0.0370499,0.03349423,0.03262311,0.033394158,0.032953367,0.03432022,0.033335496,0.03417971,0.033339214,0.033509362,0.035235375,0.035719335,0.03509275,0.035132244,0.033825368,0.03666418,0.035242204,0.03565206
2024-12-20,0.037804812,0.040701393,0.04139781,0.043083116,0.03684888,0.03696109,0.03932173,0.042551525,0.037101276,0.03942248,0.040578183,0.032543737,0.031528704,0.03238395,0.03205447,0.032563686,0.032223444,0.033620395,0.032641906,0.031882238,0.034923095,0.034799352,0.03400864,0.033725694,0.032853484,0.035134386,0.03380349,0.033537075
2024-12-27,0.038379624,0.041288637,0.043106616,0.040502537,0.037713673,0.035461724,0.037571207,0.042849306,0.03687942,0.039964184,0.0396467,0.032273717,0.03152746,0.032349568,0.031531777,0.03312133,0.032062568,0.033751834,0.032210447,0.032153375,0.032775916,0.034463555,0.034222588,0.034857918,0.033103764,0.036144286,0.03528724,0.03479905
2025-01-03,0.034182213,0.037119284,0.039044585,0.041477263,0.03371635,0.035322566,0.035523184,0.038118184,0.033863857,0.037904505,0.037662026,0.034914464,0.033694457,0.034503154,0.03388452,0.0349332,0.034988906,0.03554124,0.034188714,0.034362238,0.035402562,0.036088873,0.03535127,0.03545513,0.035072148,0.035616916,0.035709657,0.03635852
2025-01-10,0.035978507,0.03846576,0.041024566,0.039332725,0.035183128,0.035343144,0.03510077,0.040189594,0.035255678,0.03842578,0.03748671,0.033759184,0.032762755,0.03380011,0.03273789,0.034106866,0.03365648,0.03464155,0.033357807,0.033479817,0.035029594,0.03532526,0.035820752,0.036023792,0.03450421,0.03647585,0.03633277,0.036398966
2025-01-17,0.031818606,0.032973614,0.034279425,0.034735076,0.032604776,0.03103626,0.03054443,0.03170081,0.032212913,0.034766547,0.035477217,0.03915383,0.038983006,0.039173152,0.037976407,0.03933011,0.039287977,0.038605284,0.038577933,0.039587278,0.038045213,0.038886588,0.034690246,0.035380572,0.033952817,0.03536785,0.034776725,0.03607534
2025-01-24,0.032437254,0.034662247,0.035984606,0.035125915,0.03314086,0.032741457,0.032662775,0.032519504,0.03328551,0.035426714,0.03519098,0.03772706,0.036840577,0.037331622,0.03667178,0.03732054,0.037586235,0.03718251,0.036896944,0.03735768,0.03679566,0.037710883,0.03611173,0.03636064,0.03549691,0.036279023,0.036199525,0.036952827
2025-01-31,0.032594875,0.034747716,0.03595926,0.034359716,0.033231415,0.032012515,0.03225144,0.031955868,0.03365589,0.035422504,0.035301574,0.03804476,0.037271507,0.037830338,0.036818825,0.03793887,0.037807267,0.03789056,0.03766129,0.038008902,0.037416033,0.038388237,0.035126437,0.03606395,0.03415212,0.03590121,0.035445645,0.036741305
2025-02-07,0.032243088,0.034304354,0.035500064,0.032703653,0.03332559,0.030848157,0.03199107,0.030766474,0.03335551,0.034687046,0.033040594,0.038869135,0.037723713,0.03826612,0.036958486,0.03840833,0.038181596,0.03740996,0.03789991,0.03840445,0.037129987,0.038569484,0.036555797,0.036829185,0.035885703,0.03628904,0.036445744,0.03740775
2025-02-14,0.03125073,0.03259917,0.034599315,0.031515174,0.032691985,0.028946154,0.029248036,0.0291949,0.03180141,0.03418424,0.032915477,0.040020436,0.039276592,0.039816596,0.038357623,0.04009021,0.040025238,0.039030187,0.039479055,0.040296555,0.038134918,0.03935966,0.035675384,0.036824543,0.034932442,0.036261622,0.036021847,0.037450496
2025-02-21,0.033167295,0.033521995,0.03565731,0.034952708,0.033060096,0.032036923,0.030876093,0.032697316,0.032446045,0.034437157,0.03587226,0.038223073,0.03780401,0.038323324,0.037146278,0.038202368,0.038617454,0.038176924,0.038038794,0.038439225,0.03799961,0.038268965,0.035059698,0.03566604,0.03400393,0.03572213,0.035245635,0.036337357
2025-02-28,0.035921544,0.035294853,0.036194462,0.036257956,0.034451343,0.03475966,0.033947557,0.034905832,0.034441832,0.035401963,0.037333794,0.036144543,0.036068805,0.036484197,0.03567125,0.036458433,0.03600832,0.036925107,0.036599733,0.03631004,0.03685442,0.03707424,0.03481351,0.035182066,0.033785306,0.035783507,0.035181448,0.035744265
2025-03-07,0.036329016,0.0352334,0.03635525,0.036331136,0.034680963,0.03510935,0.033899765,0.03558848,0.03437892,0.03536411,0.036482777,0.03622269,0.035898246,0.036456566,0.0353924,0.036311466,0.036285806,0.03647155,0.036186326,0.036304846,0.036530755,0.036588315,0.03532708,0.03516727,0.03474692,0.03559407,0.035276562,0.035485953
2025-03-14,0.035453394,0.034236662,0.03494847,0.034189664,0.034438606,0.034110006,0.033097744,0.033791777,0.033869866,0.034760337,0.03598808,0.036831908,0.036425292,0.036900148,0.035704415,0.0370375,0.03673978,0.037302207,0.03667305,0.037001397,0.03666175,0.037372112,0.03587835,0.036484946,0.034461502,0.036709163,0.03597353,0.036958314
2025-03-21,0.03513076,0.034306146,0.035115555,0.034881078,0.034442034,0.03370349,0.03267839,0.034225598,0.033812623,0.034629546,0.036303528,0.037397336,0.036899924,0.037320692,0.035704702,0.037331425,0.037337556,0.037277404,0.03693227,0.037346773,0.037041485,0.037553083,0.03505963,0.035577007,0.034530025,0.03575301,0.03559277,0.036116168
2025-03-28,0.034954816,0.03454546,0.035462618,0.034322266,0.034735184,0.03415861,0.033350877,0.03440154,0.034393284,0.035059027,0.03737384,0.03654866,0.036457244,0.036758516,0.035926264,0.036990047,0.03658025,0.03712776,0.037074286,0.036812786,0.03663302,0.03718349,0.03510777,0.035821207,0.034399703,0.036017165,0.035540696,0.03626357
2025-04-04,0.033082332,0.035135157,0.03447506,0.033625923,0.03457445,0.032532148,0.033945948,0.03313674,0.033847332,0.03544567,0.03691787,0.0369666,0.03664903,0.037099343,0.036294974,0.037088037,0.036997072,0.037162695,0.03716519,0.03689498,0.03695445,0.037456635,0.035632815,0.036203295,0.03550137,0.036181033,0.036378674,0.036655158
2025-04-11,0.03492148,0.034567583,0.03546077,0.033042114,0.03448923,0.035407603,0.03405042,0.03556755,0.035841085,0.033971064,0.035675235,0.036323223,0.035590567,0.036730584,0.035681013,0.037136417,0.03617712,0.037134014,0.036616515,0.03682767,0.03655162,0.03747579,0.035685614,0.03603193,0.03461632,0.03627508,0.03563676,0.036515623
2025-04-18,0.033128284,0.032448404,0.034990784,0.035654034,0.032547746,0.03311151,0.032172658,0.034018055,0.032832365,0.03323151,0.033816237,0.03761973,0.03694967,0.037680805,0.036405735,0.038014054,0.037876077,0.037512757,0.03742465,0.037842944,0.03709757,0.037930362,0.03581102,0.03697858,0.035778694,0.036494568,0.03707668,0.037554525
2025-04-25,0.036249176,0.037483763,0.03813877,0.0361285,0.035444643,0.03809412,0.036521256,0.039053533,0.03951814,0.03585909,0.034045108,0.03344773,0.033298463,0.034035068,0.033092584,0.034883566,0.033572275,0.036313362,0.034361593,0.03416704,0.035816625,0.03600177,0.035155185,0.036276005,0.03333336,0.037105322,0.036207955,0.036395997
2025-05-02,0.036036763,0.03665653,0.03770992,0.035691176,0.034947723,0.037550945,0.035496756,0.038790174,0.037244663,0.035583552,0.035417825,0.03472805,0.034468427,0.03489948,0.03399595,0.03532969,0.03470568,0.035236016,0.034547716,0.03485415,0.035298504,0.035563946,0.03580768,0.03616284,0.034215897,0.03706598,0.035807673,0.036186323
2025-05-09,0.031479243,0.03448634,0.03507777,0.036525898,0.032065947,0.034036055,0.034009866,0.03528491,0.03363164,0.034202617,0.034624323,0.037217595,0.036631707,0.036875643,0.03602194,0.03746652,0.037166677,0.03739094,0.03653895,0.0370437,0.036066562,0.037813235,0.035384305,0.037025567,0.03508744,0.036824465,0.036473185,0.037546985
2025-05-16,0.033210743,0.03541361,0.03588344,0.033105284,0.033365488,0.033462677,0.034201127,0.035255883,0.03517814,0.035637204,0.033778563,0.037088726,0.036617797,0.036550175,0.035571586,0.03767284,0.036769837,0.037880152,0.03580178,0.03724213,0.036404565,0.037796378,0.035240006,0.036847387,0.034130424,0.036910973,0.035763584,0.03721954
2025-05-23,0.033897366,0.035383876,0.0384387,0.03572722,0.03316234,0.037046373,0.034124225,0.037934676,0.03370395,0.035051696,0.036406625,0.035570785,0.03505229,0.035470232,0.03456328,0.03604783,0.035907492,0.03614225,0.035580497,0.035453133,0.035773776,0.036560006,0.035414204,0.036549106,0.034756918,0.036767937,0.036430977,0.037082218
2025-05-30,0.036088973,0.03690946,0.038383115,0.035509724,0.034648553,0.036937423,0.03608579,0.037806004,0.036839675,0.03557164,0.03536555,0.034295283,0.034078375,0.03455583,0.03373372,0.035361815,0.03406845,0.036186446,0.034495987,0.034421057,0.03720078,0.036759384,0.035084292,0.036166392,0.033327535,0.03758158,0.035932425,0.036604732
2025-06-06,0.03242252,0.035251986,0.037772242,0.03280723,0.03283275,0.034701243,0.033504084,0.035670657,0.032787044,0.035609882,0.0358263,0.037739538,0.03641959,0.036939822,0.036492284,0.03735154,0.0375864,0.036843106,0.03624124,0.03706736,0.03650531,0.037552997,0.03541677,0.035913892,0.034518335,0.036127128,0.0356293,0.03646943
2025-06-13,0.032109894,0.03345039,0.037618816,0.032894827,0.032275718,0.0335227,0.031749677,0.033967312,0.031744014,0.034618,0.03484738,0.03799748,0.036917068,0.037550136,0.03626179,0.03848986,0.037786484,0.03708081,0.037014455,0.038093768,0.03647581,0.038974542,0.03542319,0.037178338,0.03441012,0.037031434,0.03637975,0.038136214
2025-06-20,0.03554705,0.035966318,0.039720092,0.034717858,0.034108415,0.03719923,0.034229543,0.03783422,0.034152027,0.03567074,0.037107237,0.035749584,0.03538633,0.03569639,0.035262577,0.03614947,0.035529982,0.03578,0.03587204,0.035703354,0.035627253,0.036906064,0.035076622,0.035374932,0.03313548,0.036052067,0.034789145,0.035655975
2025-06-27,0.036101352,0.036465183,0.038217384,0.035376165,0.034652468,0.03729921,0.03604608,0.039202638,0.035972923,0.03538141,0.036077313,0.03436316,0.03431133,0.034625422,0.033800166,0.035336938,0.03452026,0.035072196,0.034526613,0.034564674,0.035318486,0.03589834,0.035990782,0.036476545,0.03404552,0.03760708,0.0360564,0.03669396
2025-07-04,0.032571565,0.035151646,0.03650663,0.033122145,0.032533944,0.034486342,0.03436453,0.03646531,0.03392639,0.035036493,0.033977434,0.03707255,0.03560003,0.03605977,0.0355621,0.036889836,0.03629032,0.03630734,0.035278294,0.03644634,0.035986014,0.037771754,0.03659748,0.037946712,0.03524453,0.037746564,0.03690001,0.0381579
2025-07-11,0.032739576,0.03627235,0.037803,0.03272727,0.03276041,0.0353799,0.035179947,0.038132433,0.033949953,0.035826582,0.03550288,0.035937782,0.035333112,0.036138203,0.03491609,0.03659566,0.035745252,0.03615047,0.035304256,0.035931718,0.036238242,0.03669089,0.035554294,0.037302487,0.03391406,0.03786102,0.036448024,0.03766413
2025-07-18,0.03460055,0.03516744,0.03749767,0.03387918,0.034419373,0.03873155,0.036774136,0.03981585,0.03518031,0.036723286,0.03684332,0.034516238,0.034155227,0.034586325,0.03399971,0.03531618,0.034238666,0.035170835,0.034730062,0.034633853,0.036098525,0.03675725,0.035916805,0.03668425,0.033942364,0.03690149,0.03589448,0.036825106
2025-07-25,0.03538891,0.035627335,0.03674955,0.03518008,0.035598636,0.037467804,0.037314966,0.039121665,0.035571806,0.035581917,0.03818566,0.03429816,0.0340732,0.034683593,0.033694148,0.035314225,0.03388388,0.036150634,0.03495145,0.03453556,0.036044046,0.036404736,0.03572904,0.03590757,0.033941876,0.036534447,0.03566459,0.03640048
2025-08-01,0.032565676,0.035014648,0.039795417,0.03219405,0.033313606,0.040442057,0.036214624,0.042071976,0.033323176,0.037544977,0.03536242,0.034693804,0.03387519,0.03481445,0.0337889,0.03523542,0.034584444,0.03680802,0.034818403,0.03443393,0.037557315,0.03715861,0.034718905,0.035743404,0.033693623,0.036659636,0.036498252,0.03707505
2025-08-08,0.0349312,0.036486357,0.03748903,0.03486356,0.035761908,0.0371234,0.03824947,0.04019004,0.035470106,0.03575194,0.03932263,0.034829408,0.033899933,0.034620535,0.034145206,0.035120994,0.034631625,0.035543505,0.034874678,0.034452803,0.036741532,0.035960976,0.034627773,0.034947086,0.0336042,0.035522275,0.035236113,0.035601683
2025-08-15,0.034371454,0.03712129,0.037938252,0.033683464,0.035134964,0.038177446,0.038754113,0.0412699,0.0351066,0.036911458,0.03778127,0.034132067,0.033608142,0.03423987,0.033215586,0.034813397,0.03403201,0.03692536,0.03438987,0.034019746,0.035464916,0.036307402,0.03480608,0.035440717,0.03365737,0.036608137,0.035761997,0.036327083
2025-08-22,0.034623854,0.03758798,0.03790831,0.032846317,0.034154646,0.03794385,0.037925687,0.04080458,0.033886187,0.037221134,0.03852395,0.034965478,0.034343496,0.034939494,0.03459526,0.034945816,0.03475096,0.037634037,0.03527331,0.034452762,0.036710072,0.03606928,0.034135427,0.034524526,0.033255596,0.035478305,0.035157487,0.03534219
2025-08-29,0.03658989,0.03646159,0.036176685,0.03555708,0.036567412,0.036310464,0.03796417,0.03827965,0.035066906,0.035515368,0.0394939,0.03389488,0.033886142,0.034663815,0.03342528,0.035213757,0.033852052,0.036789834,0.034580562,0.03401034,0.03593858,0.03542612,0.03451263,0.036453824,0.03367061,0.03683351,0.036080156,0.036784742
2025-09-05,0.03634703,0.037962116,0.040497538,0.03166238,0.033400886,0.040108383,0.037331235,0.044212192,0.032350082,0.038488917,0.037794083,0.034323335,0.033483118,0.034445018,0.033565078,0.034051515,0.034644056,0.03744719,0.034518674,0.03335307,0.03577071,0.03532752,0.03455354,0.034809373,0.033163033,0.03613482,0.03494245,0.03531265
2025-09-12,0.03593995,0.033575866,0.036712386,0.033172727,0.034572095,0.03647666,0.03425947,0.03617769,0.033253472,0.035826746,0.03525147,0.036367483,0.035650857,0.0364463,0.035231583,0.037094038,0.03640856,0.037061054,0.036198378,0.03646928,0.036757942,0.03724195,0.034638744,0.036174066,0.034066167,0.03595466,0.035924606,0.03709581
2025-09-19,0.03675014,0.03846679,0.0383923,0.034013838,0.034558292,0.037789717,0.037254248,0.03985525,0.033285968,0.037343204,0.039609116,0.035026766,0.03509149,0.03513011,0.034832843,0.03503673,0.034976423,0.035982795,0.035326876,0.034697525,0.03571917,0.03548541,0.034070082,0.034287415,0.033709224,0.034889344,0.03407274,0.034346204
2025-09-26,0.037662037,0.0375633,0.039187584,0.033222876,0.034288406,0.03771938,0.038386986,0.04110737,0.03287872,0.037629247,0.039407972,0.034649763,0.03428343,0.034391124,0.034234893,0.03491253,0.03464685,0.035822865,0.035444602,0.034371234,0.035454966,0.035974093,0.033812072,0.03437335,0.03308449,0.035454705,0.03472872,0.035306457
2025-10-03,0.03736424,0.03645378,0.039875574,0.03304996,0.034138545,0.038970336,0.038456894,0.0419995,0.03361236,0.037961602,0.036184628,0.03385416,0.033501167,0.033797845,0.033647582,0.03442026,0.033960767,0.03515421,0.034440573,0.033686567,0.037635505,0.035748206,0.035456866,0.035313666,0.03390424,0.036154713,0.035374805,0.03588151
2025-10-10,0.04053031,0.037963785,0.039345346,0.033425093,0.034888584,0.03773372,0.041687373,0.041483995,0.033358432,0.038401797,0.039071403,0.033390135,0.033138003,0.033495672,0.03260384,0.034137934,0.03366249,0.034844782,0.034357492,0.033194404,0.035459578,0.03472764,0.03442967,0.03505735,0.03285674,0.036061484,0.03514359,0.035549343
2025-10-17,0.033629045,0.033735972,0.033044238,0.032787267,0.033845108,0.031491097,0.033142637,0.030642701,0.03429152,0.034043387,0.033774227,0.038141806,0.037559763,0.037952445,0.037122473,0.03819371,0.03755586,0.03771956,0.037391875,0.03815338,0.037252918,0.03824378,0.036399744,0.03719786,0.035747953,0.0370907,0.036345072,0.03750392
2025-10-24,0.03133949,0.029814392,0.03082734,0.031398002,0.03216722,0.029474135,0.029129453,0.02697427,0.032647964,0.03198448,0.031129973,0.04111012,0.0407036,0.04070819,0.038968224,0.04088522,0.040492613,0.040770322,0.040178,0.04107205,0.039406337,0.04050207,0.03573374,0.037167676,0.034915935,0.036945432,0.036126245,0.037427545
2025-10-31,0.03596022,0.035236612,0.036420118,0.036583174,0.03590507,0.03350469,0.03716866,0.034258667,0.034388475,0.036214337,0.036876887,0.03576049,0.036138177,0.036147468,0.03476372,0.036349468,0.035640042,0.037664663,0.036684588,0.03611769,0.03804612,0.03701055,0.03408601,0.034776077,0.03286752,0.035310566,0.034796387,0.03532354
2025-11-07,0.034334637,0.03476429,0.032867663,0.03406404,0.03373257,0.030911174,0.034256134,0.031157108,0.034539055,0.035051867,0.036006738,0.038200673,0.03768893,0.03785391,0.037656635,0.037842654,0.038079336,0.038000718,0.037633058,0.037938952,0.037412442,0.038366828,0.035133597,0.03548541,0.034539565,0.035613023,0.03492281,0.035946157
2025-11-14,0.03549472,0.03144396,0.032250445,0.032727405,0.03328762,0.030574106,0.03387867,0.030559463,0.03328947,0.03320588,0.03366104,0.03884332,0.038484197,0.03944849,0.0370603,0.03985984,0.038877327,0.039514076,0.038488604,0.039453976,0.038770672,0.040393274,0.034484558,0.0357972,0.032752346,0.035795916,0.034782715,0.03682046
2025-11-21,0.03513701,0.037576165,0.033960298,0.034471966,0.03420064,0.030913802,0.03579687,0.0320289,0.034313425,0.03642908,0.039282545,0.037109535,0.036555856,0.03709864,0.036454547,0.03691569,0.037194937,0.03703967,0.03742913,0.03673642,0.036897946,0.03815814,0.03450892,0.03459712,0.033495046,0.035342205,0.034787796,0.035567693
2025-11-28,0.03577248,0.033770457,0.033030916,0.032406077,0.03377311,0.031206917,0.033428337,0.03185775,0.03368871,0.034246005,0.034964513,0.03812646,0.03692688,0.03804662,0.03636289,0.03851097,0.037883006,0.038833067,0.03788052,0.037938442,0.03756131,0.038852084,0.03487112,0.036077145,0.034173016,0.03667552,0.035976425,0.037159257
2025-12-05,0.034849375,0.034420285,0.032723647,0.03310567,0.033677205,0.03137715,0.03335505,0.031483367,0.034591883,0.034483947,0.03569742,0.038492344,0.037288602,0.03793669,0.036857232,0.038349494,0.038474653,0.038082734,0.037777428,0.0382516,0.03769742,0.038832605,0.034888893,0.035607897,0.03395863,0.035999298,0.03543305,0.03630647
2025-12-12,0.036464088,0.03345482,0.035111774,0.0353284,0.035075743,0.032797895,0.033178266,0.033843853,0.0355825,0.034133967,0.03530932,0.036945134,0.036874756,0.03717437,0.03523034,0.037868183,0.037555814,0.03850101,0.03654698,0.037829407,0.03656586,0.038085237,0.03408891,0.03558775,0.03268459,0.036242466,0.035257515,0.03668105
2025-12-19,0.035793684,0.03558772,0.03466611,0.03378205,0.03443808,0.032862324,0.033435814,0.03331948,0.034426477,0.035342436,0.03650808,0.036818895,0.036272224,0.03671661,0.036320228,0.037200887,0.036800332,0.037065167,0.036999717,0.036553815,0.03745099,0.037226595,0.03535911,0.036050066,0.034002278,0.03700644,0.035377916,0.036616456
