date,f_x,e_f_bg,sum_phi,residual,abs_residual,rel_residual,checkpoint_week
2021-01-22,-0.004333707503974438,-0.006886398885399103,0.002558708656579256,-6.017275154590607e-06,6.017275154590607e-06,0.0023572185914015366,2021-01-22
2021-01-29,-0.004744747653603554,-0.006880774628371,0.0021376460790634155,-1.6191042959690094e-06,1.6191042959690094e-06,0.0007579945080984769,2021-01-22
2021-02-05,-0.006907226052135229,-0.006871511228382587,-2.3226206394610927e-05,-1.2488617358030751e-05,1.2488617358030751e-05,0.3495781377257957,2021-01-22
2021-02-12,-0.007583003956824541,-0.006791801191866398,-0.000756360765080899,-3.4841999877244234e-05,3.4841999877244234e-05,0.04403619534511358,2021-01-22
2021-02-19,-0.008265201933681965,-0.006820217706263065,-0.0014550957130268216,1.0111485607922077e-05,1.0111485607922077e-05,0.006997595849212198,2021-01-22
2021-02-26,-0.009166703559458256,-0.006789613980799913,-0.0023969828616827726,1.9893283024430275e-05,1.9893283024430275e-05,0.008368720941702507,2021-01-22
2021-03-05,-0.010587388649582863,-0.0067878360860049725,-0.003774693002924323,-2.4859560653567314e-05,2.4859560653567314e-05,0.006542742812519475,2021-01-22
2021-03-12,-0.012891096994280815,-0.006804962642490864,-0.0061144400388002396,2.830568701028824e-05,2.830568701028824e-05,0.004650840560816383,2021-01-22
2021-03-19,-0.009756927378475666,-0.006841973401606083,-0.0029162191785871983,1.2652017176151276e-06,1.2652017176151276e-06,0.0004340368277805765,2021-01-22
2021-03-26,-0.00701814005151391,-0.006823410280048847,-0.00020552915520966053,1.0799383744597435e-05,1.0799383744597435e-05,0.05545546070713592,2021-01-22
2021-04-02,-0.0095338961109519,-0.006837533321231604,-0.0026917080394923687,-4.654750227928162e-06,4.654750227928162e-06,0.00172630069761645,2021-01-22
2021-04-09,-0.007827123627066612,-0.00676753930747509,-0.0010649473406374454,5.363021045923233e-06,5.363021045923233e-06,0.0050613908991043845,2021-01-22
2021-04-16,-0.009859122335910797,-0.006822563707828522,-0.0030494644306600094,1.2905802577733994e-05,1.2905802577733994e-05,0.004250127086995748,2021-01-22
2021-04-23,-0.00420381361618638,-0.001869840081781149,-0.0023282335605472326,-5.739973857998848e-06,5.739973857998848e-06,0.0024593034926707674,2021-04-23
2021-04-30,-0.00014711788389831781,-0.0018796991789713502,0.0017260841559618711,6.497139111161232e-06,6.497139111161232e-06,0.0037499548391113,2021-04-23
2021-05-07,-0.006595102604478598,-0.0018049079226329923,-0.004764149896800518,-2.6044785045087337e-05,2.6044785045087337e-05,0.00543709231127314,2021-04-23
2021-05-14,-0.001653456361964345,-0.0018202995415776968,0.00014686780923511833,1.9975370378233492e-05,1.9975370378233492e-05,0.11971824824988253,2021-04-23
2021-05-21,-0.005363822914659977,-0.0017998253460973501,-0.003503536805510521,-6.0460763052105904e-05,6.0460763052105904e-05,0.01696426337177782,2021-04-23
2021-05-28,-0.003038614522665739,-0.0018656342290341854,-0.0011795792961493134,6.5990025177598e-06,6.5990025177598e-06,0.0056257946494420044,2021-04-23
2021-06-04,-0.004987303167581558,-0.0018449178896844387,-0.0031126062385737896,-2.9779039323329926e-05,2.9779039323329926e-05,0.009476541520027347,2021-04-23
2021-06-11,-0.003466981928795576,-0.0018633748404681683,-0.001634760177694261,3.115308936685324e-05,3.115308936685324e-05,0.019426763155377877,2021-04-23
2021-06-18,0.0009638783521950245,-0.0018406177405267954,0.0027830428443849087,2.14532483369112e-05,2.14532483369112e-05,0.007649563818950547,2021-04-23
2021-06-25,-0.0020147368777543306,-0.0018616486340761185,-0.0001285350590478629,-2.455318463034928e-05,2.455318463034928e-05,0.16037535141132067,2021-04-23
2021-07-02,-0.0015903175808489323,-0.0018560917815193534,0.0002746905665844679,-8.916365914046764e-06,8.916365914046764e-06,0.03354738878968685,2021-04-23
2021-07-09,-0.003958669025450945,-0.0018117462750524282,-0.0021571898832917213,1.0267132893204689e-05,1.0267132893204689e-05,0.00478223311433434,2021-04-23
2021-07-16,-0.005467192269861698,-0.0018877428956329823,-0.003550361841917038,-2.9087532311677933e-05,2.9087532311677933e-05,0.008126236191169391,2021-04-23
2021-07-23,0.005631796084344387,-0.0005050917970947921,0.0061251455917954445,1.1742289643734694e-05,1.1742289643734694e-05,0.0019133917282946511,2021-07-23
2021-07-30,0.007113090716302395,-0.000497418746817857,0.007632850203663111,-2.234074054285884e-05,2.234074054285884e-05,0.0029355079703980306,2021-07-23
2021-08-06,0.004858528263866901,-0.0005444466951303184,0.005395557731389999,7.417227607220411e-06,7.417227607220411e-06,0.001372801824085964,2021-07-23
2021-08-13,0.005012965761125088,-0.000461368850665167,0.005476826336234808,-2.491724444553256e-06,2.491724444553256e-06,0.00045516397327029006,2021-07-23
2021-08-20,0.004307873547077179,-0.000447926257038489,0.004745565354824066,1.0234449291601777e-05,1.0234449291601777e-05,0.002151988770186921,2021-07-23
2021-08-27,0.005627200473099947,-0.00043594202725216746,0.0060524228028953075,1.0719697456806898e-05,1.0719697456806898e-05,0.0017680072299326723,2021-07-23
2021-09-03,0.006655198521912098,-0.0004581573884934187,0.007084856741130352,2.8499169275164604e-05,2.8499169275164604e-05,0.0040064253173698935,2021-07-23
2021-09-10,0.0051508331671357155,-0.00046745387953706086,0.005593846086412668,2.4440960260108113e-05,2.4440960260108113e-05,0.004350243509211095,2021-07-23
2021-09-17,0.005832243710756302,-0.0005246776854619384,0.006384114734828472,-2.7193338610231876e-05,2.7193338610231876e-05,0.0042777461192060814,2021-07-23
2021-09-24,0.008640055544674397,-0.00045899575343355536,0.009087638929486275,1.141236862167716e-05,1.141236862167716e-05,0.0012542358214522892,2021-07-23
2021-10-01,0.005499072838574648,-0.0004528186982497573,0.005960144568234682,-8.25303141027689e-06,8.25303141027689e-06,0.0013866209578931032,2021-07-23
2021-10-08,0.006928159389644861,-0.0004812261613551527,0.007423691917210817,-1.430636621080339e-05,1.430636621080339e-05,0.00193084120186734,2021-07-23
2021-10-15,0.0053984420374035835,-0.00048387623974122107,0.005889941938221455,-7.6236610766500235e-06,7.6236610766500235e-06,0.0012960278171265946,2021-07-23
2021-10-22,0.006982176098972559,0.0008967575267888606,0.006113964132964611,-2.8545560780912638e-05,2.8545560780912638e-05,0.004690805329865096,2021-10-22
2021-10-29,0.008947378024458885,0.000944512605201453,0.008023788221180439,-2.0922801923006773e-05,2.0922801923006773e-05,0.002614410549570713,2021-10-22
2021-11-05,0.007676329929381609,0.0008753499714657664,0.00680407602339983,-3.0960654839873314e-06,3.0960654839873314e-06,0.00045523747324222166,2021-10-22
2021-11-12,0.007453656289726496,0.0009147064993157983,0.00653851218521595,4.3760519474744797e-07,4.3760519474744797e-07,6.692275358371074e-05,2021-10-22
2021-11-19,0.009257731959223747,0.0009406688623130322,0.008320159278810024,-3.0961818993091583e-06,3.0961818993091583e-06,0.00037226820820646637,2021-10-22
2021-11-26,0.010524401441216469,0.0008896701037883759,0.009630118496716022,4.612840712070465e-06,4.612840712070465e-06,0.000478771619342904,2021-10-22
2021-12-03,0.00791899673640728,0.0009503010078333318,0.006952285300940275,1.6410427633672953e-05,1.6410427633672953e-05,0.002354874530916823,2021-10-22
2021-12-10,0.007953458465635777,0.0009031828958541155,0.007021773140877485,2.850242890417576e-05,2.850242890417576e-05,0.004042733960499482,2021-10-22
2021-12-17,0.009695230051875114,0.000943293736781925,0.00874400045722723,7.935857865959406e-06,7.935857865959406e-06,0.0009067534900521046,2021-10-22
2021-12-24,0.007973127998411655,0.000903791282325983,0.007055662106722593,1.3674609363079071e-05,1.3674609363079071e-05,0.001934352622989011,2021-10-22
2021-12-31,0.009536679834127426,0.0009340696269646287,0.008619531989097595,-1.6921781934797764e-05,1.6921781934797764e-05,0.0019670497508082695,2021-10-22
2022-01-07,0.006930025294423103,0.0008847051067277789,0.006012928206473589,3.239198122173548e-05,3.239198122173548e-05,0.005358182302046325,2021-10-22
2022-01-14,0.009808282367885113,0.0009196034516207874,0.008914844132959843,-2.61652166955173e-05,2.61652166955173e-05,0.002943653101374801,2021-10-22
2022-01-21,0.007748741656541824,0.0002156621776521206,0.00752770621329546,5.373265594244003e-06,5.373265594244003e-06,0.000713288433557272,2022-01-21
2022-01-28,0.006253249477595091,0.0002035191864706576,0.006037163082510233,1.2567208614200354e-05,1.2567208614200354e-05,0.0020773137373578977,2022-01-21
2022-02-04,0.009492994286119938,0.00021729071158915758,0.009272211231291294,3.4923432394862175e-06,3.4923432394862175e-06,0.000376503997393309,2022-01-21
2022-02-11,0.008585459552705288,0.00017639074940234423,0.008416278287768364,-7.209484465420246e-06,7.209484465420246e-06,0.0008573453328310448,2022-01-21
2022-02-18,0.008462028577923775,0.000183428346645087,0.00827886164188385,-2.614106051623821e-07,2.614106051623821e-07,3.157662915143735e-05,2022-01-21
2022-02-25,0.006767911836504936,0.00015474928659386933,0.006596762221306562,1.6400328604504466e-05,1.6400328604504466e-05,0.0024799486903944487,2022-01-21
2022-03-04,0.0029924882110208273,0.00020883840625174344,0.0027947677299380302,-1.1117925168946385e-05,1.1117925168946385e-05,0.003993995656329371,2022-01-21
2022-03-11,0.008408240973949432,0.00019339361460879445,0.008221953175961971,-7.105816621333361e-06,7.105816621333361e-06,0.0008649957400969049,2022-01-21
2022-03-18,0.003355757798999548,0.0001832065754570067,0.0031627060379832983,9.845185559242964e-06,9.845185559242964e-06,0.003103229493629644,2022-01-21
2022-03-25,0.004172440152615309,0.00018665066454559565,0.004000150132924318,-1.4360644854605198e-05,1.4360644854605198e-05,0.003602952154916335,2022-01-21
2022-04-01,0.004727218300104141,0.00017020877567119896,0.0045561110600829124,8.984643500298262e-07,8.984643500298262e-07,0.00019716052240123494,2022-01-21
2022-04-08,0.00493070762604475,0.00016360162408091128,0.00477101095020771,-3.904948243871331e-06,3.904948243871331e-06,0.0008191426938766892,2022-01-21
2022-04-15,0.006640072911977768,0.00016540943761356175,0.006476304028183222,-1.6405538190156221e-06,1.6405538190156221e-06,0.00025338016280067614,2022-01-21
2022-04-22,0.007421401329338551,0.004170669242739677,0.0032413899898529053,9.342096745967865e-06,9.342096745967865e-06,0.0028738351112136806,2022-04-22
2022-04-29,0.005798458121716976,0.004169860389083624,0.0016286356840282679,-3.795139491558075e-08,3.795139491558075e-08,2.3302968637030738e-05,2022-04-22
2022-05-06,0.0077322740107774734,0.004270476754754782,0.003459302242845297,2.495013177394867e-06,2.495013177394867e-06,0.000720725618982443,2022-04-22
2022-05-13,0.006538371555507183,0.004211870953440666,0.0023288042284548283,-2.303626388311386e-06,2.303626388311386e-06,0.0009901637182590942,2022-04-22
2022-05-20,0.006264861673116684,0.004237068817019463,0.002036858117207885,-9.065261110663414e-06,9.065261110663414e-06,0.004470484437580252,2022-04-22
2022-05-27,0.006246349774301052,0.00421534851193428,0.0020109182223677635,2.008303999900818e-05,2.008303999900818e-05,0.009888197259726209,2022-04-22
2022-06-03,0.0067240470089018345,0.004196666646748781,0.0025317391846328974,-4.358822479844093e-06,4.358822479844093e-06,0.0017246336557724567,2022-04-22
2022-06-10,0.008082171902060509,0.004227796103805304,0.0038538824301213026,4.933681339025497e-07,4.933681339025497e-07,0.00012800175169955393,2022-04-22
2022-06-17,0.002674493473023176,0.00418949406594038,-0.001489692716859281,-2.530787605792284e-05,2.530787605792284e-05,0.016704751885062187,2022-04-22
2022-06-24,0.003088744357228279,0.00425071781501174,-0.001156595884822309,-5.3775729611516e-06,5.3775729611516e-06,0.0046279255742672784,2022-04-22
2022-07-01,0.004025520756840706,0.004190451465547085,-0.00015836386592127383,-6.566842785105109e-06,6.566842785105109e-06,0.03981335375971464,2022-04-22
2022-07-08,0.006905912421643734,0.004232597071677446,0.0026750536635518074,-1.7383135855197906e-06,1.7383135855197906e-06,0.0006502439314173683,2022-04-22
2022-07-15,0.0014546087477356195,0.004217748064547777,-0.0027706993278115988,7.560010999441147e-06,7.560010999441147e-06,0.002736012474404794,2022-04-22
2022-07-22,-0.0010982458479702473,0.001601468538865447,-0.002668665489181876,-3.104889765381813e-05,3.104889765381813e-05,0.011500765709721231,2022-07-22
2022-07-29,-0.0017442707903683186,0.001642830902710557,-0.003452849108725786,6.574741564691067e-05,6.574741564691067e-05,0.019411056264030797,2022-07-22
2022-08-05,-0.0010809428058564663,0.001639641704969108,-0.0027029721532016993,-1.761235762387514e-05,1.761235762387514e-05,0.006473716518133607,2022-07-22
2022-08-12,-0.0025834464468061924,0.0016502180369570851,-0.004244750831276178,1.108634751290083e-05,1.108634751290083e-05,0.002618611221863772,2022-07-22
2022-08-19,-0.0007193796336650848,0.0016385558992624283,-0.0023579758126288652,4.0279701352119446e-08,4.0279701352119446e-08,1.7082541046700975e-05,2022-07-22
2022-08-26,-0.0008208490908145905,0.001628410303965211,-0.002468193881213665,1.893448643386364e-05,1.893448643386364e-05,0.007730667142707641,2022-07-22
2022-09-02,-0.0023716064170002937,0.0016045831143856049,-0.0039246343076229095,-5.1555223762989044e-05,5.1555223762989044e-05,0.012965954891358168,2022-07-22
2022-09-09,-0.0009344033896923065,0.001602336298674345,-0.00252852332778275,-8.216360583901405e-06,8.216360583901405e-06,0.0032389323320235475,2022-07-22
2022-09-16,-0.0025936258025467396,0.0015497999265789986,-0.0041512008756399155,7.775146514177322e-06,7.775146514177322e-06,0.001876497434127661,2022-07-22
2022-09-23,-0.0040290467441082,0.0015764496056362987,-0.005609138403087854,3.6420533433556557e-06,3.6420533433556557e-06,0.0006497278062171248,2022-07-22
2022-09-30,-0.004583099391311407,0.0015688424464315176,-0.0061628189869225025,1.0877149179577827e-05,1.0877149179577827e-05,0.0017680810036329088,2022-07-22
2022-10-07,-0.0015592561103403568,0.001591646228916943,-0.0031550205312669277,4.118192009627819e-06,4.118192009627819e-06,0.0013069839989894852,2022-07-22
2022-10-14,-0.0027089761570096016,0.0016097798943519592,-0.0043587819673120975,4.002591595053673e-05,4.002591595053673e-05,0.009267905571758838,2022-07-22
2022-10-21,-0.005340291187167168,0.0007606029976159334,-0.006133687682449818,3.2793497666716576e-05,3.2793497666716576e-05,0.005375186476212861,2022-10-21
2022-10-28,-0.007676014676690102,0.0008046678849495947,-0.008448423817753792,-3.225874388590455e-05,3.225874388590455e-05,0.003803786501095318,2022-10-21
2022-11-04,-0.0037093113642185926,0.0007792535470798612,-0.004486029502004385,-2.5354092940688133e-06,2.5354092940688133e-06,0.0005648584114496533,2022-10-21
2022-11-11,-0.008029247634112835,0.0007814892451278865,-0.008801640011370182,-9.096867870539427e-06,9.096867870539427e-06,0.0010324740904738556,2022-10-21
2022-11-18,-0.0075263045728206635,0.0008420583908446133,-0.008365708403289318,-2.654560375958681e-06,2.654560375958681e-06,0.0003172134401136928,2022-10-21
2022-11-25,-0.00837123766541481,0.0008346627000719309,-0.00920848734676838,2.5869812816381454e-06,2.5869812816381454e-06,0.00028101308604272567,2022-10-21
2022-12-02,-0.006326214410364628,0.0007708497578278184,-0.007104218006134033,7.153837941586971e-06,7.153837941586971e-06,0.001007998193628711,2022-10-21
2022-12-09,-0.007761828601360321,0.0008309450349770486,-0.008564792573451996,-2.798106288537383e-05,2.798106288537383e-05,0.0032563444012539593,2022-10-21
2022-12-16,-0.007478422485291958,0.0007690852507948875,-0.008265674114227295,1.8166378140449524e-05,1.8166378140449524e-05,0.002202647962909241,2022-10-21
2022-12-23,-0.002214805455878377,0.0007320038275793195,-0.0029650619253516197,1.8252641893923283e-05,1.8252641893923283e-05,0.006194014677583575,2022-10-21
2022-12-30,-0.006253919564187527,0.0008112381910905242,-0.007060864008963108,-4.293746314942837e-06,4.293746314942837e-06,0.000607734517235657,2022-10-21
2023-01-06,-0.007554755546152592,0.0007524822722189128,-0.008289607241749763,-1.7630576621741056e-05,1.7630576621741056e-05,0.0021223125886230313,2022-10-21
2023-01-13,-0.004966328851878643,0.000786053016781807,-0.005753449164330959,1.0672956705093384e-06,1.0672956705093384e-06,0.00018553945817287963,2022-10-21
2023-01-20,-0.005437377840280533,-0.0011718105524778366,-0.004258448723703623,-7.11856409907341e-06,7.11856409907341e-06,0.0016688395541275861,2023-01-20
2023-01-27,-0.010195025242865086,-0.0011710147373378277,-0.008999844081699848,-2.4166423827409744e-05,2.4166423827409744e-05,0.002678010739515462,2023-01-20
2023-02-03,-0.006549659185111523,-0.0012225471436977386,-0.005315158516168594,-1.1953525245189667e-05,1.1953525245189667e-05,0.0022438992672330965,2023-01-20
2023-02-10,-0.005108952522277832,-0.0012259262148290873,-0.0038874319288879633,4.405621439218521e-06,4.405621439218521e-06,0.0011345815723554562,2023-01-20
2023-02-17,-0.009177202358841896,-0.0011415835469961166,-0.008036606945097446,9.881332516670227e-07,9.881332516670227e-07,0.00012296900153107608,2023-01-20
2023-02-24,-0.011241727508604527,-0.0011800455395132303,-0.01007220521569252,1.0523246601223946e-05,1.0523246601223946e-05,0.0010458724669320536,2023-01-20
2023-03-03,-0.009004107676446438,-0.0012029807548969984,-0.007811833638697863,1.0706717148423195e-05,1.0706717148423195e-05,0.0013724559966185874,2023-01-20
2023-03-10,-0.009202343411743641,-0.0011549772461876273,-0.008055836893618107,8.470728062093258e-06,8.470728062093258e-06,0.0010526074446910105,2023-01-20
2023-03-17,-0.01004110649228096,-0.0011520935222506523,-0.008846166543662548,-4.2846426367759705e-05,4.2846426367759705e-05,0.004820150258607513,2023-01-20
2023-03-24,-0.008090790361166,-0.0011812595184892416,-0.006898652762174606,-1.0878080502152443e-05,1.0878080502152443e-05,0.0015743564948576627,2023-01-20
2023-03-31,-0.009070223197340965,-0.0011170809157192707,-0.007950474508106709,-2.667773514986038e-06,2.667773514986038e-06,0.0003354359907266938,2023-01-20
2023-04-07,-0.008274044841527939,-0.0011663235491141677,-0.007080305367708206,-2.7415924705564976e-05,2.7415924705564976e-05,0.0038571976876540844,2023-01-20
2023-04-14,-0.006709004752337933,-0.0012022857554256916,-0.0055193412117660046,1.262221485376358e-05,1.262221485376358e-05,0.002292143822737812,2023-01-20
2023-04-21,-0.009147608652710915,-0.0006815188680775464,-0.008439147844910622,-2.694193972274661e-05,2.694193972274661e-05,0.003182331936560485,2023-04-21
2023-04-28,-0.008509542793035507,-0.000613165320828557,-0.007880350574851036,-1.6026897355914116e-05,1.6026897355914116e-05,0.0020296493063852628,2023-04-21
2023-05-05,-0.0071240016259253025,-0.0006460090517066419,-0.006491728127002716,1.3735552784055471e-05,1.3735552784055471e-05,0.002120337654498721,2023-04-21
2023-05-12,-0.007311622146517038,-0.000594446319155395,-0.006714892573654652,-2.2832537069916725e-06,2.2832537069916725e-06,0.00033991224385830073,2023-04-21
2023-05-19,-0.006303525995463133,-0.0006014581304043531,-0.005720003508031368,1.793564297258854e-05,1.793564297258854e-05,0.0031454573923822855,2023-04-21
2023-05-26,-0.006930123548954725,-0.0006308776792138815,-0.006323191337287426,2.3945467546582222e-05,2.3945467546582222e-05,0.0038013168605528255,2023-04-21
2023-06-02,-0.0068600294180214405,-0.0006422495935112238,-0.006211318541318178,-6.461283192038536e-06,6.461283192038536e-06,0.0010391607587906045,2023-04-21
2023-06-09,-0.006333632860332727,-0.0006577111780643463,-0.005663728341460228,-1.2193340808153152e-05,1.2193340808153152e-05,0.00214825362437768,2023-04-21
2023-06-16,-0.010087978094816208,-0.0006158975884318352,-0.00945962592959404,-1.2454576790332794e-05,1.2454576790332794e-05,0.0013148709655949938,2023-04-21
2023-06-23,-0.008221384137868881,-0.0006379340775310993,-0.0075952159240841866,1.1765863746404648e-05,1.1765863746404648e-05,0.001551516544267337,2023-04-21
2023-06-30,-0.007951389998197556,-0.0006115229334682226,-0.007341899909079075,2.0328443497419357e-06,2.0328443497419357e-06,0.00027695890977663115,2023-04-21
2023-07-07,-0.006274229846894741,-0.0006219475180841982,-0.005649287719279528,-2.9946095310151577e-06,2.9946095310151577e-06,0.0005298044327522136,2023-04-21
2023-07-14,-0.009193055331707,-0.0006487295031547546,-0.008544900454580784,5.746260285377502e-07,5.746260285377502e-07,6.725227566753014e-05,2023-04-21
2023-07-21,-0.002532648853957653,0.0016071805730462074,-0.004162115510553122,2.2286083549261093e-05,2.2286083549261093e-05,0.005383320764542376,2023-07-21
2023-07-28,-0.0023508062586188316,0.0016339588910341263,-0.003984627779573202,-1.3737007975578308e-07,1.3737007975578308e-07,3.447373430035241e-05,2023-07-21
2023-08-04,0.0016676499508321285,0.0016515179304406047,4.129952867515385e-05,-2.5167508283630013e-05,2.5167508283630013e-05,1.5591300018952676,2023-07-21
2023-08-11,-0.005256909877061844,0.0016261064447462559,-0.006886158138513565,3.1418167054653168e-06,3.1418167054653168e-06,0.00045645862133504003,2023-07-21
2023-08-18,-0.00292696594260633,0.001677666325122118,-0.004588778596371412,-1.5853671357035637e-05,1.5853671357035637e-05,0.0034429756830722347,2023-07-21
2023-08-25,-0.004140772856771946,0.0016164806438609958,-0.005765979178249836,8.725677616894245e-06,8.725677616894245e-06,0.00151559462510878,2023-07-21
2023-09-01,-0.0020573653746396303,0.0015763506526127458,-0.0036242688074707985,-9.447219781577587e-06,9.447219781577587e-06,0.0025998712370511475,2023-07-21
2023-09-08,-0.0022743758745491505,0.0016143317334353924,-0.003902288619428873,1.3581011444330215e-05,1.3581011444330215e-05,0.0034924139043793993,2023-07-21
2023-09-15,-0.003829121356830001,0.0016759783029556274,-0.005516241770237684,1.1142110452055931e-05,1.1142110452055931e-05,0.002023957948276331,2023-07-21
2023-09-22,-0.0028584760148078203,0.0016959849745035172,-0.0045496816746890545,-4.779314622282982e-06,4.779314622282982e-06,0.0010493676726669944,2023-07-21
2023-09-29,-0.0017504028510302305,0.001628573052585125,-0.003388600191101432,9.624287486076355e-06,9.624287486076355e-06,0.0028482768974498595,2023-07-21
2023-10-06,-0.0019133694004267454,0.0016409452073276043,-0.0035717482678592205,1.7433660104870796e-05,1.7433660104870796e-05,0.004904915006028535,2023-07-21
2023-10-13,-0.006905067712068558,0.0016311160288751125,-0.008538957685232162,2.7739442884922028e-06,2.7739442884922028e-06,0.00032496266751620673,2023-07-21
2023-10-20,-0.0007439609616994858,0.00145715253893286,-0.0022067197132855654,5.6062126532197e-06,5.6062126532197e-06,0.002546977782759182,2023-10-20
2023-10-27,-0.0029186264146119356,0.0013991531450301409,-0.004317902494221926,1.2293457984924316e-07,1.2293457984924316e-07,2.847164692746949e-05,2023-10-20
2023-11-03,-0.004039310850203037,0.0014648386277258396,-0.0055039129219949245,-2.3655593395233154e-07,2.3655593395233154e-07,4.2977667144438115e-05,2023-10-20
2023-11-10,-0.0032467518467456102,0.0014509197790175676,-0.0046806721948087215,-1.699943095445633e-05,1.699943095445633e-05,0.0036186851959544254,2023-10-20
2023-11-17,-0.005049834027886391,0.0014202985912561417,-0.006466254126280546,-3.87849286198616e-06,3.87849286198616e-06,0.0005994447248367092,2023-10-20
2023-11-24,-0.005975885316729546,0.001430176431313157,-0.007383447606116533,-2.2614141926169395e-05,2.2614141926169395e-05,0.003053459741616185,2023-10-20
2023-12-01,-0.006046393886208534,0.001410553464666009,-0.007457849103957415,9.017530828714371e-07,9.017530828714371e-07,0.00012092775115116899,2023-10-20
2023-12-08,-0.00019968103151768446,0.0014336392050608993,-0.0016513960435986519,1.807580702006817e-05,1.807580702006817e-05,0.01106684160695662,2023-10-20
2023-12-15,-0.0031222247052937746,0.0014751601265743375,-0.004598686937242746,1.302105374634266e-06,1.302105374634266e-06,0.00028322678870397705,2023-10-20
2023-12-22,-0.005193475633859634,0.0014471816830337048,-0.006620472297072411,-2.0185019820928574e-05,2.0185019820928574e-05,0.003039607144537938,2023-10-20
2023-12-29,-0.0065675824880599976,0.0014869048027321696,-0.00807553343474865,2.104614395648241e-05,2.104614395648241e-05,0.002612968034708036,2023-10-20
2024-01-05,-1.9299914129078388e-05,0.0013992280000820756,-0.0014238425064831972,5.314592272043228e-06,5.314592272043228e-06,0.0037465281814470655,2023-10-20
2024-01-12,-0.007004360668361187,0.001416926272213459,-0.008431966416537762,1.0679475963115692e-05,1.0679475963115692e-05,0.0012681509794127926,2023-10-20
2024-01-19,-0.003280692733824253,0.0008015796192921698,-0.004082432948052883,1.6059493646025658e-07,1.6059493646025658e-07,3.933949750870566e-05,2024-01-19
2024-01-26,-8.673942647874355e-05,0.0008189918589778244,-0.0009297756478190422,2.4044362362474203e-05,2.4044362362474203e-05,0.026546611873117684,2024-01-19
2024-02-02,-0.003913019318133593,0.0008336081518791616,-0.004778876900672913,3.2249430660158396e-05,3.2249430660158396e-05,0.006794163418608783,2024-01-19
2024-02-09,-0.0021322688553482294,0.0007904596859589219,-0.002951987786218524,2.925924491137266e-05,2.925924491137266e-05,0.010010900563923484,2024-01-19
2024-02-16,-0.0026890242006629705,0.0007897316245362163,-0.003499011043459177,2.0255218259990215e-05,2.0255218259990215e-05,0.00582252996544556,2024-01-19
2024-02-23,-0.006402906030416489,0.0007894418085925281,-0.007163463160395622,-2.88846786133945e-05,2.88846786133945e-05,0.004016023571120637,2024-01-19
2024-03-01,-0.0031742267310619354,0.0008320810156874359,-0.004037509672343731,3.1201925594359636e-05,3.1201925594359636e-05,0.007788180460642723,2024-01-19
2024-03-08,-0.0053337072022259235,0.0007673322688788176,-0.006091731134802103,-9.308336302638054e-06,9.308336302638054e-06,0.0015256942837004331,2024-01-19
2024-03-15,-0.005762132816016674,0.0008076723315753043,-0.006579577457159758,9.772309567779303e-06,9.772309567779303e-06,0.0014874557880614234,2024-01-19
2024-03-22,-0.00642869807779789,0.0008330863201990724,-0.0072595104575157166,-2.2739404812455177e-06,2.2739404812455177e-06,0.00031313754653708513,2024-01-19
2024-03-29,-0.007758662104606628,0.0007667288882657886,-0.008513242937624454,-1.2148055247962475e-05,1.2148055247962475e-05,0.0014249247933462302,2024-01-19
2024-04-05,-0.007169220596551895,0.0008185107726603746,-0.007990946993231773,3.2156240195035934e-06,3.2156240195035934e-06,0.00040256987186613303,2024-01-19
2024-04-12,-0.007845775224268436,0.0007900542113929987,-0.008628017269074917,-7.812166586518288e-06,7.812166586518288e-06,0.0009046215651321844,2024-01-19
2024-04-19,-0.0059599494561553,-0.0012699515791609883,-0.004715282004326582,2.5284127332270145e-05,2.5284127332270145e-05,0.005391062871406945,2024-04-19
2024-04-26,-0.0046114190481603146,-0.001292868284508586,-0.0033196548465639353,1.1040829122066498e-06,1.1040829122066498e-06,0.00033269932083199893,2024-04-19
2024-05-03,-0.006162695586681366,-0.0012787884334102273,-0.00488604512065649,2.137967385351658e-06,2.137967385351658e-06,0.0004377566855161937,2024-04-19
2024-05-10,-0.005393728148192167,-0.001253819209523499,-0.004134288523346186,-5.620415322482586e-06,5.620415322482586e-06,0.0013576148242868788,2024-04-19
2024-05-17,-0.0038090720772743225,-0.001256382092833519,-0.0025643769185990095,1.1686934158205986e-05,1.1686934158205986e-05,0.004578263888996002,2024-04-19
2024-05-24,-0.0037297061644494534,-0.0012816023081541061,-0.00243107951246202,-1.7024343833327293e-05,1.7024343833327293e-05,0.006954065387746995,2024-04-19
2024-05-31,-0.002900714986026287,-0.0012794460635632277,-0.0016225980361923575,1.3291137292981148e-06,1.3291137292981148e-06,0.000819793380943308,2024-04-19
2024-06-07,-0.0041253939270973206,-0.001281230477616191,-0.0028418421279639006,-2.32132151722908e-06,2.32132151722908e-06,0.0008161673535249987,2024-04-19
2024-06-14,-0.004562909249216318,-0.0012975543504580855,-0.003274071030318737,8.716131560504436e-06,8.716131560504436e-06,0.0026692672429409177,2024-04-19
2024-06-21,-0.005003747530281544,-0.0012109825620427728,-0.0037961723282933235,3.407360054552555e-06,3.407360054552555e-06,0.0008983818136025115,2024-04-19
2024-06-28,-0.006847720127552748,-0.0012935890117660165,-0.005538269877433777,-1.5861238352954388e-05,1.5861238352954388e-05,0.002855749975072011,2024-04-19
2024-07-05,-0.005089330952614546,-0.0012589993420988321,-0.0038537648506462574,2.343324013054371e-05,2.343324013054371e-05,0.006117793793172583,2024-04-19
2024-07-12,-0.006869577337056398,-0.0012518222210928798,-0.005620995536446571,3.2404204830527306e-06,3.2404204830527306e-06,0.000576816655051082,2024-04-19
2024-07-19,-0.0011456073261797428,0.001680252025835216,-0.0028425375930964947,1.6678241081535816e-05,1.6678241081535816e-05,0.005901985903786938,2024-07-19
2024-07-26,0.00039645947981625795,0.0016956800827756524,-0.0012934699188917875,-5.750684067606926e-06,5.750684067606926e-06,0.004426222761769918,2024-07-19
2024-08-02,-0.0029507391154766083,0.0016162018291652203,-0.004572609905153513,5.668960511684418e-06,5.668960511684418e-06,0.0012413009424450947,2024-07-19
2024-08-09,0.002138424664735794,0.0017286912770941854,0.0003936630382668227,1.607034937478602e-05,1.607034937478602e-05,0.039220521573962074,2024-07-19
2024-08-16,-0.0032997000962495804,0.0016569211147725582,-0.004957192577421665,5.713663995265961e-07,5.713663995265961e-07,0.00011527313112503502,2024-07-19
2024-08-23,-0.0017106414306908846,0.0016627692384645343,-0.003383444156497717,1.0033487342298031e-05,1.0033487342298031e-05,0.0029742769510006143,2024-07-19
2024-08-30,-0.0004763668403029442,0.0016455941367894411,-0.002099274192005396,-2.2686785086989403e-05,2.2686785086989403e-05,0.01069137388395189,2024-07-19
2024-09-06,0.00010477390605956316,0.0016574603505432606,-0.001543832360766828,-8.854083716869354e-06,8.854083716869354e-06,0.005702391957117873,2024-07-19
2024-09-13,2.41787638515234e-05,0.0016995735932141542,-0.0016710315831005573,-4.363246262073517e-06,4.363246262073517e-06,0.0026042937119462725,2024-07-19
2024-09-20,0.002024295972660184,0.001684555085375905,0.0003517124569043517,-1.1971569620072842e-05,1.1971569620072842e-05,0.03523631598364569,2024-07-19
2024-09-27,0.0052702827379107475,0.001706350245513022,0.0035870203282684088,-2.3087835870683193e-05,2.3087835870683193e-05,0.006478172955913863,2024-07-19
2024-10-04,0.00108102906960994,0.001703693880699575,-0.0006285212002694607,5.856389179825783e-06,5.856389179825783e-06,0.009405212922580784,2024-07-19
2024-10-11,-0.0010552415624260902,0.0016943473601713777,-0.002751667518168688,2.078595571219921e-06,2.078595571219921e-06,0.0007559631894444921,2024-07-19
2024-10-18,-0.005468316376209259,-0.0006330284522846341,-0.004830064717680216,-5.223206244409084e-06,5.223206244409084e-06,0.0010802242853672208,2024-10-18
2024-10-25,-0.0038745917845517397,-0.0006737947696819901,-0.0032220289576798677,2.12319428101182e-05,2.12319428101182e-05,0.006633309259659377,2024-10-18
2024-11-01,-0.0017165036406368017,-0.000630076858215034,-0.0011067502200603485,2.03234376385808e-05,2.03234376385808e-05,0.018706507334258313,2024-10-18
2024-11-08,-0.003229514230042696,-0.000645174237433821,-0.0025961033534258604,1.1763360816985369e-05,1.1763360816985369e-05,0.004551767698116761,2024-10-18
2024-11-15,-0.0038887353148311377,-0.0006127585074864328,-0.0032408477272838354,-3.5129080060869455e-05,3.5129080060869455e-05,0.010723205594757182,2024-10-18
2024-11-22,-0.002249806420877576,-0.0006576185114681721,-0.0015969539526849985,4.766043275594711e-06,4.766043275594711e-06,0.0029933736550141476,2024-10-18
2024-11-29,-0.008154082112014294,-0.0006131243426352739,-0.007550988811999559,1.0031042620539665e-05,1.0031042620539665e-05,0.0013302062715705913,2024-10-18
2024-12-06,-7.818371523171663e-05,-0.0006651884759776294,0.0005983508308418095,-1.1346070095896721e-05,1.1346070095896721e-05,0.019328423839767506,2024-10-18
2024-12-13,0.0008776034228503704,-0.0006620902568101883,0.0015727145364508033,-3.302085679024458e-05,3.302085679024458e-05,0.021446241394658692,2024-10-18
2024-12-20,0.0003612425643950701,-0.00066682870965451,0.0010461531346663833,-1.808186061680317e-05,1.808186061680317e-05,0.0175879680655784,2024-10-18
2024-12-27,0.0009936777641996741,-0.0006825679447501898,0.0017049175221472979,-2.867181319743395e-05,2.867181319743395e-05,0.017104677433370942,2024-10-18
2025-01-03,0.0002814275794662535,-0.000637250195723027,0.0009382169228047132,-1.953914761543274e-05,1.953914761543274e-05,0.021268539914343607,2024-10-18
2025-01-10,0.0012096927966922522,-0.0006391372298821807,0.0018472315277904272,1.598498784005642e-06,1.598498784005642e-06,0.0008645955090919208,2024-10-18
2025-01-17,-0.0013348539359867573,0.0007002926431596279,-0.002029813127592206,-5.333451554179192e-06,5.333451554179192e-06,0.002620659073031238,2025-01-17
2025-01-24,-2.6131921913474798e-05,0.000702595803886652,-0.0007478847401216626,1.9157014321535826e-05,1.9157014321535826e-05,0.02628794097424027,2025-01-17
2025-01-31,0.0006316570797935128,0.0007214761571958661,-8.762603829381987e-05,-2.1930391085334122e-06,2.1930391085334122e-06,0.02441346579471783,2025-01-17
2025-02-07,-0.002414180664345622,0.0007051224820315838,-0.0031110376585274935,-8.265487849712372e-06,8.265487849712372e-06,0.002649778160077315,2025-01-17
2025-02-14,-0.0007621979457326233,0.0006832996150478721,-0.0014380677603185177,-7.42980046197772e-06,7.42980046197772e-06,0.0051399250087395135,2025-01-17
2025-02-21,-0.0021932986564934254,0.0007690804195590317,-0.002961626509204507,-7.525668479502201e-07,7.525668479502201e-07,0.0002540405154859185,2025-01-17
2025-02-28,-0.0015404687728732824,0.0006952999974600971,-0.0022187484428286552,-1.7020327504724264e-05,1.7020327504724264e-05,0.007612706467458917,2025-01-17
2025-03-07,-0.0014577750116586685,0.0006888570496812463,-0.002127948682755232,-1.868337858468294e-05,1.868337858468294e-05,0.008703536989776928,2025-01-17
2025-03-14,-0.0016687882598489523,0.00068439613096416,-0.002347933128476143,-5.251262336969376e-06,5.251262336969376e-06,0.0022315463429074716,2025-01-17
2025-03-21,-0.0025500725023448467,0.0006930374656803906,-0.003241409547626972,-1.7004203982651234e-06,1.7004203982651234e-06,0.0005243162186505618,2025-01-17
2025-03-28,-0.00010495219612494111,0.0007149212178774178,-0.0008337689214386046,1.389550743624568e-05,1.389550743624568e-05,0.016948150430819302,2025-01-17
2025-04-04,-0.00031910539837554097,0.000718332186806947,-0.0010134988697245717,-2.393871545791626e-05,2.393871545791626e-05,0.0230746264195173,2025-01-17
2025-04-11,0.0060556079261004925,0.0007247174507938325,0.005352516658604145,-2.1626183297485113e-05,2.1626183297485113e-05,0.004056759903445968,2025-01-17
2025-04-18,-0.00790643785148859,-0.0019668990280479193,-0.0059462254866957664,6.686663255095482e-06,6.686663255095482e-06,0.0011257863945332504,2025-04-18
2025-04-25,-0.0070329527370631695,-0.00197707605548203,-0.005037007853388786,-1.886882819235325e-05,1.886882819235325e-05,0.0037320512465386893,2025-04-18
2025-05-02,-0.0067633772268891335,-0.0019975928589701653,-0.004774993285536766,9.208917617797852e-06,9.208917617797852e-06,0.001932294368340323,2025-04-18
2025-05-09,-0.0025284504517912865,-0.0019901071209460497,-0.0005651581450365484,2.6814814191311598e-05,2.6814814191311598e-05,0.04980895009827698,2025-04-18
2025-05-16,0.0043183076195418835,-0.002007694449275732,0.006322551053017378,3.4510158002376556e-06,3.4510158002376556e-06,0.0005455278558902085,2025-04-18
2025-05-23,-0.006308736279606819,-0.0019700289703905582,-0.004360893741250038,2.2186432033777237e-05,2.2186432033777237e-05,0.00511359244047752,2025-04-18
2025-05-30,-0.004367778543382883,-0.0019673791248351336,-0.0023854447063058615,-1.4954712241888046e-05,1.4954712241888046e-05,0.006230067306991182,2025-04-18
2025-06-06,-0.0019774134270846844,-0.0019783100578933954,-2.8767848561983556e-05,2.9664479370694607e-05,2.9664479370694607e-05,32.71946980587203,2025-04-18
2025-06-13,-0.006156736519187689,-0.0019788905046880245,-0.004162124823778868,-1.5721190720796585e-05,1.5721190720796585e-05,0.0037629805015382605,2025-04-18
2025-06-20,-0.005745395552366972,-0.0020044490229338408,-0.0036997098941355944,-4.123663529753685e-05,4.123663529753685e-05,0.01102301910570061,2025-04-18
2025-06-27,-0.004060647916048765,-0.0019719270057976246,-0.0020288971718400717,-5.9823738411068916e-05,5.9823738411068916e-05,0.02864118978536874,2025-04-18
2025-07-04,0.0011612826492637396,-0.0020151520147919655,0.0032151860650628805,-3.8751401007175446e-05,3.8751401007175446e-05,0.012199614696796703,2025-04-18
2025-07-11,-0.005603685509413481,-0.0019915439188480377,-0.0036674642469733953,5.532265640795231e-05,5.532265640795231e-05,0.015315707278855412,2025-04-18
2025-07-18,0.006475488655269146,-0.0006160560296848416,0.007124907802790403,-3.336311783641577e-05,3.336311783641577e-05,0.004704626745275143,2025-07-18
2025-07-25,0.0010293317027390003,-0.0006181817734614015,0.0017595720710232854,-0.0001120585948228836,0.0001120585948228836,0.06801638728773599,2025-07-18
2025-08-01,-0.0046083154156804085,-0.0006137369200587273,-0.003992489539086819,-2.0889565348625183e-06,2.0889565348625183e-06,0.0005229466156907389,2025-07-18
2025-08-08,0.005963730625808239,-0.0006148414104245603,0.006522895768284798,5.567626794800162e-05,5.567626794800162e-05,0.00846326269724295,2025-07-18
2025-08-15,0.01668473333120346,-0.0006183114019222558,0.0172829981893301,2.0046543795615435e-05,2.0046543795615435e-05,0.0011585551860526374,2025-07-18
2025-08-22,0.006985061801970005,-0.0006211066502146423,0.007589944172650576,1.6224279534071684e-05,1.6224279534071684e-05,0.0021330395593613435,2025-07-18
2025-08-29,0.002034570323303342,-0.0006180609343573451,0.0026734110433608294,-2.0779785700142384e-05,2.0779785700142384e-05,0.007833620788386468,2025-07-18
2025-09-05,0.003136653918772936,-0.0006189900450408459,0.0036953547969460487,6.0289166867733e-05,6.0289166867733e-05,0.016052907815423633,2025-07-18
2025-09-12,-0.005394399166107178,-0.0006203700904734433,-0.0048211850225925446,4.715594695881009e-05,4.715594695881009e-05,0.009877578757050774,2025-07-18
2025-09-19,0.005040408112108707,-0.0006184906233102083,0.0056498097255826,9.089009836316109e-06,9.089009836316109e-06,0.0016061417954009946,2025-07-18
2025-09-26,-0.004688777960836887,-0.0006207367405295372,-0.004059348721057177,-8.692499250173569e-06,8.692499250173569e-06,0.002136772321543393,2025-07-18
2025-10-03,-0.012082541361451149,-0.0006149543332867324,-0.01146671362221241,-8.734059520065784e-07,8.734059520065784e-07,7.616294415137658e-05,2025-07-18
2025-10-10,0.002185375429689884,-0.0006162914796732366,0.0028002727776765823,1.3941316865384579e-06,1.3941316865384579e-06,0.0004976061593252639,2025-07-18
2025-10-17,-0.009096086956560612,-0.0005287002422846854,-0.008572290651500225,4.903937224298716e-06,4.903937224298716e-06,0.0005723952546900558,2025-10-17
2025-10-24,0.005587554536759853,-0.0005251909606158733,0.006124668288975954,-1.1922791600227356e-05,1.1922791600227356e-05,0.0019504774246812166,2025-10-17
2025-10-31,-0.0015304695116356015,-0.0005293788854032755,-0.0009465452749282122,-5.4545351304113865e-05,5.4545351304113865e-05,0.05448538326201736,2025-10-17
2025-11-07,-0.0008133822120726109,-0.000527172873262316,-0.00029258852009661496,6.37918128632009e-06,6.37918128632009e-06,0.0222877367854874,2025-10-17
2025-11-14,-0.011944822035729885,-0.0005304318619892001,-0.011417797766625881,3.407592885196209e-06,3.407592885196209e-06,0.00029853455576540254,2025-10-17
2025-11-21,-0.007392751052975655,-0.000527555646840483,-0.006844430696219206,-2.0764709915965796e-05,2.0764709915965796e-05,0.0030246305372610073,2025-10-17
2025-11-28,-0.0037080252077430487,-0.0005312814610078931,-0.0031240328680723906,-5.2710878662765026e-05,5.2710878662765026e-05,0.016592686391552248,2025-10-17
2025-12-05,-0.007268455810844898,-0.0005307885585352778,-0.006798908580094576,6.12413277849555e-05,6.12413277849555e-05,0.009089382808290867,2025-10-17
2025-12-12,0.02550620771944523,-0.0005325160454958677,0.025982866063714027,5.58577012270689e-05,5.58577012270689e-05,0.002145177324339652,2025-10-17
2025-12-19,0.0012867433251813054,-0.0005243471823632717,0.0019149535801261663,-0.00010386307258158922,0.00010386307258158922,0.057348044544696705,2025-10-17
