date,gate_finance,gate_shipping
2021-01-22,0.8026409149169922,0.1973591297864914
2021-01-29,0.7909008860588074,0.20909906923770905
2021-02-05,0.760696291923523,0.23930369317531586
2021-02-12,0.7705050110816956,0.2294950634241104
2021-02-19,0.7319342494010925,0.26806575059890747
2021-02-26,0.7875866889953613,0.2124132513999939
2021-03-05,0.7596024870872498,0.24039752781391144
2021-03-12,0.7683849930763245,0.23161499202251434
2021-03-19,0.7581217288970947,0.24187825620174408
2021-03-26,0.7574573755264282,0.24254260957241058
2021-04-02,0.7314072847366333,0.2685926854610443
2021-04-09,0.7194321751594543,0.2805677652359009
2021-04-16,0.7234665751457214,0.27653342485427856
2021-04-23,0.7106758952140808,0.2893240451812744
2021-04-30,0.724387526512146,0.2756125032901764
2021-05-07,0.7401453256607056,0.25985464453697205
2021-05-14,0.7030985355377197,0.29690149426460266
2021-05-21,0.6986011266708374,0.3013988733291626
2021-05-28,0.7155463099479675,0.2844536304473877
2021-06-04,0.7313669323921204,0.2686331272125244
2021-06-11,0.7222517132759094,0.2777482569217682
2021-06-18,0.6963856816291809,0.3036143481731415
2021-06-25,0.7118790149688721,0.28812095522880554
2021-07-02,0.7074663043022156,0.29253366589546204
2021-07-09,0.7084038257598877,0.2915961742401123
2021-07-16,0.7095204591751099,0.29047954082489014
2021-07-23,0.5999510288238525,0.40004900097846985
2021-07-30,0.6156383752822876,0.38436159491539
2021-08-06,0.5986153483390808,0.4013845920562744
2021-08-13,0.6154747605323792,0.384525328874588
2021-08-20,0.6034481525421143,0.39655178785324097
2021-08-27,0.6122260093688965,0.3877740204334259
2021-09-03,0.6017492413520813,0.3982507884502411
2021-09-10,0.6107497811317444,0.3892502188682556
2021-09-17,0.6156452894210815,0.38435474038124084
2021-09-24,0.6287735104560852,0.37122654914855957
2021-10-01,0.6198903322219849,0.3801096975803375
2021-10-08,0.598446249961853,0.4015536904335022
2021-10-15,0.6339037418365479,0.36609625816345215
2021-10-22,0.5759280323982239,0.42407193779945374
2021-10-29,0.5971863865852356,0.40281355381011963
2021-11-05,0.5909905433654785,0.4090094268321991
2021-11-12,0.5769580602645874,0.4230419099330902
2021-11-19,0.5885549783706665,0.4114449620246887
2021-11-26,0.5953938364982605,0.4046061635017395
2021-12-03,0.5724186301231384,0.4275813400745392
2021-12-10,0.5881802439689636,0.41181981563568115
2021-12-17,0.5750886797904968,0.4249113202095032
2021-12-24,0.5827797651290894,0.41722020506858826
2021-12-31,0.5771964192390442,0.4228035807609558
2022-01-07,0.5752286911010742,0.42477136850357056
2022-01-14,0.5941483378410339,0.4058516323566437
2022-01-21,0.5953619480133057,0.4046380817890167
2022-01-28,0.5787235498428345,0.4212764799594879
2022-02-04,0.5956181287765503,0.4043819010257721
2022-02-11,0.5868732929229736,0.41312676668167114
2022-02-18,0.5910002589225769,0.4089997708797455
2022-02-25,0.5874335765838623,0.4125663936138153
2022-03-04,0.6099033951759338,0.390096515417099
2022-03-11,0.5981757640838623,0.4018242657184601
2022-03-18,0.593696653842926,0.40630337595939636
2022-03-25,0.5940442681312561,0.4059557020664215
2022-04-01,0.5908885598182678,0.4091114401817322
2022-04-08,0.5810375213623047,0.4189625084400177
2022-04-15,0.5907045602798462,0.4092954099178314
2022-04-22,0.6154705286026001,0.3845294713973999
2022-04-29,0.6316944360733032,0.3683055341243744
2022-05-06,0.6172661781311035,0.38273385167121887
2022-05-13,0.6280809044837952,0.37191906571388245
2022-05-20,0.6318978071212769,0.36810222268104553
2022-05-27,0.6237685084342957,0.37623149156570435
2022-06-03,0.6184970140457153,0.38150298595428467
2022-06-10,0.6211098432540894,0.37889018654823303
2022-06-17,0.607670783996582,0.39232924580574036
2022-06-24,0.6266930103302002,0.3733069896697998
2022-07-01,0.6372571587562561,0.3627428412437439
2022-07-08,0.6237223744392395,0.3762776255607605
2022-07-15,0.6347948312759399,0.36520519852638245
2022-07-22,0.6016050577163696,0.39839494228363037
2022-07-29,0.6048157215118408,0.39518433809280396
2022-08-05,0.5944961309432983,0.40550386905670166
2022-08-12,0.6284546852111816,0.37154531478881836
2022-08-19,0.5888927578926086,0.41110727190971375
2022-08-26,0.6043398380279541,0.3956601321697235
2022-09-02,0.5841976404190063,0.4158024191856384
2022-09-09,0.602076530456543,0.39792346954345703
2022-09-16,0.5989242196083069,0.4010757803916931
2022-09-23,0.6014572978019714,0.39854273200035095
2022-09-30,0.6040109992027283,0.39598900079727173
2022-10-07,0.6059154272079468,0.3940846025943756
2022-10-14,0.6075506806373596,0.392449289560318
2022-10-21,0.6672371625900269,0.33276280760765076
2022-10-28,0.6538520455360413,0.34614789485931396
2022-11-04,0.6633707880973816,0.3366292417049408
2022-11-11,0.6617146730422974,0.33828529715538025
2022-11-18,0.6559715867042542,0.34402841329574585
2022-11-25,0.6538592576980591,0.3461407721042633
2022-12-02,0.6543680429458618,0.3456319570541382
2022-12-09,0.6541954278945923,0.3458046019077301
2022-12-16,0.6735502481460571,0.3264497220516205
2022-12-23,0.6808374524116516,0.3191625475883484
2022-12-30,0.6753848791122437,0.3246150612831116
2023-01-06,0.6962383985519409,0.3037616014480591
2023-01-13,0.7198919057846069,0.28010812401771545
2023-01-20,0.7121778726577759,0.28782209753990173
2023-01-27,0.7177095413208008,0.28229039907455444
2023-02-03,0.6928964853286743,0.3071035146713257
2023-02-10,0.7003172636032104,0.29968273639678955
2023-02-17,0.6948540210723877,0.3051459789276123
2023-02-24,0.7041289210319519,0.2958711087703705
2023-03-03,0.6921643018722534,0.3078356385231018
2023-03-10,0.68854820728302,0.31145182251930237
2023-03-17,0.6990419030189514,0.3009580373764038
2023-03-24,0.6886962056159973,0.3113037347793579
2023-03-31,0.6975175738334656,0.3024824261665344
2023-04-07,0.6820659637451172,0.31793397665023804
2023-04-14,0.7116872668266296,0.288312703371048
2023-04-21,0.5797058343887329,0.4202941358089447
2023-04-28,0.5762637853622437,0.42373621463775635
2023-05-05,0.5793651342391968,0.4206348955631256
2023-05-12,0.5991376638412476,0.40086227655410767
2023-05-19,0.590719997882843,0.4092799723148346
2023-05-26,0.586987316608429,0.41301271319389343
2023-06-02,0.5816059708595276,0.4183940589427948
2023-06-09,0.6046944260597229,0.3953056037425995
2023-06-16,0.5985611081123352,0.4014389216899872
2023-06-23,0.5931582450866699,0.40684178471565247
2023-06-30,0.5812568664550781,0.4187431037425995
2023-07-07,0.5925072431564331,0.4074927568435669
2023-07-14,0.6272947192192078,0.37270525097846985
2023-07-21,0.6597191691398621,0.3402807414531708
2023-07-28,0.665835440158844,0.3341645896434784
2023-08-04,0.6349446177482605,0.3650553524494171
2023-08-11,0.6315197348594666,0.36848023533821106
2023-08-18,0.622771680355072,0.377228319644928
2023-08-25,0.6345477104187012,0.36545225977897644
2023-09-01,0.6412079334259033,0.3587920665740967
2023-09-08,0.6264519095420837,0.37354815006256104
2023-09-15,0.6461347341537476,0.35386529564857483
2023-09-22,0.6334457397460938,0.3665542006492615
2023-09-29,0.6393735408782959,0.3606264591217041
2023-10-06,0.6415305733680725,0.3584694564342499
2023-10-13,0.6567673087120056,0.3432326316833496
2023-10-20,0.6693480014801025,0.33065199851989746
2023-10-27,0.6884669065475464,0.3115330636501312
2023-11-03,0.70271235704422,0.29728764295578003
2023-11-10,0.6712775230407715,0.3287224769592285
2023-11-17,0.6939175128936768,0.30608245730400085
2023-11-24,0.6904447078704834,0.3095552921295166
2023-12-01,0.71097731590271,0.2890227437019348
2023-12-08,0.6649609804153442,0.3350389897823334
2023-12-15,0.7080363035202026,0.29196369647979736
2023-12-22,0.7288859486579895,0.2711139917373657
2023-12-29,0.6982362270355225,0.30176374316215515
2024-01-05,0.706625759601593,0.29337427020072937
2024-01-12,0.7194103598594666,0.28058966994285583
2024-01-19,0.5882591605186462,0.41174083948135376
2024-01-26,0.6043972373008728,0.3956027925014496
2024-02-02,0.6157914996147156,0.3842085003852844
2024-02-09,0.6061995625495911,0.39380040764808655
2024-02-16,0.6049221754074097,0.39507779479026794
2024-02-23,0.6022552251815796,0.3977448046207428
2024-03-01,0.6051827669143677,0.39481720328330994
2024-03-08,0.5845202207565308,0.41547977924346924
2024-03-15,0.5873257517814636,0.412674218416214
2024-03-22,0.5870530605316162,0.41294699907302856
2024-03-29,0.5882357954978943,0.4117642343044281
2024-04-05,0.5873502492904663,0.4126496911048889
2024-04-12,0.5947940349578857,0.40520596504211426
2024-04-19,0.6097518801689148,0.3902480900287628
2024-04-26,0.6089529991149902,0.39104703068733215
2024-05-03,0.5997913479804993,0.40020865201950073
2024-05-10,0.59677654504776,0.40322345495224
2024-05-17,0.5868796110153198,0.4131203591823578
2024-05-24,0.6092667579650879,0.3907332718372345
2024-05-31,0.6050122976303101,0.39498773217201233
2024-06-07,0.5834449529647827,0.41655510663986206
2024-06-14,0.600649893283844,0.3993501365184784
2024-06-21,0.6055703163146973,0.3944297432899475
2024-06-28,0.5975661873817444,0.40243375301361084
2024-07-05,0.5929684638977051,0.4070315361022949
2024-07-12,0.5803969502449036,0.41960301995277405
2024-07-19,0.6381110548973083,0.36188897490501404
2024-07-26,0.6385313272476196,0.3614686131477356
2024-08-02,0.6568408012390137,0.34315916895866394
2024-08-09,0.682239830493927,0.3177602291107178
2024-08-16,0.6651047468185425,0.33489522337913513
2024-08-23,0.6748932003974915,0.32510682940483093
2024-08-30,0.6775805950164795,0.3224194049835205
2024-09-06,0.6778183579444885,0.32218167185783386
2024-09-13,0.7015621662139893,0.29843786358833313
2024-09-20,0.6868844628334045,0.31311559677124023
2024-09-27,0.6728376746177673,0.3271622955799103
2024-10-04,0.6833318471908569,0.3166680932044983
2024-10-11,0.6721289753913879,0.3278709650039673
2024-10-18,0.655705451965332,0.34429457783699036
2024-10-25,0.6505600810050964,0.3494398593902588
2024-11-01,0.6329407095909119,0.3670593202114105
2024-11-08,0.6744187474250793,0.32558128237724304
2024-11-15,0.6600017547607422,0.3399982154369354
2024-11-22,0.6707852482795715,0.32921475172042847
2024-11-29,0.6731322407722473,0.3268677890300751
2024-12-06,0.6707157492637634,0.3292842507362366
2024-12-13,0.6761614680290222,0.3238385021686554
2024-12-20,0.6306630969047546,0.36933693289756775
2024-12-27,0.6438872218132019,0.3561127781867981
2025-01-03,0.6746490597724915,0.32535091042518616
2025-01-10,0.6850423216819763,0.3149575889110565
2025-01-17,0.5833903551101685,0.41660961508750916
2025-01-24,0.5893728137016296,0.41062718629837036
2025-01-31,0.5942211151123047,0.4057788848876953
2025-02-07,0.5878134369850159,0.4121865928173065
2025-02-14,0.5882154703140259,0.41178447008132935
2025-02-21,0.5960217714309692,0.4039781987667084
2025-02-28,0.5819263458251953,0.4180736243724823
2025-03-07,0.5953454375267029,0.4046545922756195
2025-03-14,0.5832959413528442,0.4167039692401886
2025-03-21,0.5844870805740356,0.41551291942596436
2025-03-28,0.6022730469703674,0.39772695302963257
2025-04-04,0.5911015272140503,0.4088985025882721
2025-04-11,0.5730113983154297,0.4269886612892151
2025-04-18,0.6532911658287048,0.34670883417129517
2025-04-25,0.618842601776123,0.38115736842155457
2025-05-02,0.6203520894050598,0.3796478807926178
2025-05-09,0.6409420371055603,0.3590579628944397
2025-05-16,0.6153273582458496,0.3846726417541504
2025-05-23,0.6803667545318604,0.31963324546813965
2025-05-30,0.6149753332138062,0.38502469658851624
2025-06-06,0.664656937122345,0.33534306287765503
2025-06-13,0.6456201672554016,0.3543798327445984
2025-06-20,0.6122952699661255,0.3877047300338745
2025-06-27,0.6270309090614319,0.37296903133392334
2025-07-04,0.6385373473167419,0.36146268248558044
2025-07-11,0.6109872460365295,0.38901275396347046
2025-07-18,0.6138806343078613,0.3861193358898163
2025-07-25,0.6342756748199463,0.3657243549823761
2025-08-01,0.6308465600013733,0.3691534101963043
2025-08-08,0.6374208927154541,0.3625790774822235
2025-08-15,0.6099915504455566,0.39000844955444336
2025-08-22,0.6193935871124268,0.38060641288757324
2025-08-29,0.639679491519928,0.36032047867774963
2025-09-05,0.6088501214981079,0.3911498785018921
2025-09-12,0.646420419216156,0.353579580783844
2025-09-19,0.6135602593421936,0.386439710855484
2025-09-26,0.6168602108955383,0.38313978910446167
2025-10-03,0.6446021199226379,0.3553978502750397
2025-10-10,0.6415556073188782,0.3584444522857666
2025-10-17,0.6458972096443176,0.3541027903556824
2025-10-24,0.641878068447113,0.3581219017505646
2025-10-31,0.6309576034545898,0.36904242634773254
2025-11-07,0.6295655369758606,0.3704344630241394
2025-11-14,0.6458003520965576,0.35419967770576477
2025-11-21,0.6206551194190979,0.3793449401855469
2025-11-28,0.653479814529419,0.34652021527290344
2025-12-05,0.6570568680763245,0.34294313192367554
2025-12-12,0.6154320240020752,0.3845679461956024
2025-12-19,0.5991566181182861,0.4008433520793915
