feature,mean_abs_shap
brent_return_pct,0.30501035194375914
crude_stocks_change,0.2824136363967036
refinery_utilisation,0.2377656975575292
gdelt_chokepoint_event_count,0.2345794068519418
distillate_supplied,0.165093051005018
ntl_ntl_avg_rad_max_P007,0.1606956985811974
gdelt_transport_disruption_event_count,0.1571933809476549
gdelt_transport_negative_event_count,0.1562641184586852
opt_NDVI_P001,0.1437696403365453
gdelt_transport_sanction_event_count,0.12632942504212316
net_crude_trade,0.12087294375352292
brent_log_return,0.11498895191282413
sp500_return_pct,0.10406350626657802
ntl_ntl_avg_rad_stddev_P004,0.10316770123872368
wti_return_pct,0.10137587411296035
cushing_stocks_change,0.09452140028018227
opt_NDWI_P009,0.09182793994112023
gdelt_oil_geo_avg_tone,0.09109953412337511
crude_imports,0.08985729782457469
gdelt_oil_geo_event_count_wow_pct,0.08771329659288885
brent_price,0.08697340708333469
ntl_ntl_avg_rad_stddev_P007,0.08605077747791785
cushing_stocks,0.0855792473513275
opt_NDBI_P011,0.0850277498753414
gdelt_transport_event_count_wow_pct,0.08266725203488506
gdelt_oil_geo_avg_tone_4w_ma,0.07948177284974568
jet_fuel_supplied,0.07702095342218254
gdelt_transport_event_count_4w_ma,0.0756047715754851
gdelt_oil_geo_negative_share,0.07245222976322284
ntl_ntl_avg_rad_stddev_P011,0.06513564637891844
opt_NDBI_P003,0.06316064119067798
opt_BSI_P011,0.06261810844485234
crude_production,0.055469022101633535
brent_vol_12w,0.05498595937759823
gdelt_transport_disruption_avg_tone,0.05483666214466111
opt_NDBI_P004,0.05228005746802226
gdelt_transport_unrest_conflict_event_count,0.05078218160674549
ntl_ntl_cf_cvg_mean_P002,0.04991000326703584
opt_NDVI_P002,0.04976190212294755
gdelt_transport_negative_share,0.04696010886976002
crude_exports,0.04693951430073619
brent_wti_spread,0.04526531526567382
gdelt_oil_geo_conflict_share,0.04509337174477141
ntl_ntl_cf_cvg_mean_P007,0.04445905616502343
wti_price,0.04385766831971008
brent_vol_4w,0.04374120741577474
opt_NDBI_P001,0.042735508989898176
opt_NDVI_P011,0.0414591386600874
opt_NDVI_P004,0.0399713629470212
opt_NDWI_P001,0.03965117196735364
fed_funds_rate,0.03783854402378175
gasoline_supplied,0.03722171190821192
sp500,0.03618241841772219
gdelt_oil_geo_avg_goldstein,0.03606834970735091
dollar_index,0.036026023167399154
opt_NDVI_P009,0.03590312042050866
gdelt_transport_avg_tone_4w_ma,0.034111437220356707
ntl_ntl_avg_rad_max_P002,0.03397576495107914
opt_NDWI_P002,0.03290534510707735
ntl_ntl_cf_cvg_mean_P010,0.03267621801343091
gdelt_transport_disruption_avg_goldstein,0.032497701349199944
ntl_ntl_avg_rad_mean_P005,0.032367689172189386
opt_BSI_P001,0.03227691308039446
ntl_ntl_avg_rad_mean_P001,0.031439897378779086
opt_NDBI_P002,0.030620583156829015
gdelt_sanction_event_count,0.029943941733067594
opt_NDBI_P005,0.028272921666745058
opt_NDWI_P005,0.027622593261927453
ntl_ntl_avg_rad_stddev_P009,0.026869666100523285
ntl_ntl_avg_rad_mean_P008,0.025138759257468203
ntl_ntl_avg_rad_stddev_P006,0.024538838781249007
crude_stocks_excl_spr,0.024203410999016316
ntl_ntl_avg_rad_mean_P007,0.023513528617194468
refinery_crude_input,0.023107734053739625
ntl_ntl_avg_rad_mean_P011,0.02308552237221323
gdelt_oil_geo_event_count_4w_ma,0.021685799720132598
opt_NDVI_P008,0.02109781536018641
ntl_ntl_cf_cvg_mean_P001,0.020200836175101773
ntl_ntl_avg_rad_stddev_P008,0.019925659513891737
opt_NDBI_P007,0.019901409798546307
opt_BSI_P005,0.01940856824805008
gdelt_oil_geo_total_mentions,0.019191763968405766
opt_BSI_P003,0.017958642015900788
ntl_ntl_avg_rad_max_P011,0.017945579400104293
gdelt_negative_event_count,0.017368171940144336
ntl_ntl_cf_cvg_mean_P005,0.016881964771391273
opt_BSI_P002,0.016726966125225482
vix,0.016435127651630303
opt_BSI_P004,0.016326550959270585
gdelt_conflict_event_count,0.015986448172848385
ntl_ntl_avg_rad_max_P006,0.015663360036677267
gdelt_oil_geo_event_count,0.014932443269283308
opt_NDWI_P007,0.014796412276557104
ntl_ntl_avg_rad_stddev_P003,0.014653669830412278
opt_NDWI_P010,0.014645841308944198
opt_NDVI_P006,0.014465422520811592
ntl_ntl_avg_rad_max_P004,0.014332762587194868
ntl_ntl_avg_rad_mean_P004,0.014139201457282887
ntl_ntl_avg_rad_max_P010,0.013884315616968854
ntl_ntl_cf_cvg_mean_P008,0.013762470849668279
opt_NDWI_P011,0.013332605034054543
opt_BSI_P006,0.013045653820586197
ntl_ntl_cf_cvg_mean_P006,0.012876121956267327
opt_NDBI_P008,0.01280251330726754
opt_NDVI_P007,0.012545528978042288
opt_NDBI_P006,0.012105861197893673
ntl_ntl_cf_cvg_mean_P011,0.012032610314680524
ntl_ntl_avg_rad_mean_P002,0.011936866382859025
ntl_ntl_avg_rad_mean_P003,0.011548531117316492
opt_NDWI_P004,0.011378693415177674
opt_valid_obs_count_P001,0.011124171598112612
ntl_ntl_avg_rad_mean_P006,0.010804665542723189
treasury_10y,0.010785182008324118
opt_BSI_P008,0.01068054877305845
opt_NDBI_P009,0.01060116770816557
gdelt_combined_event_count,0.009681593162311873
opt_NDWI_P006,0.009450090075556387
ntl_ntl_avg_rad_mean_P010,0.00921461289457504
ntl_ntl_cf_cvg_mean_P009,0.009102574181156042
opt_NDBI_P010,0.008979523970773758
opt_NDVI_P003,0.008979464578817882
gdelt_key_oil_region_event_count,0.008781082556649611
opt_NDWI_P008,0.008487853576056335
ntl_ntl_avg_rad_mean_P009,0.008132715637619616
opt_NDWI_P003,0.00812090196741496
ntl_ntl_cf_cvg_mean_P004,0.00770761141106036
ntl_ntl_cf_cvg_mean_P003,0.007423021202649898
ntl_ntl_avg_rad_max_P009,0.0070037604636200975
ntl_ntl_avg_rad_max_P005,0.006758333420335442
opt_NDVI_P010,0.0066915603277350145
gdelt_transport_disruption_total_mentions,0.006638873956474164
ntl_ntl_avg_rad_max_P003,0.0065380376385515806
opt_BSI_P007,0.006357567908369042
opt_BSI_P010,0.006133296412739311
ntl_ntl_avg_rad_stddev_P005,0.005814011552464967
opt_BSI_P009,0.005184758146492793
ntl_ntl_avg_rad_max_P008,0.00386768381434819
ntl_ntl_avg_rad_stddev_P002,0.003511676433973155
ntl_ntl_avg_rad_max_P001,0.0032964932744092364
opt_NDVI_P005,0.003039893310588911
opt_valid_obs_count_P002,0.0025537717837263193
ntl_ntl_avg_rad_stddev_P001,0.0016247254680498244
ntl_ntl_avg_rad_stddev_P010,0.001490510893882783
opt_valid_obs_count_P003,0.0010353278755359909
opt_valid_obs_count_P011,0.0
opt_valid_obs_count_P004,0.0
opt_sensor_flag_P001,0.0
opt_sensor_flag_P002,0.0
opt_sensor_flag_P003,0.0
opt_sensor_flag_P004,0.0
opt_sensor_flag_P005,0.0
opt_sensor_flag_P006,0.0
opt_sensor_flag_P007,0.0
opt_sensor_flag_P008,0.0
opt_sensor_flag_P009,0.0
opt_sensor_flag_P010,0.0
opt_sensor_flag_P011,0.0
opt_valid_obs_count_P010,0.0
opt_valid_obs_count_P009,0.0
opt_valid_obs_count_P008,0.0
opt_valid_obs_count_P007,0.0
opt_valid_obs_count_P006,0.0
opt_valid_obs_count_P005,0.0
