date,P_t,P_next_actual,r_actual,r_now,r_hat_M0,P_hat_M0,r_hat_M1_Flat_Ridge,P_hat_M1_Flat_Ridge,r_hat_M1_Flat_XGB,P_hat_M1_Flat_XGB
2021-01-22,55.22,55.25,0.0005431338958538254,0.0076350125480385,0.0,55.22,0.005819726193279723,55.542302226070134,-0.03048781305551529,53.56186781028333
2021-01-29,55.25,59.48,0.07377178119409217,0.0005431338958538,0.0,55.25,-0.0018860308996820527,55.14589499627891,-0.022691473364830017,54.01041330923024
2021-02-05,59.48,62.47,0.04904631991352435,0.0737717811940921,0.0,59.48,0.007729530825193603,59.9415339159129,0.014036032371222973,60.320749798152995
2021-02-12,62.47,62.84,0.005905371881942048,0.0490463199135243,0.0,62.47,0.006772327747508607,62.89450312908217,0.029209202155470848,64.32160922871853
2021-02-19,62.84,65.86,0.046939463560797715,0.005905371881942,0.0,62.84,-0.009637938397532785,62.23726119651414,0.000798406545072794,62.890191901397415
2021-02-26,65.86,69.95,0.06024942416327206,0.0469394635607977,0.0,65.86,0.004097849119787221,66.13043807179524,0.01445845514535904,66.81915106831586
2021-03-05,69.95,68.87,-0.015560031554883306,0.060249424163272,0.0,69.95,0.0061158047781282605,70.37911138746094,0.015745101496577263,71.06008612585134
2021-03-12,68.87,64.0,-0.07333758619693505,-0.0155600315548833,0.0,68.87,0.015896740788840555,69.97355677658486,0.03994128853082657,71.6764296666009
2021-03-19,64.0,63.77,-0.0036002230324915494,-0.073337586196935,0.0,64.0,0.0185424359161196,65.19778651994926,0.05841784551739693,67.85010466523227
2021-03-26,63.77,63.85,0.0012537221513679736,-0.0036002230324915,0.0,63.77,0.01852502214696043,64.96235072541401,0.05031843110918999,67.06090869586576
2021-04-02,63.85,61.89,-0.031177966727278218,0.0012537221513679,0.0,63.85,0.011221839004265535,64.57054980584613,-0.03547344729304314,61.624722862069035
2021-04-09,61.89,65.98,0.0639930500491652,-0.0311779667272782,0.0,61.89,0.003969714678494747,62.13617393831991,0.016428325325250626,62.915146720001445
2021-04-16,65.98,65.75,-0.0034919947425615105,0.0639930500491652,0.0,65.98,-0.0007084761784593421,65.93327129678637,0.009514729492366314,66.6107779339211
2021-04-23,65.75,67.73,0.0296695421689385,-0.0034919947425615,0.0,65.75,-3.8327354874006484e-05,65.74748002470933,0.005650725215673447,66.12258688456969
2021-04-30,67.73,68.73,0.01465657190670161,0.0296695421689385,0.0,67.73,0.0036661244096096073,67.97876232445437,0.004246677737683058,68.01823907923203
2021-05-07,68.73,69.24,0.007392945174494417,0.0146565719067016,0.0,68.73,0.0027321816248189646,68.91803960527754,0.0020880619995296,68.87366243706809
2021-05-14,69.24,66.72,-0.037073972257517095,0.0073929451744944,0.0,69.24,0.003250931230874721,69.4654607585703,0.009143835864961147,69.87602260698499
2021-05-21,66.72,69.36,0.038805574421795073,-0.037073972257517,0.0,66.72,-0.006739003275116487,66.27188532052541,-0.020370258018374443,65.37464551463565
2021-05-28,69.36,71.3,0.027585994947963807,0.038805574421795,0.0,69.36,-0.006325084045628029,68.92267668195329,-0.011777368374168873,68.54791323881804
2021-06-04,71.3,72.05,0.010463995025280937,0.0275859949479638,0.0,71.3,-0.003740040033208387,71.03383319314828,0.0017075235955417156,71.42185043400175
2021-06-11,72.05,73.1,0.014468044310201739,0.0104639950252809,0.0,72.05,-0.004903388539301881,71.69757559874616,-0.009464622475206852,71.37129087996107
2021-06-18,73.1,76.45,0.04480856561933865,0.0144680443102017,0.0,73.1,-0.014916991296668555,72.0176606294997,0.0011822768719866872,73.18647554828979
2021-06-25,76.45,77.51,0.013770027918348707,0.0448085656193386,0.0,76.45,0.005068965845649065,76.83850626953567,0.018771817907691002,77.89865992945843
2021-07-02,77.51,77.14,-0.004785007513338353,0.0137700279183487,0.0,77.51,-0.015060711937066425,76.3513908570806,-0.0004945773398503661,77.47167478855998
2021-07-09,77.14,74.46,-0.03535988433551098,-0.0047850075133383,0.0,77.14,-0.018284919048932025,75.74231853212953,-0.007323793135583401,76.57710637180215
2021-07-16,74.46,74.86,0.005357634031712234,-0.0353598843355109,0.0,74.46,-0.02879703352124503,72.34635233850096,-0.022259989753365517,72.82083277019785
2021-07-23,74.86,77.72,0.03749292203295641,0.0053576340317122,0.0,74.86,-0.011489738130369107,74.00480062019824,-0.023651493713259697,73.11022316553026
2021-07-30,77.72,71.02,-0.09015109699429757,0.0374929220329564,0.0,77.72,-0.014027904327431322,76.6373625962131,-0.0526600256562233,73.73315769137442
2021-08-06,71.02,70.9,-0.0016910939768598886,-0.0901510969942975,0.0,71.02,-0.01779763485947115,69.76719353756656,-0.03285020589828491,68.72488231302927
2021-08-13,70.9,65.51,-0.07906763079429685,-0.0016910939768598,0.0,70.9,-0.011351379750314538,70.09973780877066,-0.02020733244717121,69.48167863748472
2021-08-20,65.51,72.26,0.09806792297570921,-0.0790676307942968,0.0,65.51,-0.021885963817164764,64.09182616869474,-0.06522507965564728,61.37347405071563
2021-08-27,72.26,73.07,0.011147160083632196,0.0980679229757092,0.0,72.26,-0.006417697580708168,71.79774207517852,-0.03489484265446663,69.78198508127554
2021-09-03,73.07,72.44,-0.008659252787913718,0.0111471600836321,0.0,73.07,-0.01061769430065682,72.29826932773358,-0.009728366509079933,72.36259478689931
2021-09-10,72.44,74.64,0.02991792352387589,-0.0086592527879137,0.0,72.44,-0.02085758264906595,70.94472483374402,-0.03996613621711731,69.60194391740356
2021-09-17,74.64,77.42,0.036568588610413746,0.0299179235238758,0.0,74.64,-0.011392003850224295,73.79452579892154,-0.012670379132032394,73.70024897462763
2021-09-24,77.42,79.4,0.02525322310358813,0.0365685886104137,0.0,77.42,-0.0018266960423293627,77.27870628202986,-0.029550332576036453,75.16568516920438
2021-10-01,79.4,82.17,0.03429190369000646,0.0252532231035881,0.0,79.4,-0.004643332402806714,79.03217403719982,-0.03850332647562027,76.40094321004385
2021-10-08,82.17,84.67,0.02997107571108943,0.0342919036900064,0.0,82.17,-0.0014802945543760772,82.04845418046929,-0.008829939179122448,81.44763779821646
2021-10-15,84.67,85.43,0.008935979509341498,0.0299710757110894,0.0,84.67,-0.008819009490024558,83.92657741021381,-0.024155642837285995,82.64924628088323
2021-10-22,85.43,83.1,-0.027652625302124888,0.0089359795093414,0.0,85.43,-0.00022582482567415655,85.41070996330923,-0.008336760103702545,84.72075111108218
2021-10-29,83.1,82.43,-0.008095253536266212,-0.0276526253021248,0.0,83.1,0.0007081043506902305,83.15886431011981,0.03138502314686775,85.74945454274528
2021-11-05,82.43,82.9,0.005685613816113168,-0.0080952535362662,0.0,82.43,-0.00730220975684453,81.83027118744255,0.008730759844183922,83.15282735846978
2021-11-12,82.9,80.24,-0.03261291848756931,0.0056856138161131,0.0,82.9,-0.006863981842486424,82.33292433025163,0.011586361564695835,83.86609533095236
2021-11-19,80.24,72.37,-0.10323029477564367,-0.0326129184875693,0.0,80.24,-0.00808023622594033,79.59425424774349,0.02146168425679207,81.98069788512481
2021-11-26,72.37,70.71,-0.023204843261887015,-0.1032302947756436,0.0,72.37,-0.015282561030608297,71.27240941812572,0.022892488166689873,74.04583823525884
2021-12-03,70.71,74.98,0.058634405691616764,-0.023204843261887,0.0,70.71,-0.018006801759948763,69.44813422691107,-0.007344983052462339,70.19253894605991
2021-12-10,74.98,72.97,-0.027173013530237298,0.0586344056916167,0.0,74.98,-0.005745465359358593,74.55044019949219,0.006178697571158409,75.44471292578083
2021-12-17,72.97,75.24,0.030634606655300933,-0.0271730135302372,0.0,72.97,-0.005086350793675297,72.59979128641528,0.008322575129568577,73.57983247548862
2021-12-24,75.24,77.24,0.026234453127484143,0.0306346066553009,0.0,75.24,-0.0049040925600971706,74.87191936423042,-0.0021101171150803566,75.08140217709925
2021-12-31,77.24,82.28,0.06321060722444273,0.0262344531274841,0.0,77.24,0.0012268514971520723,77.33482016287608,0.006049643270671368,77.70869072262985
2022-01-07,82.28,87.17,0.057732170238728335,0.0632106072244427,0.0,82.28,-0.0018473513663869868,82.1281402419272,-0.0006976857548579574,82.222614436963
2022-01-14,87.17,89.75,0.029167792344903538,0.0577321702387283,0.0,87.17,0.01371039568515577,88.37336565133445,0.010067128576338291,88.051983670647
2022-01-21,89.75,91.47,0.018983022299884793,0.0291677923449035,0.0,89.75,-0.0044634031123417855,89.35030224034314,-0.024971071630716324,87.53659685891546
2022-01-28,91.47,96.86,0.05725558730680989,0.0189830222998847,0.0,91.47,-0.0016585924705494843,91.31841429092681,0.001866432256065309,91.64088197867419
2022-02-04,96.86,97.5,0.006585741028718476,0.0572555873068098,0.0,96.86,0.0025305046810197565,97.1054150644296,-0.006599864922463894,96.22284197484755
2022-02-11,97.5,96.18,-0.013630942154284866,0.0065857410287184,0.0,97.5,-0.0036498478374417742,97.14478846420315,-0.006367593538016081,96.88113207081975
2022-02-18,96.18,98.56,0.02444406393569308,-0.0136309421542848,0.0,96.18,-0.0009549446589688757,96.08819726294348,-0.0019593709148466587,95.99173220885925
2022-02-25,98.56,123.86,0.22848639572470525,0.024444063935693,0.0,98.56,-0.004999758410343718,98.06845364155191,-0.01040105614811182,97.54018467804019
2022-03-04,123.86,118.11,-0.04753550188615907,0.2284863957247052,0.0,123.86,-0.006054331663952234,123.11237594576934,-0.00547141395509243,123.18416125031789
2022-03-11,118.11,114.32,-0.03261486000214397,-0.047535501886159,0.0,118.11,-0.009559963581585826,116.9862527512958,-0.04937412217259407,112.42004652808814
2022-03-18,114.32,122.67,0.07049628942304882,-0.0326148600021439,0.0,114.32,-0.009710415086105595,113.21527768401884,-0.00817822851240635,113.38887757217098
2022-03-25,122.67,106.13,-0.14483306527092962,0.0704962894230488,0.0,122.67,0.017658630819042415,124.85542324445366,-0.0067336540669202805,121.84675748140376
2022-04-01,106.13,101.26,-0.04697329123196794,-0.1448330652709296,0.0,106.13,0.018328279269317776,108.09311558943963,-0.0052488152869045734,105.57440262316452
2022-04-08,101.26,110.83,0.09030602924579843,-0.0469732912319679,0.0,101.26,0.004535205970126359,101.72027789514436,-0.014253413304686546,99.82693665251455
2022-04-15,110.83,105.15,-0.052609593638852835,0.0903060292457984,0.0,110.83,0.01944889090931931,113.00661837606366,0.013651713728904724,112.35339424421547
2022-04-22,105.15,108.36,0.0300711150681855,-0.0526095936388528,0.0,105.15,-0.00553861202032988,104.56922477504844,-0.0072646066546440125,104.38889452346348
2022-04-29,108.36,113.86,0.04951060630604147,0.0300711150681855,0.0,108.36,0.003735267592278599,108.76551046987659,0.002820040797814727,108.66601089966277
2022-05-06,113.86,112.12,-0.01539989722634826,0.0495106063060414,0.0,113.86,0.004590789223419867,114.38390891855747,0.005649183876812458,114.50503632518354
2022-05-13,112.12,113.63,0.01337782963333004,-0.0153998972263482,0.0,112.12,-0.007419164073286914,111.2912414733578,0.005993850063532591,112.7940485240164
2022-05-20,113.63,121.19,0.06441200605047838,0.01337782963333,0.0,113.63,-0.0033462345957783195,113.25040282768171,-0.010788041166961193,112.41074340230286
2022-05-27,121.19,125.68,0.03637943196696975,0.0644120060504783,0.0,121.19,0.0024687292839725844,121.48955490977407,0.00024328687868546695,121.21948752364622
2022-06-03,125.68,127.44,0.013906671654427218,0.0363794319669697,0.0,125.68,-0.006041860109621124,124.9229483245367,-0.02919621765613556,122.06366785739378
2022-06-10,127.44,119.22,-0.06667513981001255,0.0139066716544272,0.0,127.44,-0.006853295775697989,126.56960194072732,-0.01452157273888588,125.60274298685009
2022-06-17,119.22,117.36,-0.015724391957054218,-0.0666751398100125,0.0,119.22,-0.016436028582943674,117.27651203565561,-0.01577443815767765,117.35412672486362
2022-06-24,117.36,119.21,0.015640509895183893,-0.0157243919570542,0.0,117.36,-0.009947149595104975,116.1983894584556,-0.033468153327703476,113.49717883202388
2022-07-01,119.21,113.95,-0.045126888038216885,0.0156405098951838,0.0,119.21,-0.021816810511516318,116.63738320606052,-0.0512564480304718,113.25367290839375
2022-07-08,113.95,112.26,-0.01494214617763996,-0.0451268880382168,0.0,113.95,-0.010615709652792887,112.74673792541667,-0.035150304436683655,110.01420031739283
2022-07-15,112.26,106.77,-0.05014062132384229,-0.0149421461776399,0.0,112.26,-0.01719815053926865,110.34584278242896,-0.017113978043198586,110.35513125835854
2022-07-22,106.77,111.51,0.04343728478705956,-0.0501406213238422,0.0,106.77,-0.014032282229650039,105.28223600076498,-0.03156031668186188,103.45292429525345
2022-07-29,111.51,100.31,-0.10584888208187673,0.0434372847870595,0.0,111.51,-0.010043242822207615,110.39568303725744,-0.023859918117523193,108.88087066420165
2022-08-05,100.31,103.7,0.033236724340087835,-0.1058488820818767,0.0,100.31,-0.016259898280488377,98.69215821905271,-0.004788078833371401,99.83085581767587
2022-08-12,103.7,96.45,-0.07247737588374359,0.0332367243400878,0.0,103.7,-0.010021558591109956,102.6659544025985,-0.03468345105648041,100.16498376780085
2022-08-19,96.45,101.13,0.047382078562340904,-0.0724773758837435,0.0,96.45,-0.01917309467367595,94.61837013486787,-0.03657044097781181,92.98649786576576
2022-08-26,101.13,93.09,-0.08284005078568042,0.0473820785623409,0.0,101.13,6.023019729493135e-05,101.1360912632896,0.008819928392767906,102.02590445716208
2022-09-02,93.09,91.68,-0.015262514161969071,-0.0828400507856804,0.0,93.09,-0.013468135861924597,91.84465628620161,0.010415072552859783,94.06460558799054
2022-09-09,91.68,89.43,-0.02484805660833964,-0.015262514161969,0.0,91.68,-0.004488857794521201,91.26938380573786,0.009912500157952309,92.5932970649409
2022-09-16,89.43,84.29,-0.05919296234869898,-0.0248480566083396,0.0,89.43,-0.018053804590923556,87.82993534292767,-0.0022570211440324783,89.22838221248307
2022-09-23,84.29,88.9,0.05324890851046811,-0.0591929623486989,0.0,84.29,-0.0012104672270965362,84.18803144467587,0.015703115612268448,85.62406267161795
2022-09-30,88.9,98.88,0.10639485118952167,0.0532489085104681,0.0,88.9,-0.0007593482052621193,88.83251956836702,0.022622371092438698,90.93404955537665
2022-10-07,98.88,92.22,-0.06972996693082115,0.1063948511895216,0.0,98.88,-0.0013934862974974683,98.7423080331189,-0.000750801875256002,98.80578857310003
2022-10-14,92.22,91.82,-0.004346887957483551,-0.0697299669308211,0.0,92.22,-0.007756842102649521,91.50743123584088,0.024865830317139626,94.54187491040305
2022-10-21,91.82,94.64,0.030250080849055453,-0.0043468879574835,0.0,91.82,-0.00978196469673014,90.92619869502515,0.017677024006843567,93.45753507693568
2022-10-28,94.64,99.53,0.05037888658784077,0.0302500808490554,0.0,94.64,-0.004803586527433232,94.1864787074913,-0.014642863534390926,93.26429609805264
2022-11-04,99.53,96.37,-0.032264156394776054,0.0503788865878407,0.0,99.53,-0.005637782744001069,98.9704502754679,0.009585143998265266,100.48859618413829
2022-11-11,96.37,88.93,-0.08034540645164731,-0.032264156394776,0.0,96.37,0.0015531561731489136,96.51979395699863,-0.0073062158189713955,95.66846588206174
2022-11-18,88.93,83.4,-0.0642012340468476,-0.0803454064516473,0.0,88.93,-0.026441005289805662,86.60941588497069,-0.01521088182926178,87.58753222218895
2022-11-25,83.4,86.54,0.036958425432037686,-0.0642012340468476,0.0,83.4,-0.004853819384703877,82.99617230948519,-0.010700208134949207,82.5123600766475
2022-12-02,86.54,76.37,-0.125016785896446,0.0369584254320376,0.0,86.54,-0.020411270654453258,84.7915137546606,-0.0590461827814579,81.5780762133917
2022-12-09,76.37,80.2,0.048933565972175935,-0.125016785896446,0.0,76.37,-0.019801114129828556,74.87266231431536,-0.019820941612124443,74.8711777926461
2022-12-16,80.2,82.45,0.027668534133139046,0.0489335659721759,0.0,80.2,-0.017514633546749463,78.80755605784509,-0.009030597284436226,79.47900649861246
2022-12-23,82.45,82.82,0.004477529111813271,0.027668534133139,0.0,82.45,-0.011758441859469178,81.48619400178622,-0.023452743887901306,80.53882007303002
2022-12-30,82.82,76.41,-0.08055600045794582,0.0044775291118132,0.0,82.82,-0.0051496433436411,82.39460280029436,0.002326210029423237,83.0128809684812
2023-01-06,76.41,83.43,0.08789437925450803,-0.0805560004579458,0.0,76.41,-0.014573089568883639,75.3045447394848,-0.027404922991991043,74.34442260316001
2023-01-13,83.43,86.96,0.04144028589897068,0.087894379254508,0.0,83.43,-0.002287741727641417,83.23935186765728,-0.017381388694047928,81.99240067052068
2023-01-20,86.96,85.36,-0.018570635819456064,0.0414402858989706,0.0,86.96,-0.0006568666123393161,86.90289763576241,0.014813491143286228,88.25776970811543
2023-01-27,85.36,78.85,-0.07933029358445057,-0.018570635819456,0.0,85.36,0.012768851645926128,86.4569375891552,0.017374595627188683,86.85605451875838
2023-02-03,78.85,85.46,0.0805011168068314,-0.0793302935844505,0.0,78.85,0.009210969409453653,79.5796401257069,0.05224357545375824,83.07891081628428
2023-02-10,85.46,81.97,-0.04169510355093954,0.0805011168068314,0.0,85.46,0.010910100013661066,86.39748185854391,0.02514023520052433,87.63571895096
2023-02-17,81.97,82.31,0.004139280319613421,-0.0416951035509395,0.0,81.97,0.011593141456922964,82.92581957576931,0.012980529107153416,83.04094968030928
2023-02-24,82.31,85.74,0.04082685418527841,0.0041392803196134,0.0,82.31,0.005562858998928265,82.76915484697773,0.023585988208651543,84.27443823088116
2023-03-03,85.74,82.3,-0.04094835348680689,0.0408268541852784,0.0,85.74,0.01170750927059793,86.74970085298347,-0.0028590145520865917,85.49521817643837
2023-03-10,82.3,71.03,-0.14726878467330543,-0.0409483534868068,0.0,82.3,-0.00730302355997081,81.70115052850575,-0.001485162414610386,82.17786185322014
2023-03-17,71.03,73.63,0.03595022837090671,-0.1472687846733054,0.0,71.03,-0.009177018977782189,70.38113820431101,-0.001467075664550066,70.92587001750532
2023-03-24,73.63,79.19,0.07279747684169571,0.0359502283709067,0.0,73.63,-0.018520350901758388,72.27889663650136,-0.036949269473552704,70.95907354559988
2023-03-31,79.19,86.56,0.0889877868758503,0.0727974768416957,0.0,79.19,-0.0034059176469235005,78.92074417341253,0.00841350108385086,79.85907583916114
2023-04-07,86.56,87.31,0.008627188724544795,0.0889877868758503,0.0,86.56,-0.010716170291215386,85.63736070883024,-0.03562598675489426,83.53049947543168
2023-04-14,87.31,83.36,-0.04629642581765948,0.0086271887245447,0.0,87.31,-0.008182456779841632,86.59850455860249,-0.003792681498453021,86.9794881376681
2023-04-21,83.36,81.32,-0.024776589244910975,-0.0462964258176594,0.0,83.36,-0.01020794421050366,82.513394174627,-0.00773006584495306,82.71810584949351
2023-04-28,81.32,75.85,-0.06963428296560463,-0.0247765892449109,0.0,81.32,-0.008607871287021045,80.62301200205808,-0.007152758538722992,80.74041296973587
2023-05-05,75.85,74.54,-0.017421811743428724,-0.0696342829656046,0.0,75.85,-0.009409346960056526,75.13964824708938,-0.01281373854726553,74.88427839685818
2023-05-12,74.54,75.42,0.01173659777909868,-0.0174218117434287,0.0,74.54,-0.012715899252487752,73.59815774615201,-0.013060291297733784,73.57281549016564
2023-05-19,75.42,76.33,0.011993553980167887,0.0117365977790986,0.0,75.42,-0.0030889950638441433,75.18738744676284,0.007847296074032784,76.01417134002662
2023-05-26,76.33,76.0,-0.0043327055240478885,0.0119935539801678,0.0,76.33,-0.005358596490197841,75.92207226608632,-0.016923408955335617,75.04910531743957
2023-06-02,76.0,74.74,-0.016717916228993327,-0.0043327055240478,0.0,76.0,0.0006807179898742416,76.05175217955185,0.01798519305884838,77.37924044728209
2023-06-09,74.74,76.76,0.02666824708216149,-0.0167179162289933,0.0,74.74,-0.005992423477133642,74.29346551739907,-0.018600182607769966,73.36267134309584
2023-06-16,76.76,73.56,-0.042582271403378905,0.0266682470821614,0.0,76.76,0.0004525902888011515,76.79474869343582,0.003950955346226692,77.06387523582801
2023-06-23,73.56,74.51,0.012831944829515884,-0.0425822714033789,0.0,73.56,-0.00447712853778515,73.23139856907487,-0.005430559162050486,73.16161078521309
2023-06-30,74.51,78.77,0.05559886914959665,0.0128319448295158,0.0,74.51,0.0029290149130695936,74.72856082888133,0.006412096321582794,74.98930031461252
2023-07-07,78.77,79.9,0.014243639056996172,0.0555988691495966,0.0,78.77,-0.0025890432924831177,78.56632483553231,-0.016400838270783424,77.48864236141226
2023-07-14,79.9,81.06,0.014413768427933437,0.0142436390569961,0.0,79.9,-0.005475912883797532,79.4636703025913,-0.02281341701745987,78.0978428225949
2023-07-21,81.06,84.49,0.041443562964590806,0.0144137684279334,0.0,81.06,8.624371679815941e-05,81.06699121715361,0.013782956637442112,82.18498144091274
2023-07-28,84.49,87.38,0.03363323935853649,0.0414435629645908,0.0,84.49,0.005407154945408133,84.94808788130915,0.006808067671954632,85.06717613536678
2023-08-04,87.38,87.93,0.006274619867621133,0.0336332393585364,0.0,87.38,-0.001993510330585875,87.20598057970008,-0.005675221793353558,86.88550363520328
2023-08-11,87.93,85.92,-0.023124412630356264,0.0062746198676211,0.0,87.93,-0.0016255767862263539,87.78717914776846,-0.003898431546986103,87.58787821654082
2023-08-18,85.92,85.42,-0.005836365347234134,-0.0231244126303562,0.0,85.92,-0.010627326169501615,85.0117348985342,-0.01636425592005253,84.52542484455752
2023-08-25,85.42,89.98,0.052007157999705886,-0.0058363653472341,0.0,85.42,-0.005609078897227189,84.94221370378067,-0.006094546988606453,84.90098697735615
2023-09-01,89.98,91.85,0.020569388248108222,0.0520071579997058,0.0,89.98,-0.006500770813679842,89.39695780729966,-0.01853320747613907,88.32774012174525
2023-09-08,91.85,95.55,0.0394928590251474,0.0205693882481082,0.0,91.85,-0.011444857415123827,90.80478243834085,0.0021917452104389668,92.0515325709264
2023-09-15,95.55,93.99,-0.016461277054071962,0.0394928590251474,0.0,95.55,-0.008593275367117539,94.73243037022293,-0.008349665440618992,94.75551094183648
2023-09-22,93.99,95.86,0.019700400099275317,-0.0164612770540719,0.0,93.99,-0.01631933774981729,92.46859338413796,-0.01666475646197796,92.43665851746368
2023-09-29,95.86,87.86,-0.0871441551838517,0.0197004000992753,0.0,95.86,-0.007617559007265573,95.13255498884206,-0.003453838638961315,95.52948612741939
2023-10-06,87.86,94.33,0.0710546341141284,-0.0871441551838517,0.0,87.86,-0.011642642792335086,86.84300912284768,-0.011170752346515656,86.88399917978644
2023-10-13,94.33,93.72,-0.006487659022166963,0.0710546341141284,0.0,94.33,-0.01498555595001123,92.92695149459594,-0.028611065819859505,91.66936150859314
2023-10-20,93.72,90.73,-0.03242355045805734,-0.0064876590221669,0.0,93.72,-0.0072153508678260035,93.04621105169464,-0.06132218986749649,88.14554985325645
2023-10-27,90.73,87.55,-0.03567800444967682,-0.0324235504580573,0.0,90.73,-0.009445029928451296,89.87708667114056,-0.059748440980911255,85.46779362236907
2023-11-03,87.55,83.66,-0.045449092717808545,-0.0356780044496768,0.0,87.55,-0.008621177837396294,86.79846011466371,-0.06869660317897797,81.7375459908833
2023-11-10,83.66,81.22,-0.029599443755900578,-0.0454490927178085,0.0,83.66,-0.014340214614199247,82.46885866883467,-0.037855882197618484,80.55217280058707
2023-11-17,81.22,79.82,-0.017387422637563994,-0.0295994437559005,0.0,81.22,-0.00982513375780511,80.42591004420375,-0.05882543697953224,76.58001066219363
2023-11-24,79.82,78.72,-0.013876846876589792,-0.0173874226375639,0.0,79.82,-0.010038428300269815,79.02274096189221,-0.07710375636816025,73.89686044723422
2023-12-01,78.72,75.94,-0.035953697940341686,-0.0138768468765897,0.0,78.72,-0.008208449134843046,78.07647566579931,-0.03772272914648056,75.80577852619719
2023-12-08,75.94,76.84,0.011781783096699798,-0.0359536979403416,0.0,75.94,-0.002848128483907188,75.72402083713388,-0.03962445259094238,72.98975597653005
2023-12-15,76.84,80.23,0.04317217186520878,0.0117817830966997,0.0,76.84,0.00023917793339366914,76.85838063043497,-0.06911434233188629,71.70862229733602
2023-12-22,80.23,77.69,-0.03217096080323534,0.0431721718652087,0.0,80.23,-0.001971321436433272,80.07199666999885,-0.048968326300382614,76.39591173855078
2023-12-29,77.69,78.31,0.007948759800517036,-0.0321709608032353,0.0,77.69,-0.0014586568300273535,77.57675956042377,-0.036369506269693375,74.915217643189
2024-01-05,78.31,79.89,0.019975379731104196,0.007948759800517,0.0,78.31,-0.004302965407695535,77.97375871503873,-0.044333841651678085,74.91405080420054
2024-01-12,79.89,80.71,0.010211794842330424,0.0199753797311041,0.0,79.89,0.0035401691632988086,80.17332532834638,-0.03820722550153732,76.8952005501515
2024-01-19,80.71,83.34,0.03206614265802647,0.0102117948423304,0.0,80.71,-0.0007802949701000174,80.64704695712871,0.005654806736856699,81.16769231289007
2024-01-26,83.34,79.54,-0.04666858621476275,0.0320661426580264,0.0,83.34,0.012044469780286931,84.34985549023754,-0.002026560716331005,83.17127745089053
2024-02-02,79.54,83.58,0.04954421724022457,-0.0466685862147627,0.0,79.54,0.004053866367255493,79.86309898843332,-0.008808976970613003,78.84241100540937
2024-02-09,83.58,84.88,0.015434237285958267,0.0495442172402245,0.0,83.58,0.003952638234976759,83.91101526451098,0.00023306488583330065,83.59948183333539
2024-02-16,84.88,84.18,-0.008281130963302998,0.0154342372859582,0.0,84.88,0.005844451512267516,85.37752952174318,-0.00909401848912239,84.11159893303012
2024-02-23,84.18,84.82,0.007574000704019899,-0.0082811309633029,0.0,84.18,-0.0010139872425788162,84.09468581497713,-0.013295028358697891,83.06823138648498
2024-03-01,84.82,84.29,-0.006268130037053695,0.0075740007040198,0.0,84.82,-0.0024868999837367057,84.60932321800286,-0.03088311478495598,82.24053024860247
2024-03-08,84.29,85.39,0.012965763910123924,-0.0062681300370536,0.0,84.29,0.0015051609780737467,84.41696554666491,-0.005866456776857376,83.79696395958737
2024-03-15,85.39,84.87,-0.006108323937929177,0.0129657639101239,0.0,85.39,-0.006773425751078474,84.81357157652155,-0.010370883159339428,84.50900652350138
2024-03-22,84.87,86.17,0.015201415270089925,-0.0061083239379291,0.0,84.87,0.009933098322719141,85.71722286261965,-0.0025013976264744997,84.65797167756726
2024-03-29,86.17,92.81,0.07423230335562608,0.0152014152700899,0.0,86.17,-0.003821276373005965,85.84134894810552,-0.015022510662674904,84.88518499232336
2024-04-05,92.81,93.12,0.003334591375826262,0.074232303355626,0.0,92.81,0.0025763313960225267,93.0494175939694,0.0006008100463077426,92.86577793469174
2024-04-12,93.12,87.96,-0.0570068182965674,0.0033345913758262,0.0,93.12,0.00016807681452181097,93.1356526283534,-0.001294946065172553,92.99949266450085
2024-04-19,87.96,89.95,0.022371794709981855,-0.0570068182965674,0.0,87.96,0.023566738036913427,90.05754939717735,-0.009101036936044693,87.16310457892442
2024-04-26,89.95,83.6,-0.07321044030588626,0.0223717947099818,0.0,89.95,0.01759980686882696,91.54711586749185,-0.016902104020118713,88.44243216768463
2024-05-03,83.6,83.39,-0.002515121991761826,-0.0732104403058862,0.0,83.6,0.03252327345629667,86.36364342392754,0.0027286335825920105,83.82842527020917
2024-05-10,83.39,82.24,-0.013886596392039078,-0.0025151219917618,0.0,83.39,0.005061021204018164,83.81310833520904,-0.0012881096918135881,83.28265368455698
2024-05-17,82.24,78.92,-0.04120712055244034,-0.013886596392039,0.0,82.24,0.011371281953134405,83.18051150410842,-0.0010762077290564775,82.15154028541467
2024-05-24,78.92,79.41,0.006189623752704915,-0.0412071205524403,0.0,78.92,0.028802681241501298,81.22615996957272,0.010943029075860977,79.78836646887753
2024-05-31,79.41,78.12,-0.01637819889864126,0.0061896237527049,0.0,79.41,0.03960091905281487,82.61780580645936,0.022087110206484795,81.18345052392709
2024-06-07,78.12,81.49,0.04223420732365022,-0.0163781988986412,0.0,78.12,0.03567754202788515,80.95744514488659,0.013209055177867413,79.15873665226005
2024-06-14,81.49,86.42,0.05873881717165882,0.0422342073236502,0.0,81.49,0.029171832340098635,83.90222608103296,0.008665553294122219,82.19922441082939
2024-06-21,86.42,87.26,0.009673037191676392,0.0587388171716588,0.0,86.42,0.01073894417034847,87.35306063113605,0.0031147007830441,86.68959207304039
2024-06-28,87.26,88.66,0.015916661621443753,0.0096730371916763,0.0,87.26,0.027254069825556747,89.67089424365089,0.006767047569155693,87.85249503090849
2024-07-05,88.66,87.35,-0.01488579273684196,0.0159166616214437,0.0,88.66,0.01144242352119034,89.68031155551483,-0.011335255578160286,87.66069065377778
2024-07-12,87.35,85.19,-0.025038980525316418,-0.0148857927368419,0.0,87.35,0.004105839657258702,87.70938237239011,0.001358671928755939,87.46876065309037
2024-07-19,85.19,81.35,-0.04612322238970236,-0.0250389805253164,0.0,85.19,-0.00481518462990644,84.780780445912,-0.0008615884580649436,85.11663288992365
2024-07-26,81.35,78.35,-0.03757486486301699,-0.0461232223897023,0.0,81.35,-0.007400648920086749,80.75017947855663,-0.0027336885686963797,81.12791812458107
2024-08-02,78.35,81.07,0.034127010197585954,-0.0375748648630169,0.0,78.35,-0.016340916160044502,77.08009319716211,-0.008551597595214844,77.68283904021975
2024-08-09,81.07,81.56,0.00602596670663867,0.0341270101975859,0.0,81.07,-0.010315857111031314,80.23799227868719,-0.015203182585537434,79.8467998161109
2024-08-16,81.56,80.34,-0.015071316775118236,0.0060259667066386,0.0,81.56,-0.009643387207647151,80.77726551107436,0.002319235820323229,81.74937639287684
2024-08-23,80.34,80.2,-0.0017441140586673676,-0.0150713167751182,0.0,80.34,-0.015294961766351117,79.12055224768528,-0.007490918971598148,79.74042804597356
2024-08-30,80.2,72.82,-0.0965328721251816,-0.0017441140586673,0.0,80.2,-0.0010934710026519834,80.1123515548372,-0.004178529139608145,79.86558113906331
2024-09-06,72.82,73.68,0.01174074919976413,-0.0965328721251816,0.0,72.82,-0.017181190424956288,71.57955241054641,-0.009125708602368832,72.15848886928491
2024-09-13,73.68,75.96,0.03047549399703352,0.0117407491997641,0.0,73.68,-0.007829748496041228,73.10535672268385,0.0013561476953327656,73.77998874662185
2024-09-20,75.96,71.63,-0.05869290531772527,0.0304754939970335,0.0,75.96,-0.013087532857469022,74.97234806505625,-0.006616496946662664,75.4590699205784
2024-09-27,71.63,79.32,0.10197632302523525,-0.0586929053177252,0.0,71.63,-0.009270902987344468,70.96899401462761,0.010690446011722088,72.39986441276713
2024-10-04,79.32,80.27,0.011905648491890373,0.1019763230252352,0.0,79.32,-0.004823041160230374,78.93835745382992,-0.00769087765365839,78.71229945521581
2024-10-11,80.27,72.75,-0.09836704609188351,0.0119056484918903,0.0,80.27,-0.007061925798976642,79.7051360771867,-0.002814660081639886,80.04438489910532
2024-10-18,72.75,75.62,0.0386918924111849,-0.0983670460918835,0.0,72.75,-0.015785799198010975,71.610599939259,0.002622612053528428,72.94104543642399
2024-10-25,75.62,73.63,-0.02666824708216141,0.0386918924111849,0.0,75.62,-0.002064859878396224,75.46401639356256,0.006551383528858423,76.11704200106351
2024-11-01,73.63,74.04,0.005552936324671497,-0.0266682470821614,0.0,73.63,-0.006583565134176298,73.14684428785122,0.006897951476275921,74.1396519234752
2024-11-08,74.04,73.45,-0.008000585085410516,0.0055529363246714,0.0,74.04,-0.003240701600004391,73.80044682336893,-0.004298417363315821,73.7224281954644
2024-11-15,73.45,76.1,0.03544336224775383,-0.0080005850854105,0.0,73.45,-0.00709765965032874,72.93052261631375,0.0016946964897215366,73.57458099083763
2024-11-22,76.1,74.16,-0.025823343610040416,0.0354433622477538,0.0,76.1,0.005234188404615776,76.49936600426922,-0.01997634395956993,74.5948836373555
2024-11-29,74.16,73.78,-0.005137229089070089,-0.0258233436100404,0.0,74.16,-0.013219168381813052,73.18611761226833,-0.015665221959352493,73.00731921183868
2024-12-06,73.78,74.89,0.014932678092746073,-0.00513722908907,0.0,73.78,-0.004669040993694968,73.43632110525745,0.001033293199725449,73.85627577310797
2024-12-13,74.89,73.19,-0.02296157064813999,0.014932678092746,0.0,74.89,-0.008944761594142961,74.22311381955068,-0.013543453067541122,73.88256825105428
2024-12-20,73.19,73.77,0.007893345283075101,-0.0229615706481399,0.0,73.19,-0.006918652391119523,72.68537151896835,-0.002339789876714349,73.0189509663576
2024-12-27,73.77,76.72,0.039210285678971876,0.0078933452830751,0.0,73.77,-0.003251181507047745,73.53054979917677,0.003580999094992876,74.03464386515223
2025-01-03,76.72,79.76,0.03885969507840028,0.0392102856789718,0.0,76.72,-0.0015851954368759783,76.59848014788712,0.0030435589142143726,76.95385753897382
2025-01-10,79.76,83.02,0.040059416971309686,0.0388596950784002,0.0,79.76,-0.0026602100969585407,79.54810361208281,-0.006484727840870619,79.24445150987518
2025-01-17,83.02,78.71,-0.05331133047053389,0.0400594169713096,0.0,83.02,0.0038728962014197743,83.34215126918434,-0.002590605989098549,82.80520623392114
2025-01-24,78.71,77.11,-0.020537238309489416,-0.0533113304705338,0.0,78.71,0.0025395709247104936,78.91014365942553,0.020813487470149994,80.36539713293884
2025-01-31,77.11,74.68,-0.032020655171347334,-0.0205372383094894,0.0,77.11,-0.008992725610704518,76.41967951165373,0.03249353915452957,79.65672884885342
2025-02-07,74.68,75.19,0.00680592471641349,-0.0320206551713473,0.0,74.68,-0.001494137602150954,74.56850112194746,2.5044268113560975e-05,74.68187032936314
2025-02-14,75.19,74.88,-0.004131411220598949,0.0068059247164134,0.0,75.19,-0.005390085075977999,74.78580979152078,-0.000557062856387347,75.148126108106
2025-02-21,74.88,74.76,-0.0016038495819744047,-0.0041314112205989,0.0,74.88,-0.00640637943771138,74.40182363275721,-0.009603668935596943,74.16431935073308
2025-02-28,74.76,72.49,-0.03083436127457579,-0.0016038495819744,0.0,74.76,-0.011742603623142188,73.88725711842382,-0.004169529769569635,74.44893490267364
2025-03-07,72.49,71.94,-0.00761618304530851,-0.0308343612745757,0.0,72.49,-0.004728629951010959,72.14803077501175,-0.005416746251285076,72.09840161627764
2025-03-14,71.94,72.64,0.009683296025560126,-0.0076161830453085,0.0,71.94,-0.015741257749777932,70.81644023958829,0.0036193770356476307,72.20084975599426
2025-03-21,72.64,74.69,0.02783048007593736,0.0096832960255601,0.0,72.64,-0.007273748209141364,72.11355187671691,0.0009803678840398788,72.71124884242853
2025-03-28,74.69,68.36,-0.08855835612158515,0.0278304800759373,0.0,74.69,-0.011549845927163429,73.83230466679188,-0.004049436189234257,74.38815916608792
2025-04-04,68.36,66.83,-0.02263577672441143,-0.0885583561215851,0.0,68.36,-0.02583924293529379,66.61625489852302,-0.09711363166570663,62.033479211190034
2025-04-11,66.83,69.33,0.036725631431420304,-0.0226357767244114,0.0,66.83,-0.010183253889418402,66.1529065012033,-0.018007712438702583,65.6373155667802
2025-04-18,69.33,66.99,-0.03433435843422292,0.0367256314314203,0.0,69.33,-0.0336476977099009,67.03601519852907,-0.046945299953222275,66.15049761129166
2025-04-25,66.99,61.57,-0.08436861559705738,-0.0343343584342229,0.0,66.99,-0.010170759075119681,66.31211400075948,0.002627795562148094,67.16626752078092
2025-05-02,61.57,64.26,0.04276261476459379,-0.0843686155970573,0.0,61.57,-0.014734842664982659,60.669426932325926,0.002596854465082288,61.73009611259816
2025-05-09,64.26,65.2,0.01452211524489489,0.0427626147645937,0.0,64.26,-0.007616095738163886,63.772448663389554,-0.01121814176440239,63.54315058713373
2025-05-16,65.2,65.41,0.003215683040514031,0.0145221152448948,0.0,65.2,-0.0012181935373055434,65.12062213998209,0.0031465478241443634,65.40547802181302
2025-05-23,65.41,64.32,-0.016804527102410545,0.003215683040514,0.0,65.41,0.0012581052852197088,65.49234445484171,0.008521182462573051,65.96975203249038
2025-05-30,64.32,68.02,0.05593115470833859,-0.0168045271024105,0.0,64.32,-0.0035528641317163715,64.09188524936042,-0.006877589505165815,63.879151169396316
2025-06-06,68.02,76.0,0.11093156070728181,0.0559311547083385,0.0,68.02,0.006049836946943718,68.43275720710508,-8.612472447566688e-05,68.01414204850201
2025-06-13,76.0,78.73,0.03529093691004477,0.1109315607072818,0.0,76.0,-0.007554817976357963,75.42799724275191,-0.02043086849153042,74.46300849423433
2025-06-20,78.73,69.37,-0.1265697797991659,0.0352909369100447,0.0,78.73,-0.008684504050937722,78.0492293524656,-0.0036374512128531933,78.44414367541093
2025-06-27,69.37,71.03,0.02364782561250864,-0.1265697797991659,0.0,69.37,-0.002583566332866967,69.19100932019694,0.014050398953258991,70.35155565198133
2025-07-04,71.03,72.06,0.014396782310228605,0.0236478256125086,0.0,71.03,-0.010382365196347757,70.29635567193527,0.0008891484467312694,71.09318430011976
2025-07-11,72.06,71.06,-0.013974514727066104,0.0143967823102286,0.0,72.06,-0.011094451363304385,71.26495229876316,-0.014195915311574936,71.0442690159536
2025-07-18,71.06,69.23,-0.02609029590294695,-0.0139745147270661,0.0,71.06,-0.005120464273127675,70.69706978732196,-0.012234503403306007,70.19591280526548
2025-07-25,69.23,70.55,0.018887383608888808,-0.0260902959029469,0.0,69.23,0.0018462267336303668,69.35793233648042,-0.004063508007675409,68.94925413347549
2025-08-01,70.55,67.17,-0.04909495902004982,0.0188873836088888,0.0,70.55,-0.005302416837970144,70.17690452010919,-0.003804942360147834,70.28207136624219
2025-08-08,67.17,67.3,0.0019335173719090062,-0.0490949590200498,0.0,67.17,0.0014937524999194501,67.27041033084052,-0.00013243364810477942,67.16110502086707
2025-08-15,67.3,68.29,0.014603106322315935,0.001933517371909,0.0,67.3,-0.007378070249115715,66.8052831442872,-0.004056311212480068,67.02756317322614
2025-08-22,68.29,67.83,-0.006758768015009859,0.0146031063223159,0.0,68.29,0.0018566339516219773,68.41690730630799,-0.0009493321995250881,68.2252008669128
2025-08-29,67.83,64.92,-0.04384883231159769,-0.0067587680150098,0.0,67.83,-0.0034085500823953364,67.59919163231649,-0.0040127006359398365,67.55836387756983
2025-09-05,64.92,67.87,0.04443836806927653,-0.0438488323115976,0.0,64.92,-0.005165751861458939,64.58550409441229,0.007494749967008829,65.40838705116781
2025-09-12,67.87,67.05,-0.012155500987979599,0.0444383680692765,0.0,67.87,-0.007010327029556829,67.395872939113,-0.0038994860369712114,67.60585722790917
2025-09-19,67.05,71.15,0.05935171480817395,-0.0121555009879795,0.0,67.05,-0.005028452898974727,66.71368850502522,-0.005439354572445154,66.68628136997955
2025-09-26,71.15,66.13,-0.07316782284929056,0.0593517148081739,0.0,71.15,-3.0645486701903323e-06,71.14978195769622,-0.007506511639803648,70.61791126048273
2025-10-03,66.13,64.41,-0.02635360112777159,-0.0731678228492905,0.0,66.13,-0.0035380969512456505,65.8964390728617,0.002706147264689207,66.3091998798861
2025-10-10,64.41,61.23,-0.050631635068936184,-0.0263536011277715,0.0,64.41,-0.011786514261387564,63.655287070935294,-0.00529881427064538,64.06960601153831
2025-10-17,61.23,65.8,0.07198257284140844,-0.0506316350689361,0.0,61.23,-0.009186750066004543,60.67007119444556,-0.001390682766214013,61.144907676152904
2025-10-24,65.8,65.44,-0.005486146036779942,0.0719825728414084,0.0,65.8,-0.009229073171197548,65.1955206679061,-0.02179853618144989,64.38117663760454
2025-10-31,65.44,63.72,-0.026635207252643837,-0.0054861460367799,0.0,65.44,-0.0013537707530021867,65.35146918066135,0.020724060013890266,66.81033287303548
2025-11-07,63.72,63.45,-0.004246290881451097,-0.0266352072526438,0.0,63.72,-0.0010267192575469347,63.65461102271438,-0.0035428893752396107,63.494646525945086
2025-11-14,63.45,62.78,-0.01061564274658919,-0.004246290881451,0.0,63.45,-0.002154541551884259,63.313441501838156,-0.0009988006204366684,63.38665773904394
2025-11-21,62.78,64.07,0.020339684237122565,-0.0106156427465891,0.0,62.78,-0.004969914306641994,62.468762831488114,0.005873174872249365,63.14980281377337
2025-11-28,64.07,64.42,0.005447908252122776,0.0203396842371225,0.0,64.07,0.004356333978237903,64.3497191506384,-0.005849137902259827,63.69633959553747
2025-12-05,64.42,62.11,-0.03651713733184117,0.0054479082521227,0.0,64.42,-0.005737694199954942,64.05143610423036,-0.00921930093318224,63.82882194536386
2025-12-12,62.11,61.35,-0.012311835414291147,-0.0365171373318411,0.0,62.11,0.0003186416303218046,62.129793985085655,0.006727290339767933,62.529240598507116
2025-12-19,61.35,63.7,0.03758939142119723,-0.0123118354142911,0.0,61.35,-0.008627734360509821,60.82296532384615,-0.015700457617640495,60.39429902841563
