date,P_t,P_next_actual,r_actual,r_now,r_hat_M0,P_hat_M0,r_hat_M1_Flat_Ridge,P_hat_M1_Flat_Ridge,r_hat_M1_Flat_XGB,P_hat_M1_Flat_XGB,r_hat_M4_Flat_Ridge,P_hat_M4_Flat_Ridge,r_hat_M4_Flat_XGB,P_hat_M4_Flat_XGB
2021-01-22,55.22,55.25,0.0005431338958538254,0.0076350125480385,0.0,55.22,0.007435683971505029,55.63212879980099,-0.04170706868171692,52.96430191381556,0.0015294006292735079,55.30451811730492,-0.021870970726013184,54.02539618747173
2021-01-29,55.25,59.48,0.07377178119409217,0.0005431338958538,0.0,55.25,0.0006278633956875539,55.28470034501002,-0.02948440983891487,53.64476731372055,0.002977599023123367,55.414757515206084,0.008633293211460114,55.729054382936226
2021-02-05,59.48,62.47,0.04904631991352435,0.0737717811940921,0.0,59.48,0.010299719423776695,60.09579311566538,0.030760986730456352,61.33809540026037,-0.01413387261494239,58.645230416865466,-0.0032304481137543917,59.28816297280617
2021-02-12,62.47,62.84,0.005905371881942048,0.0490463199135243,0.0,62.47,0.009532193735082631,63.068323278902916,0.0324612632393837,64.53112752944827,-0.006440001637054056,62.068985749905245,0.015264943242073059,63.430916513145114
2021-02-19,62.84,65.86,0.046939463560797715,0.005905371881942,0.0,62.84,-0.00683421242494051,62.412002270769804,0.0002993089728988707,62.85881139092559,-0.03671021622687132,60.574959442504486,-0.01938759535551071,61.63341766670879
2021-02-26,65.86,69.95,0.06024942416327206,0.0469394635607977,0.0,65.86,0.0069050567178945855,66.31634075164173,0.0023294484708458185,66.0135963041725,-0.008804373498883408,65.28268912094441,0.020603179931640625,67.23100041666224
2021-03-05,69.95,68.87,-0.015560031554883306,0.060249424163272,0.0,69.95,0.00860800052160157,70.55472865469599,0.003362351329997182,70.18559232566253,0.0028613802623043087,70.15044018037754,0.03432455658912659,72.39268495113639
2021-03-12,68.87,64.0,-0.07333758619693505,-0.0155600315548833,0.0,68.87,0.01837214015150885,70.14698383649238,0.03782544657588005,71.52493399649676,0.007283076212275414,69.37341644366937,0.030357975512742996,70.99281289377906
2021-03-19,64.0,63.77,-0.0036002230324915494,-0.073337586196935,0.0,64.0,0.02085793718349275,65.34892699271538,0.06157652288675308,68.06476009049136,0.0029540092838914057,64.18933610679609,0.036964114755392075,66.40997015285845
2021-03-26,63.77,63.85,0.0012537221513679736,-0.0036002230324915,0.0,63.77,0.02055253357548378,65.09419624791946,0.06993494182825089,68.38939728469258,-0.004133877557513598,63.50692675907755,-0.010815792717039585,63.083993438307324
2021-04-02,63.85,61.89,-0.031177966727278218,0.0012537221513679,0.0,63.85,0.013329452709577328,64.70678309472041,-0.02939814329147339,62.000251357312486,-0.03174602298918051,61.854852981637926,-0.10726896673440933,57.355435441438566
2021-04-09,61.89,65.98,0.0639930500491652,-0.0311779667272782,0.0,61.89,0.0060264974180378045,62.26410606757526,0.02832258865237236,63.667944152749136,-4.1695760731385234e-05,61.8874195031666,-0.0598459430038929,58.29478701156903
2021-04-16,65.98,65.75,-0.0034919947425615105,0.0639930500491652,0.0,65.98,0.0014083300981127353,66.072987082758,0.009498446248471737,66.60969330320866,0.0298494845437724,67.97915746628382,-0.03984853997826576,63.40248941050019
2021-04-23,65.75,67.73,0.0296695421689385,-0.0034919947425615,0.0,65.75,-0.0006677137909508525,65.70611247202939,0.006938532460480928,66.20779488496909,0.01426109888742085,66.69438523181918,-0.0077301012352108955,65.24370521984956
2021-04-30,67.73,68.73,0.01465657190670161,0.0296695421689385,0.0,67.73,0.002889948941844303,67.92601934835903,0.002954506315290928,67.93040461530599,0.07428114180902665,72.95263208837356,0.015018491074442863,68.75487920625811
2021-05-07,68.73,69.24,0.007392945174494417,0.0146565719067016,0.0,68.73,0.002212812999924067,68.88225503131417,0.0028666830621659756,68.92730980407714,0.023709362222367414,70.37901577512866,-0.031048627570271492,66.62881606130226
2021-05-14,69.24,66.72,-0.037073972257517095,0.0073929451744944,0.0,69.24,0.0028668398950292585,69.43878480028259,0.007963016629219055,69.79356035146394,0.030604991917199915,71.39185036074619,0.005317311733961105,69.6091512407962
2021-05-21,66.72,69.36,0.038805574421795073,-0.037073972257517,0.0,66.72,-0.007815255737031453,66.20059840903154,-0.02067381888628006,65.3548033423101,-0.018805926957200996,65.4769931351368,-0.03370256349444389,64.50883521872315
2021-05-28,69.36,71.3,0.027585994947963807,0.038805574421795,0.0,69.36,-0.007934390867091164,68.81184815069048,-0.009347788989543915,68.71465831385787,-0.017639692493356063,68.1472387430908,-0.014479391276836395,68.36294521377316
2021-06-04,71.3,72.05,0.010463995025280937,0.0275859949479638,0.0,71.3,-0.0052160714945165,70.92906236208107,0.00445598317310214,71.61842051158904,-0.016214796069729833,70.15320766819828,-0.02105407603085041,69.81453677867954
2021-06-11,72.05,73.1,0.014468044310201739,0.0104639950252809,0.0,72.05,-0.0063751165249175635,71.5921338800329,-0.013062293641269207,71.11498177906428,-0.012136222309748777,71.18086982873956,-0.005404090043157339,71.6616855006839
2021-06-18,73.1,76.45,0.04480856561933865,0.0144680443102017,0.0,73.1,-0.01651320882699449,71.9027964755865,-0.0013697434915229678,72.99994029447917,-0.002790486742585293,72.89629976270417,0.01162032876163721,73.95440062629483
2021-06-25,76.45,77.51,0.013770027918348707,0.0448085656193386,0.0,76.45,0.003162488203815094,76.69215492740977,0.019091714173555374,77.92358340613671,0.002517039961229267,76.64267008246281,0.008079232648015022,77.07015916768589
2021-07-02,77.51,77.14,-0.004785007513338353,0.0137700279183487,0.0,77.51,-0.017090850344621877,76.19654419928787,-0.0005912446067668498,77.46418617545244,-0.011602806778432877,76.61586372291018,-0.01994325779378414,75.97951029073525
2021-07-09,77.14,74.46,-0.03535988433551098,-0.0047850075133383,0.0,77.14,-0.0201092774333812,75.60426336759684,-0.006305192597210407,76.65514759324698,0.011087244351533632,78.00002889448321,0.013448216952383518,78.18440239031013
2021-07-16,74.46,74.86,0.005357634031712234,-0.0353598843355109,0.0,74.46,-0.03052395646600645,72.22152357852538,-0.01794435642659664,73.13577989231625,-0.013299686540808967,73.4762615471005,-0.01692586950957775,73.21030567262643
2021-07-23,74.86,77.72,0.03749292203295641,0.0053576340317122,0.0,74.86,-0.012985950111166726,73.89415654501032,-0.023810623213648796,73.09859009785127,-0.02351719794747908,73.12004221825052,-0.006985025014728308,74.338923013924
2021-07-30,77.72,71.02,-0.09015109699429757,0.0374929220329564,0.0,77.72,-0.01548298585239294,76.52593007713844,-0.05310630798339844,73.70025922771742,-0.013784571072804789,76.6560132841539,-0.03560234233736992,75.00166266609637
2021-08-06,71.02,70.9,-0.0016910939768598886,-0.0901510969942975,0.0,71.02,-0.019339981039680185,69.65967131267118,-0.03327761963009834,68.69551463113375,-0.0085199520768223,70.41748335467419,-0.01960534229874611,69.64118878696713
2021-08-13,70.9,65.51,-0.07906763079429685,-0.0016910939768598,0.0,70.9,-0.012852419746823952,69.99459423067469,-0.02258034236729145,69.31699340194113,-0.01851841957695267,69.59912629028858,-0.0009341701515950263,70.83379826290968
2021-08-20,65.51,72.26,0.09806792297570921,-0.0790676307942968,0.0,65.51,-0.02322855244499217,64.00583495007697,-0.06425139307975769,61.433261680997475,-0.022202877106257932,64.07151783541994,-0.029724547639489174,63.59140089200109
2021-08-27,72.26,73.07,0.011147160083632196,0.0980679229757092,0.0,72.26,-0.007821947052094682,71.69699089027785,-0.0318557545542717,69.99438126362394,-0.025426644844585577,70.44583247952517,-0.007906842976808548,71.69090436630123
2021-09-03,73.07,72.44,-0.008659252787913718,0.0111471600836321,0.0,73.07,-0.01202370295747193,72.19668876349658,-0.008332157507538795,72.46369865775861,-0.02282082914666911,71.42136516993408,-0.0008205795311369002,73.01006484780248
2021-09-10,72.44,74.64,0.02991792352387589,-0.0086592527879137,0.0,72.44,-0.02220514618093636,70.84918669609212,-0.04146391898393631,69.4977733571762,-0.023962836031605598,70.72476517896024,-0.009030927903950214,71.78874472857143
2021-09-17,74.64,77.42,0.036568588610413746,0.0299179235238758,0.0,74.64,-0.01254836757549706,73.70924180532555,-0.0146569749340415,73.55398170448444,-0.01423630883634968,73.58492987990547,-0.00032244063913822174,74.61593691036221
2021-09-24,77.42,79.4,0.02525322310358813,0.0365685886104137,0.0,77.42,-0.003223492554410852,77.17083900649186,-0.03034675493836403,75.10584536869656,0.002530178382515262,77.61613443329144,-0.006056157406419516,76.95254920013208
2021-10-01,79.4,82.17,0.03429190369000646,0.0252532231035881,0.0,79.4,-0.006347806425068527,78.89758048782022,-0.03595992177724838,76.59550905291809,0.012744415201888574,80.41838212557639,0.006078238133341074,79.88408179964937
2021-10-08,82.17,84.67,0.02997107571108943,0.0342919036900064,0.0,82.17,-0.00323600240883225,81.90452744863673,-0.00935671292245388,81.40474461965998,0.0005788813543723823,82.21758045127812,-0.02138669043779373,80.43131428433747
2021-10-15,84.67,85.43,0.008935979509341498,0.0299710757110894,0.0,84.67,-0.010592023191755841,83.77790627545218,-0.024450430646538734,82.62488588138652,-0.005618156808337181,84.19564441277431,-0.013847487047314644,83.50561378933203
2021-10-22,85.43,83.1,-0.027652625302124888,0.0089359795093414,0.0,85.43,-0.001502000133423615,85.30178044560085,-0.009958086535334587,84.58350241053648,-0.004750567120968028,85.02512151350608,0.011398912407457829,86.40938041812579
2021-10-29,83.1,82.43,-0.008095253536266212,-0.0276526253021248,0.0,83.1,-0.0009472155643249118,83.0213236542167,0.030229125171899796,85.65039418474787,-0.0024771950032445316,82.8943998561935,0.039686717092990875,86.464283309847
2021-11-05,82.43,82.9,0.005685613816113168,-0.0080952535362662,0.0,82.43,-0.008992480456296328,81.6920727070502,0.008689363487064838,83.14938520557979,-0.004572779072721559,82.05392632726362,-0.002629973227158189,82.21349613136647
2021-11-12,82.9,80.24,-0.03261291848756931,0.0056856138161131,0.0,82.9,-0.008515093098091429,82.19709567714969,0.010376330465078354,83.76467611997273,0.020308600586041243,84.60079491507312,0.02996843121945858,85.42198415430967
2021-11-19,80.24,72.37,-0.10323029477564367,-0.0326129184875693,0.0,80.24,-0.010221798270072989,79.42398060477792,0.02170785702764988,82.00088178494138,0.01718348099584185,81.63071697464282,0.010938030667603016,81.12248510695339
2021-11-26,72.37,70.71,-0.023204843261887015,-0.1032302947756436,0.0,72.37,-0.018088556035821435,71.07269971653783,0.023793887346982956,74.11261318406893,0.022259376761287565,73.99897380731683,0.020740093663334846,73.88663377690904
2021-12-03,70.71,74.98,0.058634405691616764,-0.023204843261887,0.0,70.71,-0.021201438652571816,69.22662666169255,-0.009015008807182312,70.07541342676947,0.026143556100687807,72.58298744933941,0.006220198702067137,71.15120100665091
2021-12-10,74.98,72.97,-0.027173013530237298,0.0586344056916167,0.0,74.98,-0.00905213863107875,74.30433337316795,0.007911154069006443,75.57553089441745,0.03194593649081213,77.41397716337488,0.012038834393024445,75.88812723131421
2021-12-17,72.97,75.24,0.030634606655300933,-0.0271730135302372,0.0,72.97,-0.008370604004588595,72.3617463027413,0.006130348891019821,73.41870551401358,0.01841381890889747,74.32610357109611,0.00991298258304596,73.69694749509745
2021-12-24,75.24,77.24,0.026234453127484143,0.0306346066553009,0.0,75.24,-0.007105759524115648,74.70725766446009,-0.0005204855697229505,75.20084885542079,0.027157802076814258,77.31135240936294,0.022828159853816032,76.97734550063046
2021-12-31,77.24,82.28,0.06321060722444273,0.0262344531274841,0.0,77.24,0.00011410133142935588,77.2488136896569,0.007687686942517757,77.83608526213987,0.023505108116159162,79.0770398833432,0.002847184892743826,77.46022993000658
2022-01-07,82.28,87.17,0.057732170238728335,0.0632106072244427,0.0,82.28,-0.0030468066857186125,82.02969026222641,-0.0007670529885217547,82.21691107947025,0.0024604137478580874,82.48269209412926,-0.007839704863727093,81.63747099356902
2022-01-14,87.17,89.75,0.029167792344903538,0.0577321702387283,0.0,87.17,0.012439986264941794,88.26116657958404,0.009084055200219154,87.96546464402962,0.018715858378496996,88.81682416782603,0.017773915082216263,88.7332031450179
2022-01-21,89.75,91.47,0.018983022299884793,0.0291677923449035,0.0,89.75,-0.004877603375114411,89.31330098517019,-0.024180445820093155,87.60583291806736,-0.00316402567166878,89.46647746878138,0.0086728660389781,90.5317749413388
2022-01-28,91.47,96.86,0.05725558730680989,0.0189830222998847,0.0,91.47,-0.0021833528128119045,91.2705065797215,0.00155672209803015,91.61250426129459,-0.014518764077809238,90.15156284864024,0.018839823082089424,93.20961417452936
2022-02-04,96.86,97.5,0.006585741028718476,0.0572555873068098,0.0,96.86,0.0020991739122954494,97.06353954285223,-0.005929355043917894,96.2873819758696,-0.009057674961492256,95.98663490282162,0.017683707177639008,98.58807825963923
2022-02-11,97.5,96.18,-0.013630942154284866,0.0065857410287184,0.0,97.5,-0.004051149837841762,97.10581188747621,-0.006310594268143177,96.88665438199459,-0.03738322076051581,93.9224232765374,-0.010294953361153603,96.5013911827566
2022-02-18,96.18,98.56,0.02444406393569308,-0.0136309421542848,0.0,96.18,-0.001194324256248551,96.06519846181105,-0.00323536922223866,95.86932503331984,-0.049380658342419746,91.54592670030972,-0.005549830850213766,95.64769573441839
2022-02-25,98.56,123.86,0.22848639572470525,0.024444063935693,0.0,98.56,-0.004627102466669652,98.10500624403764,-0.01179271750152111,97.40453618289631,-0.06303940391884626,92.53862231059544,-0.013944096863269806,97.19520732763993
2022-03-04,123.86,118.11,-0.04753550188615907,0.2284863957247052,0.0,123.86,-0.005237260802805068,123.21300858720215,-0.007971971295773983,122.87651699300349,-0.07145453317474991,115.31844198715633,-0.024080701172351837,120.91298979684113
2022-03-11,118.11,114.32,-0.03261486000214397,-0.047535501886159,0.0,118.11,-0.008714187128558324,117.08523882334451,-0.05044129863381386,112.30013849356004,-0.07668210766006166,109.39161984073503,0.0008078093524090946,118.20544890968351
2022-03-18,114.32,122.67,0.07049628942304882,-0.0326148600021439,0.0,114.32,-0.008896282380544943,113.30748747476059,-0.009342174977064133,113.25697576720052,-0.05662404583808787,108.02659942626657,0.02413056045770645,117.11215836014891
2022-03-25,122.67,106.13,-0.14483306527092962,0.0704962894230488,0.0,122.67,0.018936238840185023,125.01504147772968,-0.00837378017604351,121.64707722830667,-0.018339596757683162,120.44078559335173,0.009126616641879082,123.79468654821125
2022-04-01,106.13,101.26,-0.04697329123196794,-0.1448330652709296,0.0,106.13,0.019696227546535675,108.24108256319876,-0.004398791119456291,105.66418156858904,-0.00020768697049704373,106.10796047056192,-0.005414297338575125,105.55693339987587
2022-04-08,101.26,110.83,0.09030602924579843,-0.0469732912319679,0.0,101.26,0.005839165425537017,101.8530035289291,-0.013137135654687881,99.93843344988127,0.015406886572005339,102.83218144566496,-0.00715873297303915,100.53769517751259
2022-04-15,110.83,105.15,-0.052609593638852835,0.0903060292457984,0.0,110.83,0.02072524250026594,113.15094664042692,0.010522917844355106,112.00241276771233,0.014168363548048388,112.41145660269389,-0.0027920647989958525,110.52098705116148
2022-04-22,105.15,108.36,0.0300711150681855,-0.0526095936388528,0.0,105.15,-0.005340897392654518,104.5899016843875,-0.010307146236300468,104.07176985680226,0.03644806627980587,109.05321438127756,0.0320451483130455,108.57411751042375
2022-04-29,108.36,113.86,0.04951060630604147,0.0300711150681855,0.0,108.36,0.0034313107654585155,108.73245547434696,0.005304435268044472,108.93631576917369,0.042184781924693784,113.02892949103877,0.01852215826511383,110.3857639148979
2022-05-06,113.86,112.12,-0.01539989722634826,0.0495106063060414,0.0,113.86,0.0043204896987065824,114.3529951805145,0.006370025221258402,114.58760604577287,0.04535160508367939,119.14261591493756,0.011654521338641644,115.19474660808258
2022-05-13,112.12,113.63,0.01337782963333004,-0.0153998972263482,0.0,112.12,-0.007708722972163279,111.25902076914312,0.007334739901125431,112.94539436379598,0.02879836866914074,115.39581577476415,-0.008708164095878601,111.14787947724241
2022-05-20,113.63,121.19,0.06441200605047838,0.01337782963333,0.0,113.63,-0.0034333018043402495,113.24054286048514,-0.007566314190626144,112.77348413880371,0.02528200114150249,116.53941676030504,-0.057272009551525116,107.3050321383832
2022-05-27,121.19,125.68,0.03637943196696975,0.0644120060504783,0.0,121.19,0.0027468642264500695,121.52335009973423,0.001818317687138915,121.41056238597805,0.01589250407406311,123.13139854922551,-0.05253778025507927,114.98731083675379
2022-06-03,125.68,127.44,0.013906671654427218,0.0363794319669697,0.0,125.68,-0.005513534179857058,124.9889657951943,-0.03088289499282837,121.85795936587843,0.013996413220696512,127.45143717839282,-0.07420346885919571,116.69171293660659
2022-06-10,127.44,119.22,-0.06667513981001255,0.0139066716544272,0.0,127.44,-0.006257290587591763,126.64506056477254,-0.013192053884267807,125.76984526003983,-0.005758191300668687,126.70828480046579,-0.0579974427819252,120.25905682958617
2022-06-17,119.22,117.36,-0.015724391957054218,-0.0666751398100125,0.0,119.22,-0.016008174387548646,117.32670001915541,-0.019711920991539955,116.89295538833649,0.02675261074626222,122.45249226733922,0.0045409975573420525,119.76260878896672
2022-06-24,117.36,119.21,0.015640509895183893,-0.0157243919570542,0.0,117.36,-0.009821658426818189,116.21297224508811,-0.030169891193509102,113.87214029999005,0.0020122850027366134,117.59639953977458,-0.01199076883494854,115.96116667320453
2022-07-01,119.21,113.95,-0.045126888038216885,0.0156405098951838,0.0,119.21,-0.022126446126455708,116.60127370886826,-0.05275481194257736,113.08410476111537,0.010701500441865774,120.49257637323105,-0.007831272669136524,118.28007996635512
2022-07-08,113.95,112.26,-0.01494214617763996,-0.0451268880382168,0.0,113.95,-0.010939844467973078,112.71019870449376,-0.03771762177348137,109.7321212018606,0.02618658675706228,116.9733747251363,0.017558926716446877,115.96850926620347
2022-07-15,112.26,106.77,-0.05014062132384229,-0.0149421461776399,0.0,112.26,-0.01755380850369881,110.30660438273993,-0.022504962980747223,109.76180914022662,-0.012693032055031353,110.84408535662432,-0.011106396093964577,111.02009416254926
2022-07-22,106.77,111.51,0.04343728478705956,-0.0501406213238422,0.0,106.77,-0.01455750059701633,105.22695435539856,-0.03230099380016327,103.37632745167305,-0.02636009301951563,103.99230387182509,-0.015690093860030174,105.10784248119404
2022-07-29,111.51,100.31,-0.10584888208187673,0.0434372847870595,0.0,111.51,-0.010522462086452957,110.342791973477,-0.023180782794952393,108.95484062438528,-0.017111911099582985,109.61808410685299,-0.006318376865237951,110.80765896000999
2022-08-05,100.31,103.7,0.033236724340087835,-0.1058488820818767,0.0,100.31,-0.017000103839965953,98.61913276511987,-0.003604147583246231,99.94911868134113,-0.023942284388384243,97.93687186916033,0.010292474180459976,101.34776953176852
2022-08-12,103.7,96.45,-0.07247737588374359,0.0332367243400878,0.0,103.7,-0.010678850809777273,102.59849504233263,-0.03661710023880005,99.97148696659725,-0.028174057914974522,100.8191237435163,-0.030025390908122063,100.6326466422562
2022-08-19,96.45,101.13,0.047382078562340904,-0.0724773758837435,0.0,96.45,-0.019825323740049125,94.55667740473596,-0.03417819365859032,93.20921085206847,-0.02107526442250982,94.4385610014766,-0.03870720416307449,92.78801986615787
2022-08-26,101.13,93.09,-0.08284005078568042,0.0473820785623409,0.0,101.13,-0.000178440576346322,101.11195591446048,0.007063879165798426,101.84689916356295,0.003263826526667939,101.4606100100153,-0.009809005074203014,100.14286463961172
2022-09-02,93.09,91.68,-0.015262514161969071,-0.0828400507856804,0.0,93.09,-0.013265811655569844,91.86324056335381,0.013651635497808456,94.3695448161759,0.01666558460887506,94.65439887407182,0.014854329638183117,94.4831107936348
2022-09-09,91.68,89.43,-0.02484805660833964,-0.015262514161969,0.0,91.68,-0.004441242899098814,91.27372969136665,0.01373477466404438,92.94789131030731,0.020933412420067188,93.61940359705395,0.00947142206132412,92.5524651953946
2022-09-16,89.43,84.29,-0.05919296234869898,-0.0248480566083396,0.0,89.43,-0.018252919961084982,87.81244879381872,-0.00045010275789536536,89.38975636792574,0.0035174434356645494,89.74511884791482,-0.003080914495512843,89.15489781742389
2022-09-23,84.29,88.9,0.05324890851046811,-0.0591929623486989,0.0,84.29,-0.0013689239070373217,84.17469234558499,0.014211020432412624,85.49639868751899,-0.006799532189920354,83.71881153954831,0.019912036135792732,85.98520702710938
2022-09-30,88.9,98.88,0.10639485118952167,0.0532489085104681,0.0,88.9,-0.0007291369469858088,88.83520335109905,0.024021822959184647,91.06139646793123,0.0058581869128742515,89.42232125054538,0.026998767629265785,91.33288510963017
2022-10-07,98.88,92.22,-0.06972996693082115,0.1063948511895216,0.0,98.88,-0.0014690426044966574,98.7348477108201,-0.0021252320148050785,98.6700802015247,-0.016127706329265384,97.29808303259149,0.0011364551028236747,98.992436558016
2022-10-14,92.22,91.82,-0.004346887957483551,-0.0697299669308211,0.0,92.22,-0.008036280949573966,91.48186407716636,0.02370615117251873,94.43230021779918,-0.03120897619835412,89.3863557763222,0.023997033014893532,94.45977285471812
2022-10-21,91.82,94.64,0.030250080849055453,-0.0043468879574835,0.0,91.82,-0.009708399432403564,90.93288795091179,0.017896944656968117,93.4780905790157,-0.015584263090187296,90.40014539339823,-0.004855317063629627,91.37526532483086
2022-10-28,94.64,99.53,0.05037888658784077,0.0302500808490554,0.0,94.64,-0.004576922510818699,94.20782981273815,-0.018348651006817818,92.91931804042443,-0.02384159408642975,92.41031675279844,0.002900514518842101,94.91490318166842
2022-11-04,99.53,96.37,-0.032264156394776054,0.0503788865878407,0.0,99.53,-0.005485192467479345,98.98555335610523,0.001188560388982296,99.64836774518743,-0.051685171006834646,94.51645395329238,-0.005905888509005308,98.9439192838988
2022-11-11,96.37,88.93,-0.08034540645164731,-0.032264156394776,0.0,96.37,0.0016636561621943434,96.53045998246053,-0.008487757295370102,95.55549637386089,-0.032440560189471626,93.29386869531707,0.04611462727189064,100.91812829067322
2022-11-18,88.93,83.4,-0.0642012340468476,-0.0803454064516473,0.0,88.93,-0.02644572196961529,86.60900737705084,-0.01272188127040863,87.80580917187571,-0.04470671975324815,85.04179348058852,0.0029430172871798277,89.19210803240003
2022-11-25,83.4,86.54,0.036958425432037686,-0.0642012340468476,0.0,83.4,-0.005180026786679342,82.9691027591261,-0.010267242789268494,82.54809280410916,-0.02151349917632932,81.62493654407844,-0.010953775607049465,82.4914402784881
2022-12-02,86.54,76.37,-0.125016785896446,0.0369584254320376,0.0,86.54,-0.020906807917456298,84.7495068088718,-0.061189621686935425,81.4034058554967,-0.026474380893908637,84.2789688377136,-0.016568133607506752,85.11800613807543
2022-12-09,76.37,80.2,0.048933565972175935,-0.125016785896446,0.0,76.37,-0.020248968680039288,74.83913775943408,-0.021487435325980186,74.74650935394283,-0.028660280034674197,74.21228250343137,-0.03398305922746658,73.81831633787978
2022-12-16,80.2,82.45,0.027668534133139046,0.0489335659721759,0.0,80.2,-0.01798820555421759,78.77024384102717,-0.007347567938268185,79.6128846277622,-0.0315964319679823,77.70558104417807,-0.009577501565217972,79.43555097381551
2022-12-23,82.45,82.82,0.004477529111813271,0.027668534133139,0.0,82.45,-0.011721612604510436,81.4891951328651,-0.024595273658633232,80.44685462003504,-0.03225444037272564,79.83305235642122,-0.03556681051850319,79.5690532099738
2022-12-30,82.82,76.41,-0.08055600045794582,0.0044775291118132,0.0,82.82,-0.004786248800443851,82.42454999033407,0.0009410099592059851,82.89797112487032,-0.02487521561230575,80.78524702283781,0.019094193354249,84.41657524439367
2023-01-06,76.41,83.43,0.08789437925450803,-0.0805560004579458,0.0,76.41,-0.014495339189084395,75.31039992405738,-0.029894959181547165,74.15953258733255,-0.025966543964519296,74.45143500518914,0.0028001684695482254,76.62426071580802
2023-01-13,83.43,86.96,0.04144028589897068,0.087894379254508,0.0,83.43,-0.0022492665649951555,83.24255457687094,-0.018656332045793533,81.88793161460731,-0.01585437599504014,82.117699749862,0.014360152184963226,84.63671103720867
2023-01-20,86.96,85.36,-0.018570635819456064,0.0414402858989706,0.0,86.96,-0.0005397758541363516,86.91307375768992,0.012105366215109825,88.01907998853147,0.010814098135648032,87.90549710891418,-0.01127090398222208,85.98538490364851
2023-01-27,85.36,78.85,-0.07933029358445057,-0.018570635819456,0.0,85.36,0.01260457742973647,86.44273610999895,0.019162526354193687,87.01148603644648,0.03092440509449608,88.04094691312592,-0.02249060571193695,83.46162966573164
2023-02-03,78.85,85.46,0.0805011168068314,-0.0793302935844505,0.0,78.85,0.008713393790653057,79.54005308661691,0.05453725531697273,83.26968594597962,0.004840873984515958,79.23262829414557,-0.018085917457938194,77.4367439474412
2023-02-10,85.46,81.97,-0.04169510355093954,0.0805011168068314,0.0,85.46,0.010479084302272759,86.36025121051199,0.024718230590224266,87.59874407586834,-0.0022942483233276403,85.26415827896078,-0.019861098378896713,83.7794149091729
2023-02-17,81.97,82.31,0.004139280319613421,-0.0416951035509395,0.0,81.97,0.011130001259770698,82.88742218771526,0.01606016606092453,83.29707984915582,-0.007233064066256573,81.37924479914993,-0.03824204206466675,78.89448167043943
2023-02-24,82.31,85.74,0.04082685418527841,0.0041392803196134,0.0,82.31,0.005596922050473592,82.77197426498435,0.021222099661827087,84.07545812760858,0.012146690445834886,83.31589084538464,-0.03717491775751114,79.30630940547545
2023-03-03,85.74,82.3,-0.04094835348680689,0.0408268541852784,0.0,85.74,0.01242790075411506,86.812217114063,-0.002298524370416999,85.54315083844436,0.019849595932540393,87.45890772916566,-0.038187962025403976,82.52749405914848
2023-03-10,82.3,71.03,-0.14726878467330543,-0.0409483534868068,0.0,82.3,-0.0067987593779121345,81.74235988167742,-0.0004868978576269001,82.2599380601451,-0.024409333070566416,80.31543142143182,-0.06456628441810608,77.15410791912196
2023-03-17,71.03,73.63,0.03595022837090671,-0.1472687846733054,0.0,71.03,-0.008842950148537112,70.40465427652653,-0.001317253801971674,70.93649705951808,0.003090022351554829,71.2498237428596,-0.026073262095451355,69.20195134922474
2023-03-24,73.63,79.19,0.07279747684169571,0.0359502283709067,0.0,73.63,-0.01762088376287724,72.343938375929,-0.03404797986149788,71.16524530593148,-0.01684573896905202,72.40003714265048,-0.032301682978868484,71.28962952623918
2023-03-31,79.19,86.56,0.0889877868758503,0.0727974768416957,0.0,79.19,-0.0016500127290827232,79.0594432317692,0.006110840011388063,79.67539900784648,-0.008637367435888285,78.5089523362831,-0.006616470403969288,78.66777126934208
2023-04-07,86.56,87.31,0.008627188724544795,0.0889877868758503,0.0,86.56,-0.008863540977165029,85.7961620482453,-0.03605436906218529,83.49472415064241,0.0007983337641014304,86.62913136189914,-0.0445675253868103,82.78693753537877
2023-04-14,87.31,83.36,-0.04629642581765948,0.0086271887245447,0.0,87.31,-0.006203902592349192,86.77001400684567,-0.00394850317388773,86.96593590399132,-0.012423688467718741,86.23199800594283,-0.020981354638934135,85.49720190789778
2023-04-21,83.36,81.32,-0.024776589244910975,-0.0462964258176594,0.0,83.36,-0.00892454266729568,82.61935997583758,-0.006319320295006037,82.8348824008534,-0.006338759051246765,82.8332722094163,-0.03383024036884308,80.5870798984152
2023-04-28,81.32,75.85,-0.06963428296560463,-0.0247765892449109,0.0,81.32,-0.008245824127615823,80.6522066191313,-0.008442225866019726,80.63636794096807,0.024795354403640744,83.36156427830863,-0.005400130525231361,80.88204495716761
2023-05-05,75.85,74.54,-0.017421811743428724,-0.0696342829656046,0.0,75.85,-0.008891387754010665,75.17857760067622,-0.011431103572249413,74.98788762961736,0.02851886319275093,78.04429647252132,0.002112729474902153,76.01041993296047
2023-05-12,74.54,75.42,0.01173659777909868,-0.0174218117434287,0.0,74.54,-0.012046402062770656,73.64744800393484,-0.005958714988082647,74.09715807948804,0.03509268825221175,77.20224850378823,-0.008811723440885544,73.88605953731032
2023-05-19,75.42,76.33,0.011993553980167887,0.0117365977790986,0.0,75.42,-0.002665088558238965,75.2192666258593,0.0066210138611495495,75.9210136442719,0.023918934060434875,77.24571352514222,0.0009422278963029385,75.49109631714595
2023-05-26,76.33,76.0,-0.0043327055240478885,0.0119935539801678,0.0,76.33,-0.005166412649200029,75.93666466371754,-0.005803569220006466,75.88829652953551,0.016737038900897793,77.61828917862186,-0.019998660311102867,74.81866496717224
2023-06-02,76.0,74.74,-0.016717916228993327,-0.0043327055240478,0.0,76.0,0.0007851088774180402,76.05969170386092,0.011912014335393906,76.91072661471533,0.01567257026233807,77.20049821319247,-0.01766352355480194,74.66935871319201
2023-06-09,74.74,76.76,0.02666824708216149,-0.0167179162289933,0.0,74.74,-0.005951594834094406,74.29649888070647,-0.005809292662888765,74.30707218609449,-0.0084406091766009,74.11180377912459,-0.019814301282167435,73.27365440331383
2023-06-16,76.76,73.56,-0.042582271403378905,0.0266682470821614,0.0,76.76,0.0005026349333966221,76.79859195550752,0.006328902207314968,77.24734709275602,-0.005608610421406762,76.33068811100739,-0.0009989759419113398,76.68335689538155
2023-06-23,73.56,74.51,0.012831944829515884,-0.0425822714033789,0.0,73.56,-0.004330107141214375,73.2421659430631,0.004759784787893295,73.91096436381007,-0.014154294722569231,72.5261440913402,-0.036658208817243576,70.91224955636854
2023-06-30,74.51,78.77,0.05559886914959665,0.0128319448295158,0.0,74.51,0.0032672057037621037,74.7538376139024,0.004004077520221472,74.80894190992024,-0.003745480071333735,74.23144626426159,-0.013738703913986683,73.49332903356671
2023-07-07,78.77,79.9,0.014243639056996172,0.0555988691495966,0.0,78.77,-0.002325074455911647,78.58706663436665,-0.00687625166028738,78.2302156301801,-0.018234533148919374,77.34668203054396,-0.04191327840089798,75.53672299706996
2023-07-14,79.9,81.06,0.014413768427933437,0.0142436390569961,0.0,79.9,-0.005290120059016979,79.47843545395136,-0.02439141646027565,77.97470165403605,-0.0013579727969168548,79.79157161158993,-0.0010671716881915927,79.81477846320705
2023-07-21,81.06,84.49,0.041443562964590806,0.0144137684279334,0.0,81.06,0.0004581357624888309,81.0971449929825,0.021075189113616943,82.78648391407623,0.005265532630045618,81.4879497779799,0.018626222386956215,82.58399062042609
2023-07-28,84.49,87.38,0.03363323935853649,0.0414435629645908,0.0,84.49,0.006130320534011359,85.0095416332237,0.008906140923500061,85.24584066229457,0.024516509659621676,86.58700043275162,0.003105232724919915,84.75276888104769
2023-08-04,87.38,87.93,0.006274619867621133,0.0336332393585364,0.0,87.38,-0.001225165552950456,87.27301058723758,0.0032509383745491505,87.6645292380879,-0.004306630421592902,87.00449579305665,-0.017584802582859993,85.85687115925587
2023-08-11,87.93,85.92,-0.023124412630356264,0.0062746198676211,0.0,87.93,-0.0008914501688055197,87.85164971453318,-0.002521221525967121,87.70858822257611,-0.003500074828871719,87.62277638675255,-0.0008711650734767318,87.85343181169738
2023-08-18,85.92,85.42,-0.005836365347234134,-0.0231244126303562,0.0,85.92,-0.00984650798527589,85.07813952861311,-0.021959617733955383,84.0537952097867,-0.0075057679552858955,85.27751859172768,-0.016343891620635986,84.52714616314404
2023-08-25,85.42,89.98,0.052007157999705886,-0.0058363653472341,0.0,85.42,-0.004751222853562878,85.01511315931728,-0.013386595994234085,84.28413660462796,-0.010964878473419707,84.48849632585285,-0.009888195432722569,84.57951264605256
2023-09-01,89.98,91.85,0.020569388248108222,0.0520071579997058,0.0,89.98,-0.005609163615555258,89.4767003225887,-0.03308957815170288,87.05132134608063,-0.011683378470345729,88.93484695324554,-0.02560497634112835,87.70531019350116
2023-09-08,91.85,95.55,0.0394928590251474,0.0205693882481082,0.0,91.85,-0.010548711210146753,90.88619327207331,0.011186725459992886,92.88326940860175,-0.006617217501500253,91.24421508823303,-0.017053956165909767,90.29687522909389
2023-09-15,95.55,93.99,-0.016461277054071962,0.0394928590251474,0.0,95.55,-0.007664664925956549,94.82044075153638,-0.009540533646941185,94.64273677939202,-0.003820924984949173,95.18560721975557,-0.009566929191350937,94.64023866579998
2023-09-22,93.99,95.86,0.019700400099275317,-0.0164612770540719,0.0,93.99,-0.015371588531435186,92.55627196333216,-0.01745586469769478,92.36356003384698,-0.004321981360081693,93.58465355283342,-0.0006860005087219179,93.92554492282079
2023-09-29,95.86,87.86,-0.0871441551838517,0.0197004000992753,0.0,95.86,-0.00678340610108772,95.2119431924052,-0.005180657841265202,95.36466632434518,-0.006690860031664806,95.2207550912568,-0.02663341723382473,93.34061940405417
2023-10-06,87.86,94.33,0.0710546341141284,-0.0871441551838517,0.0,87.86,-0.010844913580795475,86.91231396761725,-0.0018948279321193695,87.6936780433917,-0.01812195216696697,86.28214536676786,-0.008716372773051262,87.09750740056138
2023-10-13,94.33,93.72,-0.006487659022166963,0.0710546341141284,0.0,94.33,-0.01430103807735016,92.99058342985974,-0.039739545434713364,90.65487619701818,-0.010691581589363702,93.32683537285853,-0.022946862503886223,92.19006871359989
2023-10-20,93.72,90.73,-0.03242355045805734,-0.0064876590221669,0.0,93.72,-0.006725969435755542,93.09175728353893,-0.060857534408569336,88.18651668116894,-0.0070922342019744955,93.05766729618227,-0.02103666216135025,91.76903684653915
2023-10-27,90.73,87.55,-0.03567800444967682,-0.0324235504580573,0.0,90.73,-0.009400484489766693,89.88109037456672,-0.05908225104212761,85.5247503764721,-0.008642243176812347,89.94926777473638,0.0032727173529565334,91.0274200658749
2023-11-03,87.55,83.66,-0.045449092717808545,-0.0356780044496768,0.0,87.55,-0.008979712305872347,86.7673454530746,-0.05376911908388138,82.96683417176872,-0.014184963831227113,86.31687302406846,-0.02402202971279621,85.4719309464738
2023-11-10,83.66,81.22,-0.029599443755900578,-0.0454490927178085,0.0,83.66,-0.01463124800746767,82.44486096929266,-0.029665956273674965,81.21459803295757,-0.015942444379228555,82.33683040683765,-0.015606533735990524,82.36449287029963
2023-11-17,81.22,79.82,-0.017387422637563994,-0.0295994437559005,0.0,81.22,-0.01011693518281226,80.4024450727679,-0.043981242924928665,77.72525831079305,0.001940890078106404,81.37779217123926,0.00034355628304183483,81.24790843509325
2023-11-24,79.82,78.72,-0.013876846876589792,-0.0173874226375639,0.0,79.82,-0.010630211760649778,78.9759904452527,-0.04096980765461922,76.61587433045243,-0.007480366978750213,79.22514474934522,-0.015228374861180782,78.61367958074796
2023-12-01,78.72,75.94,-0.035953697940341686,-0.0138768468765897,0.0,78.72,-0.009318767434168242,77.98983403491592,-0.017148764804005623,77.3815583457923,-0.004963227981750021,78.3302626709387,0.007897492498159409,79.34415198321095
2023-12-08,75.94,76.84,0.011781783096699798,-0.0359536979403416,0.0,75.94,-0.003909950023950293,75.64365811369622,-0.03242724761366844,73.51697318086953,0.005761083467905868,76.37875932957523,0.0020731918048113585,76.09760149827547
2023-12-15,76.84,80.23,0.04317217186520878,0.0117817830966997,0.0,76.84,-0.0007358944752282423,76.78347466941361,-0.055701181292533875,72.67694118701208,0.014899942983963561,77.99348369939734,-0.03694409877061844,74.0530137790272
2023-12-22,80.23,77.69,-0.03217096080323534,0.0431721718652087,0.0,80.23,-0.0030834203358940738,79.98299818735434,-0.02889661304652691,77.94480100311422,0.01638234449993519,81.55518064448478,-0.033959005028009415,77.55121096162345
2023-12-29,77.69,78.31,0.007948759800517036,-0.0321709608032353,0.0,77.69,-0.0026162132885684712,77.48701203529691,-0.022382767871022224,75.97039926717135,0.0063623819426681365,78.18586923513253,-0.020973699167370796,76.07752223326794
2024-01-05,78.31,79.89,0.019975379731104196,0.007948759800517,0.0,78.31,-0.005511315448884655,77.87959602268765,-0.046004608273506165,74.78899141023308,-0.000966566867218065,78.23434471746296,-0.06456800550222397,73.4134604188521
2024-01-12,79.89,80.71,0.010211794842330424,0.0199753797311041,0.0,79.89,0.0023292802310958794,80.07630308948092,-0.029740409925580025,77.54902201891525,0.006826737436048973,80.43725390776974,-0.04194078966975212,76.6086426586804
2024-01-19,80.71,83.34,0.03206614265802647,0.0102117948423304,0.0,80.71,-0.0017524175048729013,80.56868623969947,0.006637015845626593,81.24745512508545,-0.01430425452447408,79.56372149219477,0.0005094452644698322,80.75112780258799
2024-01-26,83.34,79.54,-0.04666858621476275,0.0320661426580264,0.0,83.34,0.010752332745469478,84.24093430378129,-0.0029071946628391743,83.09806624146235,0.016261459279130898,84.70630899718243,-0.005178052466362715,82.90957644704075
2024-02-02,79.54,83.58,0.04954421724022457,-0.0466685862147627,0.0,79.54,0.0023000621542905064,79.72315749982279,-0.007561948616057634,78.94079105608192,-0.005459008158667641,79.10697351399595,-0.011668147519230843,78.61730906165268
2024-02-09,83.58,84.88,0.015434237285958267,0.0495442172402245,0.0,83.58,0.0022991787364576586,83.77238643944871,-0.00015694342437200248,83.56688369787659,-0.015978774314174892,82.255107312757,-0.03357696533203125,80.82022888558762
2024-02-16,84.88,84.18,-0.008281130963302998,0.0154342372859582,0.0,84.88,0.004297899762871124,85.24559080542629,-0.009013669565320015,84.11835748100108,0.0021167586246519125,85.05986076581607,-0.019048629328608513,83.27845439337413
2024-02-23,84.18,84.82,0.007574000704019899,-0.0082811309633029,0.0,84.18,-0.00220173228735694,83.99486206292707,-0.0134889530017972,83.05212397122332,-0.0022701260148791985,83.98911753766485,-0.023101313039660454,82.25762169217157
2024-03-01,84.82,84.29,-0.006268130037053695,0.0075740007040198,0.0,84.82,-0.003087645687512709,84.55850979508119,-0.03388310968875885,81.99417878829628,0.006264647820421053,85.35303532413633,-0.005651033017784357,84.34203116024001
2024-03-08,84.29,85.39,0.012965763910123924,-0.0062681300370536,0.0,84.29,0.0007723728247338696,84.35512845388303,-0.005421010311692953,83.83429933581301,-0.00955720054071871,83.48826085986194,-0.018652796745300293,82.73232839101422
2024-03-15,85.39,84.87,-0.006108323937929177,0.0129657639101239,0.0,85.39,-0.007501841076299796,84.75181456630543,-0.011401409283280373,84.4219626427704,-0.011279222481753287,84.43227852258372,-0.015051769092679024,84.11435388620673
2024-03-22,84.87,86.17,0.015201415270089925,-0.0061083239379291,0.0,84.87,0.009162151375776036,85.65116489821811,-0.0014914491912350059,84.74351505352176,0.017201423860799106,86.34251319669423,-0.001570404856465757,84.73682433705518
2024-03-29,86.17,92.81,0.07423230335562608,0.0152014152700899,0.0,86.17,-0.004785724707988282,85.7585993123283,-0.012719531543552876,85.08089907710784,-0.004080834419000999,85.81907102663892,-0.020603658631443977,84.41274781176674
2024-04-05,92.81,93.12,0.003334591375826262,0.074232303355626,0.0,92.81,0.0016659812492542704,92.96474858807437,0.0018393724458292127,92.98086925462177,-0.00010207197763302902,92.80052718321868,-0.02299427054822445,90.70025078022204
2024-04-12,93.12,87.96,-0.0570068182965674,0.0033345913758262,0.0,93.12,-0.0008249778166906935,93.04320974519335,-0.0007788889342918992,93.04749810156733,0.0006687447849871755,93.18229434156444,0.004112845752388239,93.5037768630015
2024-04-19,87.96,89.95,0.022371794709981855,-0.0570068182965674,0.0,87.96,0.02094416290958921,89.82167614096075,-0.008908080868422985,87.17992485156032,0.006390119981179948,88.52387464811959,-0.013853282667696476,86.74986676874923
2024-04-26,89.95,83.6,-0.07321044030588626,0.0223717947099818,0.0,89.95,0.013967318534249934,91.21517528717736,-0.01749354973435402,88.39013873610989,0.0038715247282185812,90.29891863704927,-0.01733914017677307,88.40378807209349
2024-05-03,83.6,83.39,-0.002515121991761826,-0.0732104403058862,0.0,83.6,0.02880678023565918,86.04326923164899,0.0018215409945696592,83.75241960428063,0.02044780709991558,85.32703352357413,0.01464875042438507,84.83364918475795
2024-05-10,83.39,82.24,-0.013886596392039078,-0.0025151219917618,0.0,83.39,0.002216357281853461,83.5750270009628,-0.0012216671602800488,83.28818737873489,0.02062543944509557,85.12781539200748,-0.007458705920726061,82.7703323454643
2024-05-17,82.24,78.92,-0.04120712055244034,-0.013886596392039,0.0,82.24,0.008870594202036057,82.97276288333758,-0.0011608995264396071,82.14458301842599,0.02262124202621443,84.12157246132462,-0.0012329135788604617,82.13866766711517
2024-05-24,78.92,79.41,0.006189623752704915,-0.0412071205524403,0.0,78.92,0.026920193638695886,81.07339656312897,0.00994171667844057,79.70851337398118,0.02633479012054186,81.02594980065805,0.011895385570824146,79.86438963273763
2024-05-31,79.41,78.12,-0.01637819889864126,0.0061896237527049,0.0,79.41,0.03931561471065418,82.59423794988875,0.0219531562179327,81.17257640525702,0.01845800212779935,80.88936097193327,0.008159982040524483,80.06063514917975
2024-06-07,78.12,81.49,0.04223420732365022,-0.0163781988986412,0.0,78.12,0.034801653573023714,80.88656649877443,0.010824955068528652,78.97023908736875,0.01798063996810714,79.53735185499627,-0.004803560208529234,77.7456457130147
2024-06-14,81.49,86.42,0.05873881717165882,0.0422342073236502,0.0,81.49,0.027506504276830664,83.76261762857132,0.008025000803172588,82.14658835275769,0.033886737025960324,84.2987511342793,0.013747316785156727,82.61800459813927
2024-06-21,86.42,87.26,0.009673037191676392,0.0587388171716588,0.0,86.42,0.007982564326848728,87.11261394897383,0.0027092969976365566,86.65445490710981,0.015455287997379658,87.7660207649182,0.00012677439372055233,86.43095653759487
2024-06-28,87.26,88.66,0.015916661621443753,0.0096730371916763,0.0,87.26,0.024364767874978054,89.41218188304559,0.0064829932525753975,87.8275436944078,0.041878277305596075,90.99189576295626,0.0010181424440816045,87.34888835249423
2024-07-05,88.66,87.35,-0.01488579273684196,0.0159166616214437,0.0,88.66,0.009365096542005971,89.49420958906043,-0.01225954294204712,87.57970441813963,0.021169503766733638,90.55689553223426,-0.006818120367825031,88.0575615309695
2024-07-12,87.35,85.19,-0.025038980525316418,-0.0148857927368419,0.0,87.35,0.0025702025255960707,87.5747959524241,0.0016473743598908186,87.49401674251106,0.025000398232019296,89.56131144398367,-0.005859737284481525,86.83964867086289
2024-07-19,85.19,81.35,-0.04612322238970236,-0.0250389805253164,0.0,85.19,-0.005356029536828578,84.73493959011705,-0.0008142624865286052,85.12066121259045,-0.0015102477587150313,85.06143909727831,-0.0019456612644717097,85.02441025988922
2024-07-26,81.35,78.35,-0.03757486486301699,-0.0461232223897023,0.0,81.35,-0.0076334702892821675,80.73138129960145,-0.0026899129152297974,81.13146962994553,-0.00010141188618984377,81.34175056136108,-0.002790577942505479,81.12330293939927
2024-08-02,78.35,81.07,0.034127010197585954,-0.0375748648630169,0.0,78.35,-0.016582287391543868,77.06149052530826,-0.007449002005159855,77.76853903350353,0.012982054112456324,79.37377491202113,0.007352533284574747,78.92819397331405
2024-08-09,81.07,81.56,0.00602596670663867,0.0341270101975859,0.0,81.07,-0.01059449786170833,80.2156378188622,-0.015160837210714817,79.85018103036639,0.005902686363535691,81.54994587496725,-0.0069328732788562775,80.5098957725356
2024-08-16,81.56,80.34,-0.015071316775118236,0.0060259667066386,0.0,81.56,-0.009871082161605304,80.75887502911239,0.0023775615263730288,81.7541446220279,-0.0017358593100440512,81.41854612220732,0.00037557375617325306,81.59063754852295
2024-08-23,80.34,80.2,-0.0017441140586673676,-0.0150713167751182,0.0,80.34,-0.015557910923765916,79.0997503001847,-0.007419263012707233,79.74614212752911,-0.010338318018414292,79.51369817555897,-0.002309692557901144,80.154653429093
2024-08-30,80.2,72.82,-0.0965328721251816,-0.0017441140586673,0.0,80.2,-0.001355882221720867,80.09133193301614,-0.004108340945094824,79.87118695673603,-0.0010317272718064218,80.11729814301785,-0.009207863360643387,79.46491881566064
2024-09-06,72.82,73.68,0.01174074919976413,-0.0965328721251816,0.0,72.82,-0.017448668806089022,71.5604089880854,-0.009043341502547264,72.16443259952113,-0.018696516834899975,71.47116816386193,-0.015370802953839302,71.70925650732906
2024-09-13,73.68,75.96,0.03047549399703352,0.0117407491997641,0.0,73.68,-0.008099260337220655,73.0856566182184,0.001434551551938057,73.78577360905469,0.00016744655002105964,73.69233849479592,-0.002763510914519429,73.4766656036353
2024-09-20,75.96,71.63,-0.05869290531772527,0.0304754939970335,0.0,75.96,-0.013419125436540865,74.94749191208797,-0.005879018921405077,75.5147398516035,-0.016359763048559555,74.72742222962252,-0.0155998095870018,74.78423317692307
2024-09-27,71.63,79.32,0.10197632302523525,-0.0586929053177252,0.0,71.63,-0.009427562908423538,70.95787688845301,0.0096220588311553,72.32255463149716,0.004601379014772998,71.96035624309307,0.0014328239485621452,71.73270674220417
2024-10-04,79.32,80.27,0.011905648491890373,0.1019763230252352,0.0,79.32,-0.0047480711757263185,78.94427568310704,-0.00698670232668519,78.76774623425722,-0.006416406394963957,78.81267997103127,-0.0032601389102637768,79.06182685046925
2024-10-11,80.27,72.75,-0.09836704609188351,0.0119056484918903,0.0,80.27,-0.006984005010661881,79.71134700619966,-0.0021023666486144066,80.10142029937857,-0.00540758533026515,79.83710463973206,-0.015660108998417854,79.02275453995607
2024-10-18,72.75,75.62,0.0386918924111849,-0.0983670460918835,0.0,72.75,-0.015733876893140875,71.61431822319108,0.002750302432104945,72.95035990080062,-0.004899782465714535,72.39441268726674,-0.0005023454432375729,72.71346354673321
2024-10-25,75.62,73.63,-0.02666824708216141,0.0386918924111849,0.0,75.62,-0.0024041147440236237,75.43841920105282,0.005771922878921032,76.0577348788208,-0.015475402727076586,74.45875856044735,-0.002613585675135255,75.4226187000718
2024-11-01,73.63,74.04,0.005552936324671497,-0.0266682470821614,0.0,73.63,-0.007248946357659285,73.09818993974496,0.00684692244976759,74.13586874573865,-0.010049273782393316,72.89377741833384,-0.00965483020991087,72.92253557167197
2024-11-08,74.04,73.45,-0.008000585085410516,0.0055529363246714,0.0,74.04,-0.003844808227332403,73.75587694817712,-0.004665348678827286,73.69538209023888,-0.0037298111266073847,73.76435914789242,0.00019101795624010265,74.0541443203466
2024-11-15,73.45,76.1,0.03544336224775383,-0.0080005850854105,0.0,73.45,-0.007708030393579792,72.88602154147739,0.0028259872924536467,73.65786233645552,-0.024399485013521766,71.67954475744259,-0.008158907294273376,72.85316632536647
2024-11-22,76.1,74.16,-0.025823343610040416,0.0354433622477538,0.0,76.1,0.004631202561716123,76.4532518740589,-0.019001904875040054,74.66760723408075,-0.006095074331686443,75.63757553070079,-0.009089423343539238,75.41142898097186
2024-11-29,74.16,73.78,-0.005137229089070089,-0.0258233436100404,0.0,74.16,-0.01368457757557824,73.15206404531185,-0.01572197861969471,73.00317567780736,-0.031073812233093377,71.89100186808614,-0.019422894343733788,72.73349641496007
2024-12-06,73.78,74.89,0.014932678092746073,-0.00513722908907,0.0,73.78,-0.005254492941168465,73.39334025089119,0.0012309688609093428,73.87087680434071,-0.04344761038335507,70.64307470748975,0.005188897717744112,74.16383184449468
2024-12-13,74.89,73.19,-0.02296157064813999,0.014932678092746,0.0,74.89,-0.009480779168713585,74.18333958690022,-0.013313647359609604,73.89954883799818,-0.05157808756585173,71.12524113186382,-0.014221693389117718,73.83247510372122
2024-12-20,73.19,73.77,0.007893345283075101,-0.0229615706481399,0.0,73.19,-0.007171860804170306,72.66696930129051,-0.002457333030179143,73.01036859300781,-0.04866781266835999,69.7132909087704,-0.016073765233159065,72.02296556804393
2024-12-27,73.77,76.72,0.039210285678971876,0.0078933452830751,0.0,73.77,-0.0030817338534012938,73.54301043399443,0.004293942358344793,74.08744518568692,-0.04222792089787485,70.71970337753007,-0.007388073951005936,73.22699015303913
2025-01-03,76.72,79.76,0.03885969507840028,0.0392102856789718,0.0,76.72,-0.001261474168974478,76.62328071901949,0.0030453812796622515,76.95399777715268,-0.03304322210120048,74.22635000352496,-0.011541700921952724,75.83961107121549
2025-01-10,79.76,83.02,0.040059416971309686,0.0388596950784002,0.0,79.76,-0.0024452689275330937,79.56520361217994,-0.00636731693521142,79.2537562189219,-0.020633474015216195,78.13113645831477,-0.017803030088543892,78.35259552487221
2025-01-17,83.02,78.71,-0.05331133047053389,0.0400594169713096,0.0,83.02,0.004178703234332271,83.36764178257101,-0.002590605989098549,82.80520623392114,0.017718352145771773,84.5040865532497,-0.0010265829041600227,82.93481681857654
2025-01-24,78.71,77.11,-0.020537238309489416,-0.0533113304705338,0.0,78.71,0.0030798009036111223,78.95278480164433,0.020813487470149994,80.36539713293884,0.012489667984442898,79.69922646286165,0.0272663664072752,80.88566210952334
2025-01-31,77.11,74.68,-0.032020655171347334,-0.0205372383094894,0.0,77.11,-0.007882228761355766,76.50459046292556,0.03249353915452957,79.65672884885342,-0.002164071477152125,76.94330887920087,0.006995690055191517,77.65132893718346
2025-02-07,74.68,75.19,0.00680592471641349,-0.0320206551713473,0.0,74.68,-0.0004932812404610197,74.64317084127572,2.5044268113560975e-05,74.68187032936314,0.013293593919438764,75.67939364286701,0.004652383737266064,75.02824948447274
2025-02-14,75.19,74.88,-0.004131411220598949,0.0068059247164134,0.0,75.19,-0.004576608142902879,74.84667107397601,-0.000557062856387347,75.148126108106,-0.0002952228751046523,75.1678054683488,0.0015689826104789972,75.30806439875622
2025-02-21,74.88,74.76,-0.0016038495819744047,-0.0041314112205989,0.0,74.88,-0.0053347642406780665,74.4815964929197,-0.009603668935596943,74.16431935073308,0.010130796155528829,75.64244960586225,0.005552786402404308,75.29694918937584
2025-02-28,74.76,72.49,-0.03083436127457579,-0.0016038495819744,0.0,74.76,-0.01017857626784483,74.00290922772075,-0.004169529769569635,74.44893490267364,0.014154050169242854,75.82568084952887,0.006038126535713673,75.21277592332407
2025-03-07,72.49,71.94,-0.00761618304530851,-0.0308343612745757,0.0,72.49,-0.0032498955336274305,72.25479747160449,-0.005416746251285076,72.09840161627764,0.010085667622831477,73.22480933859104,-0.009712175466120243,71.78937221773643
2025-03-14,71.94,72.64,0.009683296025560126,-0.0076161830453085,0.0,71.94,-0.014325123574157442,70.91679686325806,0.0036193770356476307,72.20084975599426,0.014376545898794706,72.98171892971175,0.0011628572829067707,72.02370461175863
2025-03-21,72.64,74.69,0.02783048007593736,0.0096832960255601,0.0,72.64,-0.0058553515011554105,72.21591007640599,0.0009803678840398788,72.71124884242853,0.010057726833413473,73.37427967956046,-0.008276304230093956,72.04129023031761
2025-03-28,74.69,68.36,-0.08855835612158515,0.0278304800759373,0.0,74.69,-0.01016515810969612,73.93461017384779,-0.004049436189234257,74.38815916608792,-0.018321105776269084,73.33405573684482,-0.005938741844147444,74.24774987611525
2025-04-04,68.36,66.83,-0.02263577672441143,-0.0885583561215851,0.0,68.36,-0.024732079192841313,66.69005084516455,-0.09711363166570663,62.033479211190034,-0.013892071550840835,67.41690393505759,-0.054106470197439194,64.75956346988713
2025-04-11,66.83,69.33,0.036725631431420304,-0.0226357767244114,0.0,66.83,-0.009155158095300419,66.22095299931148,-0.018007712438702583,65.6373155667802,-0.012385948369732551,66.00735222384881,-0.016691643744707108,65.7237556510235
2025-04-18,69.33,66.99,-0.03433435843422292,0.0367256314314203,0.0,69.33,-0.03286183452624216,67.08871704035909,-0.046945299953222275,66.15049761129166,-0.035040848834968184,66.942688922433,-0.04909998178482056,66.00811778263743
2025-04-25,66.99,61.57,-0.08436861559705738,-0.0343343584342229,0.0,66.99,-0.00980325634299842,66.3364883623754,0.002627795562148094,67.16626752078092,-0.002713846119441444,66.8084459148116,-0.0030593990813940763,66.78536404667592
2025-05-02,61.57,64.26,0.04276261476459379,-0.0843686155970573,0.0,61.57,-0.015069791468558465,60.64910918325414,0.002596854465082288,61.73009611259816,0.007762852748269629,62.04981881555344,0.011252118274569511,62.266705276436376
2025-05-09,64.26,65.2,0.01452211524489489,0.0427626147645937,0.0,64.26,-0.00761669224407209,63.77241062275849,-0.01121814176440239,63.54315058713373,-0.002601330113448945,64.09305575959118,-0.009413497522473335,63.65792690201298
2025-05-16,65.2,65.41,0.003215683040514031,0.0145221152448948,0.0,65.2,-0.0007689777909488779,65.14988192034491,0.0031465478241443634,65.40547802181302,-0.009186815553758896,64.60376258090305,-0.004971060901880264,64.87669108912608
2025-05-23,65.41,64.32,-0.016804527102410545,0.003215683040514,0.0,65.41,0.0018031050886504192,65.5280474978878,0.008521182462573051,65.96975203249038,0.008426204445703836,65.96348665381032,0.011362013407051563,66.1574273962376
2025-05-30,64.32,68.02,0.05593115470833859,-0.0168045271024105,0.0,64.32,-0.002808486850403632,64.1396115536411,-0.006877589505165815,63.879151169396316,0.007732497267602225,64.81928208519844,-0.01091392058879137,63.621833425091474
2025-06-06,68.02,76.0,0.11093156070728181,0.0559311547083385,0.0,68.02,0.006762400760496046,68.48153729094979,-8.612472447566688e-05,68.01414204850201,0.0025534544293133767,68.19390790875,-0.011642573401331902,67.23266435730748
2025-06-13,76.0,78.73,0.03529093691004477,0.1109315607072818,0.0,76.0,-0.006916104533629199,75.47618950743424,-0.02043086849153042,74.46300849423433,-0.003567512518657208,75.7293521055058,-0.0281839519739151,73.88792279744912
2025-06-20,78.73,69.37,-0.1265697797991659,0.0352909369100447,0.0,78.73,-0.0080061147240993,78.1021950802872,-0.0036374512128531933,78.44414367541093,-0.005078151276586753,78.33121056352282,-0.005114182364195585,78.32838825565821
2025-06-27,69.37,71.03,0.02364782561250864,-0.1265697797991659,0.0,69.37,-0.0019069214225942892,69.23784290755745,0.014050398953258991,70.35155565198133,-0.016472319523206325,68.23667506589005,0.007568727247416973,69.89703458370361
2025-07-04,71.03,72.06,0.014396782310228605,0.0236478256125086,0.0,71.03,-0.00961716075199254,70.35016734155604,0.0008891484467312694,71.09318430011976,-0.007817038787106084,70.47692027416214,-0.001980652566999197,70.88945348102466
2025-07-11,72.06,71.06,-0.013974514727066104,0.0143967823102286,0.0,72.06,-0.010295864273271046,71.32188629999422,-0.014195915311574936,71.0442690159536,-0.005803743596089625,71.64299350636637,-0.03444845601916313,69.61991415284866
2025-07-18,71.06,69.23,-0.02609029590294695,-0.0139745147270661,0.0,71.06,-0.004448471121826958,70.74459370011967,-0.012998870573937893,70.14227785501357,0.0004459852186874352,71.09169877770766,-0.03070158325135708,68.91149549914617
2025-07-25,69.23,70.55,0.018887383608888808,-0.0260902959029469,0.0,69.23,0.0022229737385476493,69.38406765264733,-0.005662104114890099,68.83912017753302,0.028938766920530223,71.2627009072833,0.002436657901853323,69.39889551327352
2025-08-01,70.55,67.17,-0.04909495902004982,0.0188873836088888,0.0,70.55,-0.0053470660139110235,70.1737712491018,-0.004356726538389921,70.24330152852342,0.013160491907423133,71.48460917292348,0.0003338480892125517,70.57355691469063
2025-08-08,67.17,67.3,0.0019335173719090062,-0.0490949590200498,0.0,67.17,0.0015725607348225036,67.27571200204483,3.0432245694100857e-05,67.1720441650474,0.008028157360543357,67.71142173139484,0.004096478223800659,67.44572480704548
2025-08-15,67.3,68.29,0.014603106322315935,0.001933517371909,0.0,67.3,-0.007233803653006072,66.8149216103262,-0.004625590983778238,66.98941659645968,0.009459737659389032,67.93966108742971,0.020013198256492615,68.66045637613473
2025-08-22,68.29,67.83,-0.006758768015009859,0.0146031063223159,0.0,68.29,0.0017961593806218935,68.41276994829323,-0.0002362059021834284,68.2738714038497,0.009294969003435061,68.92771260134047,-0.0064308480359613895,67.85224645950876
2025-08-29,67.83,64.92,-0.04384883231159769,-0.0067587680150098,0.0,67.83,-0.0037025285640237067,67.57932184538912,-0.003548475680872798,67.58973343670803,0.013603696554505818,68.75904362366299,0.012533247470855713,68.68547994853218
2025-09-05,64.92,67.87,0.04443836806927653,-0.0438488323115976,0.0,64.92,-0.005536877868437832,64.5615391814453,0.008083140477538109,65.44688404994147,0.0026683937367474875,65.09346345285888,0.021304380148649216,66.31791837838693
2025-09-12,67.87,67.05,-0.012155500987979599,0.0444383680692765,0.0,67.87,-0.0073734057672440265,67.37140737237326,-0.004287399351596832,67.57963710164063,-0.005571098281208062,67.49294085167682,-0.0029226813931018114,67.67192720667984
2025-09-19,67.05,71.15,0.05935171480817395,-0.0121555009879795,0.0,67.05,-0.005309842857511147,66.69491858394048,-0.004946672357618809,66.71914460968556,0.008201429504656849,67.60216703273281,0.015904156491160393,68.12489871423962
2025-09-26,71.15,66.13,-0.07316782284929056,0.0593517148081739,0.0,71.15,-0.00037236333017537626,71.1235112810779,-0.006771009881049395,70.66986996393095,-0.007840961946192292,70.59429702753899,0.002364919288083911,71.31846312968389
2025-10-03,66.13,64.41,-0.02635360112777159,-0.0731678228492905,0.0,66.13,-0.004126100565132153,65.85770311810137,0.0017451979219913483,66.24551070378365,0.002349197289713496,66.2855350364822,0.010392389260232449,66.82083218267765
2025-10-10,64.41,61.23,-0.050631635068936184,-0.0263536011277715,0.0,64.41,-0.012346523514129668,63.61964950080548,-0.0055138347670435905,64.05583121403464,0.0030674635940726204,64.60787866774005,-0.017367908731102943,63.30099145525432
2025-10-17,61.23,65.8,0.07198257284140844,-0.0506316350689361,0.0,61.23,-0.009753357790596918,60.63570480050679,-0.005458659026771784,60.89667688407605,-0.012975979083519606,60.440613408781815,-0.021061379462480545,59.95389714966873
2025-10-24,65.8,65.44,-0.005486146036779942,0.0719825728414084,0.0,65.8,-0.009986169063680213,65.14618008713248,-0.020136019214987755,64.48830045899678,-0.007268398591294168,65.32347326371415,-0.032288577407598495,63.70934537007028
2025-10-31,65.44,63.72,-0.026635207252643837,-0.0054861460367799,0.0,65.44,-0.002324756952553339,65.2880446031444,0.019287174567580223,66.71440301468081,0.011031731804699348,66.16591320730697,0.013516313396394253,66.33051221241412
2025-11-07,63.72,63.45,-0.004246290881451097,-0.0266352072526438,0.0,63.72,-0.0019144757382417272,63.598126305299516,-0.0031285961158573627,63.52095737983603,-0.013098737985677008,62.89079106688793,-0.015551700256764889,62.736711382286934
2025-11-14,63.45,62.78,-0.01061564274658919,-0.004246290881451,0.0,63.45,-0.0029681864919176583,63.26194779216306,0.005554803181439638,63.80343297838998,0.003916718978686271,63.699003138533676,0.002270013326779008,63.59419594702518
2025-11-21,62.78,64.07,0.020339684237122565,-0.0106156427465891,0.0,62.78,-0.005798434223212304,62.41702765209143,0.00873758364468813,63.330948977404795,-0.0021947807267266154,62.642362763004215,0.013614356517791748,63.64055395437345
2025-11-28,64.07,64.42,0.005447908252122776,0.0203396842371225,0.0,64.07,0.0034867440892806163,64.29378560865374,-0.011608014814555645,63.330574425212994,-0.00538403724191448,63.72597169556542,-0.02015514485538006,62.79158645143121
2025-12-05,64.42,62.11,-0.03651713733184117,0.0054479082521227,0.0,64.42,-0.006612294630617274,63.995441180790465,-0.0002546797622926533,64.40359561873373,-0.010634925916342096,63.73852819649472,-0.005841587204486132,64.04478195375478
2025-12-12,62.11,61.35,-0.012311835414291147,-0.0365171373318411,0.0,62.11,-0.0006053103975054167,62.07241554748846,0.009390674531459808,62.696001965651796,-0.013642747632369735,61.26840284678957,-0.02051304280757904,60.84891349218656
2025-12-19,61.35,63.7,0.03758939142119723,-0.0123118354142911,0.0,61.35,-0.009368477731603386,60.7779277981559,-0.025379182770848274,59.812578903081075,0.0079045867156971,61.83686810552929,-0.022184446454048157,60.003969880173415
