date,P_t,P_next_actual,r_actual,r_now,r_hat_M0,P_hat_M0,r_hat_M1_LSTM,P_hat_M1_LSTM,r_hat_M4_LSTM,P_hat_M4_LSTM
2021-01-22,55.22,55.25,0.0005431338958538254,0.0076350125480385,0.0,55.22,-0.0024015288800001144,55.087546684136655,0.014873568899929523,56.04745683848254
2021-01-29,55.25,59.48,0.07377178119409217,0.0005431338958538,0.0,55.25,-0.004942229483276606,54.97761546890928,0.012189331464469433,55.92758180848076
2021-02-05,59.48,62.47,0.04904631991352435,0.0737717811940921,0.0,59.48,-0.00622283760458231,59.11101487723342,0.013380703516304493,60.28123281998221
2021-02-12,62.47,62.84,0.005905371881942048,0.0490463199135243,0.0,62.47,-0.006274321582168341,62.07927019481116,-0.00045375549234449863,62.44166032452119
2021-02-19,62.84,65.86,0.046939463560797715,0.005905371881942,0.0,62.84,-0.006114516872912645,62.45693607858854,0.007834947668015957,63.33428191943087
2021-02-26,65.86,69.95,0.06024942416327206,0.0469394635607977,0.0,65.86,-0.007751874625682831,65.35143524894869,-0.002612984972074628,65.68813344988313
2021-03-05,69.95,68.87,-0.015560031554883306,0.060249424163272,0.0,69.95,-0.012689756229519844,69.06795982535152,-0.015140554867684841,68.89889541950107
2021-03-12,68.87,64.0,-0.07333758619693505,-0.0155600315548833,0.0,68.87,-0.011505951173603535,68.08212645195434,0.000563325360417366,68.90880714707076
2021-03-19,64.0,63.77,-0.0036002230324915494,-0.073337586196935,0.0,64.0,-0.011964289471507072,63.23884787552054,0.011150021106004715,64.71759451332748
2021-03-26,63.77,63.85,0.0012537221513679736,-0.0036002230324915,0.0,63.77,-0.008784745819866657,63.21225019109149,0.0167942326515913,64.85001181672935
2021-04-02,63.85,61.89,-0.031177966727278218,0.0012537221513679,0.0,63.85,-0.00872623547911644,63.29525380780285,0.0029851561412215233,64.04088699160265
2021-04-09,61.89,65.98,0.0639930500491652,-0.0311779667272782,0.0,61.89,-0.008115100674331188,61.389788796511525,-0.004446279723197222,61.61543060643421
2021-04-16,65.98,65.75,-0.0034919947425615105,0.0639930500491652,0.0,65.98,-0.004888659808784723,65.65823337043592,0.006851394660770893,66.43360716615636
2021-04-23,65.75,67.73,0.0296695421689385,-0.0034919947425615,0.0,65.75,0.0009121205075643957,65.80999928250058,0.00800869520753622,66.27868592632979
2021-04-30,67.73,68.73,0.01465657190670161,0.0296695421689385,0.0,67.73,-0.001622805604711175,67.62017651158085,0.011340213008224964,68.50244418983502
2021-05-07,68.73,69.24,0.007392945174494417,0.0146565719067016,0.0,68.73,-0.000510185316670686,68.6949439064977,0.022326692938804626,70.28177211521214
2021-05-14,69.24,66.72,-0.037073972257517095,0.0073929451744944,0.0,69.24,0.0007888063555583358,69.29463849882333,0.016201965510845184,70.3709612495339
2021-05-21,66.72,69.36,0.038805574421795073,-0.037073972257517,0.0,66.72,-0.0006229258724488318,66.67845132800512,0.014910498633980751,67.72228216314464
2021-05-28,69.36,71.3,0.027585994947963807,0.038805574421795,0.0,69.36,0.0005082740099169314,69.3952628461628,0.01727595552802086,70.5686706845529
2021-06-04,71.3,72.05,0.010463995025280937,0.0275859949479638,0.0,71.3,0.0007347342325374484,71.35240580059022,0.017638390883803368,72.56877394122371
2021-06-11,72.05,73.1,0.014468044310201739,0.0104639950252809,0.0,72.05,0.0008829764556139708,72.11364654869382,0.025082804262638092,73.88007176537721
2021-06-18,73.1,76.45,0.04480856561933865,0.0144680443102017,0.0,73.1,0.0018407837487757206,73.23468521718344,0.022468015551567078,74.76100176977425
2021-06-25,76.45,77.51,0.013770027918348707,0.0448085656193386,0.0,76.45,0.0021410121116787195,76.61385572188844,0.021817700937390327,78.1362918515761
2021-07-02,77.51,77.14,-0.004785007513338353,0.0137700279183487,0.0,77.51,0.0007867388776503503,77.5710041244183,0.023778531700372696,79.37516151090121
2021-07-09,77.14,74.46,-0.03535988433551098,-0.0047850075133383,0.0,77.14,0.001995743252336979,77.29410536070215,0.014052175916731358,78.23163682339978
2021-07-16,74.46,74.86,0.005357634031712234,-0.0353598843355109,0.0,74.46,0.0006152041023597121,74.50582219101642,0.011473615653812885,75.31924532068726
2021-07-23,74.86,77.72,0.03749292203295641,0.0053576340317122,0.0,74.86,-0.006256037391722202,74.39313492621451,0.004192533437162638,75.17451189323039
2021-07-30,77.72,71.02,-0.09015109699429757,0.0374929220329564,0.0,77.72,-0.004659012425690889,77.35874375640324,-0.006891417317092419,77.18624033882648
2021-08-06,71.02,70.9,-0.0016910939768598886,-0.0901510969942975,0.0,71.02,-0.0032641077414155006,70.78856099461616,-0.01406913623213768,70.02780596753503
2021-08-13,70.9,65.51,-0.07906763079429685,-0.0016910939768598,0.0,70.9,-0.004238934721797705,70.60009561485114,-0.011713741347193718,70.07434095753715
2021-08-20,65.51,72.26,0.09806792297570921,-0.0790676307942968,0.0,65.51,-0.010258435271680355,64.8414051372292,0.003673119004815817,65.75106849159714
2021-08-27,72.26,73.07,0.011147160083632196,0.0980679229757092,0.0,72.26,-0.007443930953741074,71.72409863029615,0.0023052366450428963,72.42676854660097
2021-09-03,73.07,72.44,-0.008659252787913718,0.0111471600836321,0.0,73.07,-0.008438698016107082,72.45597874969964,0.005037647671997547,73.43902965565307
2021-09-10,72.44,74.64,0.02991792352387589,-0.0086592527879137,0.0,72.44,-0.0068886736407876015,71.94269931907418,0.0014773558359593153,72.54709874875834
2021-09-17,74.64,77.42,0.036568588610413746,0.0299179235238758,0.0,74.64,-0.006075355224311352,74.18791017973298,0.0003382477443665266,74.66525108195952
2021-09-24,77.42,79.4,0.02525322310358813,0.0365685886104137,0.0,77.42,-0.006979953497648239,76.88149356148476,0.004408445209264755,77.762055240024
2021-10-01,79.4,82.17,0.03429190369000646,0.0252532231035881,0.0,79.4,-0.008665619418025017,78.71492241605256,0.010788352228701115,80.26123245337136
2021-10-08,82.17,84.67,0.02997107571108943,0.0342919036900064,0.0,82.17,-0.006961197592318058,81.59998469026795,0.010757913812994957,83.05874975320205
2021-10-15,84.67,85.43,0.008935979509341498,0.0299710757110894,0.0,84.67,-0.004984661471098661,84.24899885903771,0.013980668969452381,85.86205670023824
2021-10-22,85.43,83.1,-0.027652625302124888,0.0089359795093414,0.0,85.43,-0.0043718330562114716,85.05732952213333,0.014399365521967411,86.66903706171539
2021-10-29,83.1,82.43,-0.008095253536266212,-0.0276526253021248,0.0,83.1,-0.0011363215744495392,83.00562530731784,0.012450972571969032,84.14114399801869
2021-11-05,82.43,82.9,0.005685613816113168,-0.0080952535362662,0.0,82.43,-0.002029575640335679,82.26287173706201,0.012827128171920776,83.49415058235456
2021-11-12,82.9,80.24,-0.03261291848756931,0.0056856138161131,0.0,82.9,-0.006722339428961277,82.3445869903105,0.004162037745118141,83.24575194628687
2021-11-19,80.24,72.37,-0.10323029477564367,-0.0326129184875693,0.0,80.24,-0.0059286803007125854,79.76569009785975,0.016971400007605553,81.61340648719394
2021-11-26,72.37,70.71,-0.023204843261887015,-0.1032302947756436,0.0,72.37,-0.009401180781424046,71.69282465826572,0.018630731850862503,73.73094439351497
2021-12-03,70.71,74.98,0.058634405691616764,-0.023204843261887,0.0,70.71,-0.008234327659010887,70.13014134072787,0.007806714624166489,71.26417311225039
2021-12-10,74.98,72.97,-0.027173013530237298,0.0586344056916167,0.0,74.98,-0.0042023081332445145,74.6655720604303,0.013492361642420292,75.99851289700237
2021-12-17,72.97,75.24,0.030634606655300933,-0.0271730135302372,0.0,72.97,-0.009030384011566639,72.31401921568099,0.01114516519010067,73.7878115610584
2021-12-24,75.24,77.24,0.026234453127484143,0.0306346066553009,0.0,75.24,-0.00768658984452486,74.66387802337891,0.01884371042251587,76.67124338928804
2021-12-31,77.24,82.28,0.06321060722444273,0.0262344531274841,0.0,77.24,-0.0066339196637272835,76.72929191634627,0.012974784709513187,78.24870206624294
2022-01-07,82.28,87.17,0.057732170238728335,0.0632106072244427,0.0,82.28,-0.0062271710485219955,81.7692203727499,0.014420218765735626,83.47509163229189
2022-01-14,87.17,89.75,0.029167792344903538,0.0577321702387283,0.0,87.17,0.0007181513356044888,87.23262373589297,0.01590735651552677,88.56773190346189
2022-01-21,89.75,91.47,0.018983022299884793,0.0291677923449035,0.0,89.75,-0.002157167298719287,89.55660290488026,0.008766374550759792,90.54024082869262
2022-01-28,91.47,96.86,0.05725558730680989,0.0189830222998847,0.0,91.47,-0.005072776228189468,91.00716807231404,0.004405560903251171,91.87386562991738
2022-02-04,96.86,97.5,0.006585741028718476,0.0572555873068098,0.0,96.86,-0.003487800946459174,96.52276005509553,0.0029738489538431168,97.14847573870487
2022-02-11,97.5,96.18,-0.013630942154284866,0.0065857410287184,0.0,97.5,-0.003111183876171708,97.19713095701564,0.0033038677647709846,97.82265982626413
2022-02-18,96.18,98.56,0.02444406393569308,-0.0136309421542848,0.0,96.18,-0.003542109625414014,95.83992254760267,0.006625308655202389,96.81933775280368
2022-02-25,98.56,123.86,0.22848639572470525,0.024444063935693,0.0,98.56,0.00018901098519563675,98.57863068334731,0.00533723272383213,99.08744395075209
2022-03-04,123.86,118.11,-0.04753550188615907,0.2284863957247052,0.0,123.86,0.001173168420791626,124.0053939096952,0.00551941990852356,124.5455254609888
2022-03-11,118.11,114.32,-0.03261486000214397,-0.047535501886159,0.0,118.11,0.002014185069128871,118.34813514213032,0.0032039466314017773,118.48902500033849
2022-03-18,114.32,122.67,0.07049628942304882,-0.0326148600021439,0.0,114.32,0.008690635673701763,115.31784313544642,-0.0032961133401840925,113.9438086482066
2022-03-25,122.67,106.13,-0.14483306527092962,0.0704962894230488,0.0,122.67,0.008229886181652546,123.68372584032811,-0.006711903959512711,121.84940769028731
2022-04-01,106.13,101.26,-0.04697329123196794,-0.1448330652709296,0.0,106.13,0.005882765166461468,106.75617789001629,0.005334347486495972,106.69764696577968
2022-04-08,101.26,110.83,0.09030602924579843,-0.0469732912319679,0.0,101.26,0.0030494662933051586,101.56926025656702,0.001616233610548079,101.4237921429324
2022-04-15,110.83,105.15,-0.052609593638852835,0.0903060292457984,0.0,110.83,0.0008593304082751274,110.92528052201077,0.005783554166555405,111.47284849090101
2022-04-22,105.15,108.36,0.0300711150681855,-0.0526095936388528,0.0,105.15,-0.0049118357710540295,104.63478682576442,0.004576725419610739,105.63234561764604
2022-04-29,108.36,113.86,0.04951060630604147,0.0300711150681855,0.0,108.36,-0.007906656712293625,107.50661284410059,-0.003353539388626814,107.99721911184028
2022-05-06,113.86,112.12,-0.01539989722634826,0.0495106063060414,0.0,113.86,-0.006793077569454908,113.08916133561378,-0.004923849832266569,113.300748423377
2022-05-13,112.12,113.63,0.01337782963333004,-0.0153998972263482,0.0,112.12,-0.011699168011546135,110.81593240946698,0.0017013634787872434,112.31091923869819
2022-05-20,113.63,121.19,0.06441200605047838,0.01337782963333,0.0,113.63,-0.015228282660245895,111.91271904760231,-0.00469141686335206,113.09816281224364
2022-05-27,121.19,125.68,0.03637943196696975,0.0644120060504783,0.0,121.19,-0.008200462907552719,120.20024965226195,-0.006731557194143534,120.37694222632457
2022-06-03,125.68,127.44,0.013906671654427218,0.0363794319669697,0.0,125.68,-0.005401481408625841,125.002971939884,-0.005200675223022699,125.02807583029218
2022-06-10,127.44,119.22,-0.06667513981001255,0.0139066716544272,0.0,127.44,-0.0069408719427883625,126.5585179454732,0.0026319106109440327,127.7758524612174
2022-06-17,119.22,117.36,-0.015724391957054218,-0.0666751398100125,0.0,119.22,-0.008986664935946465,118.15340953008221,-0.0028433832339942455,118.88149333100081
2022-06-24,117.36,119.21,0.015640509895183893,-0.0157243919570542,0.0,117.36,-0.009828723967075348,116.2121511405551,-0.0019467384554445744,117.13175301554404
2022-07-01,119.21,113.95,-0.045126888038216885,0.0156405098951838,0.0,119.21,-0.013722596690058708,117.58530227979979,0.004146424587816,119.70532147201386
2022-07-08,113.95,112.26,-0.01494214617763996,-0.0451268880382168,0.0,113.95,-0.01112154871225357,112.68972064354709,0.007445920258760452,114.80162926062184
2022-07-15,112.26,106.77,-0.05014062132384229,-0.0149421461776399,0.0,112.26,-0.01120312325656414,111.00935602319262,0.006068624556064606,112.94333514772669
2022-07-22,106.77,111.51,0.04343728478705956,-0.0501406213238422,0.0,106.77,-0.0047326828353106976,106.26588530210454,0.005799745209515095,107.39103798624018
2022-07-29,111.51,100.31,-0.10584888208187673,0.0434372847870595,0.0,111.51,-0.0058224983513355255,110.8626197230686,-0.0015780581161379814,111.33416951132307
2022-08-05,100.31,103.7,0.033236724340087835,-0.1058488820818767,0.0,100.31,-0.005460397340357304,99.76376024306701,0.0038010519929230213,100.6920090836658
2022-08-12,103.7,96.45,-0.07247737588374359,0.0332367243400878,0.0,103.7,-0.003285609185695648,103.3598414474831,0.007323829922825098,104.46226912045009
2022-08-19,96.45,101.13,0.047382078562340904,-0.0724773758837435,0.0,96.45,-0.007602532394230366,95.71951603299081,0.004945538006722927,96.92817859132606
2022-08-26,101.13,93.09,-0.08284005078568042,0.0473820785623409,0.0,101.13,-0.007682101801037788,100.35608549588717,0.006537956185638905,101.7933496215365
2022-09-02,93.09,91.68,-0.015262514161969071,-0.0828400507856804,0.0,93.09,-0.007025734521448612,92.43826650749314,0.0016259700059890747,93.24148466924748
2022-09-09,91.68,89.43,-0.02484805660833964,-0.015262514161969,0.0,91.68,-0.006006990559399128,91.13092988605963,0.007879307493567467,92.40522830737409
2022-09-16,89.43,84.29,-0.05919296234869898,-0.0248480566083396,0.0,89.43,-0.00654385332018137,88.84669381416406,-0.0017750700935721397,89.27139628952845
2022-09-23,84.29,88.9,0.05324890851046811,-0.0591929623486989,0.0,84.29,-0.005830850452184677,83.79994771461266,0.0024381489492952824,84.49576231258852
2022-09-30,88.9,98.88,0.10639485118952167,0.0532489085104681,0.0,88.9,-0.007826502434909344,88.20693959075815,0.0011432335013523698,89.0016915758026
2022-10-07,98.88,92.22,-0.06972996693082115,0.1063948511895216,0.0,98.88,-0.01290171779692173,97.61247236821521,-0.0020465333946049213,98.67784570625486
2022-10-14,92.22,91.82,-0.004346887957483551,-0.0697299669308211,0.0,92.22,-0.011506463401019573,91.16495550113197,0.00247822143137455,92.44882500280208
2022-10-21,91.82,94.64,0.030250080849055453,-0.0043468879574835,0.0,91.82,-0.012533293105661869,90.67637469296969,-0.004752133507281542,91.38469423611527
2022-10-28,94.64,99.53,0.05037888658784077,0.0302500808490554,0.0,94.64,-0.011280132457613945,93.57844675094339,-0.00438903272151947,94.22553216502556
2022-11-04,99.53,96.37,-0.032264156394776054,0.0503788865878407,0.0,99.53,-0.014566109515726566,98.09074275657717,-0.009816399775445461,98.55775351769005
2022-11-11,96.37,88.93,-0.08034540645164731,-0.032264156394776,0.0,96.37,-0.013011900708079338,95.12416604023768,-0.003778369165956974,96.00656559052796
2022-11-18,88.93,83.4,-0.0642012340468476,-0.0803454064516473,0.0,88.93,-0.011145719327032566,87.94431447141692,-0.0012833408545702696,88.81594569872891
2022-11-25,83.4,86.54,0.036958425432037686,-0.0642012340468476,0.0,83.4,-0.007869354449212551,82.74627142347991,0.0007540776859968901,83.46291379697612
2022-12-02,86.54,76.37,-0.125016785896446,0.0369584254320376,0.0,86.54,-0.013171189464628696,85.40763890513392,-0.002796572633087635,86.29832269590943
2022-12-09,76.37,80.2,0.048933565972175935,-0.125016785896446,0.0,76.37,-0.010528827086091042,75.57013170211826,-0.002186038065701723,76.20323461707093
2022-12-16,80.2,82.45,0.027668534133139046,0.0489335659721759,0.0,80.2,-0.009565936401486397,79.43646966428102,0.00032300467137247324,80.22590915880848
2022-12-23,82.45,82.82,0.004477529111813271,0.027668534133139,0.0,82.45,-0.011577586643397808,81.50093253773963,-0.0014871321618556976,82.32747707972324
2022-12-30,82.82,76.41,-0.08055600045794582,0.0044775291118132,0.0,82.82,-0.00988209992647171,82.00559512686726,0.006267860531806946,83.34073444989731
2023-01-06,76.41,83.43,0.08789437925450803,-0.0805560004579458,0.0,76.41,-0.007068110629916191,75.87182983041494,0.01272348128259182,77.38841241148836
2023-01-13,83.43,86.96,0.04144028589897068,0.087894379254508,0.0,83.43,-0.007185390219092369,82.83267148325743,0.008624096401035786,84.15261985565222
2023-01-20,86.96,85.36,-0.018570635819456064,0.0414402858989706,0.0,86.96,-0.006279554218053818,86.41564092017506,0.0010622665286064148,87.05242377797953
2023-01-27,85.36,78.85,-0.07933029358445057,-0.018570635819456,0.0,85.36,-0.0034735698718577623,85.06401044355079,0.003800652688369155,85.68504100619924
2023-02-03,78.85,85.46,0.0805011168068314,-0.0793302935844505,0.0,78.85,-0.003389063524082303,78.58322465576313,0.003018374089151621,79.08835834328802
2023-02-10,85.46,81.97,-0.04169510355093954,0.0805011168068314,0.0,85.46,-0.005529338493943214,84.98876673702478,0.006192690692842007,85.99086940507894
2023-02-17,81.97,82.31,0.004139280319613421,-0.0416951035509395,0.0,81.97,-0.005815825425088406,81.4946603758576,-0.005083662457764149,81.55434959667156
2023-02-24,82.31,85.74,0.04082685418527841,0.0041392803196134,0.0,82.31,-0.005063328891992569,81.89429072343367,-0.007161345332860947,81.72265526504634
2023-03-03,85.74,82.3,-0.04094835348680689,0.0408268541852784,0.0,85.74,-0.00373244215734303,85.42057689438894,-0.007468976080417633,85.10199557670579
2023-03-10,82.3,71.03,-0.14726878467330543,-0.0409483534868068,0.0,82.3,-0.006946557201445103,81.73027943155056,-0.005555414594709873,81.84405702760968
2023-03-17,71.03,73.63,0.03595022837090671,-0.1472687846733054,0.0,71.03,-0.007692779414355755,70.48567823618696,-0.014455536380410194,70.01060892443866
2023-03-24,73.63,79.19,0.07279747684169571,0.0359502283709067,0.0,73.63,-0.006635736674070358,73.14302820389268,-0.009498103521764278,72.93396537481757
2023-03-31,79.19,86.56,0.0889877868758503,0.0727974768416957,0.0,79.19,-0.002545878989621997,78.98864826014893,-0.009179813787341118,78.4663769899965
2023-04-07,86.56,87.31,0.008627188724544795,0.0889877868758503,0.0,86.56,-0.0030159286689013243,86.29933448629843,-0.001793239964172244,86.40491624145675
2023-04-14,87.31,83.36,-0.04629642581765948,0.0086271887245447,0.0,87.31,-0.003377735847607255,87.01558738707892,0.0015861648134887218,87.44859794039542
2023-04-21,83.36,81.32,-0.024776589244910975,-0.0462964258176594,0.0,83.36,-0.001013748231343925,83.27553676689523,-0.0022650198079645634,83.1714016189732
2023-04-28,81.32,75.85,-0.06963428296560463,-0.0247765892449109,0.0,81.32,-0.0030220141634345055,81.0746207647369,0.0027150646783411503,81.54108905937608
2023-05-05,75.85,74.54,-0.017421811743428724,-0.0696342829656046,0.0,75.85,-0.0024568848311901093,75.66387402422326,0.012624850496649742,76.81366517495647
2023-05-12,74.54,75.42,0.01173659777909868,-0.0174218117434287,0.0,74.54,-0.004570735152810812,74.20007484743029,0.013723555020987988,75.57000529288307
2023-05-19,75.42,76.33,0.011993553980167887,0.0117365977790986,0.0,75.42,-0.003949252888560295,75.1227347213854,0.008334844373166561,76.05124095585329
2023-05-26,76.33,76.0,-0.0043327055240478885,0.0119935539801678,0.0,76.33,-0.005113064777106047,75.94071583125088,0.002819165587425232,76.54549051829392
2023-06-02,76.0,74.74,-0.016717916228993327,-0.0043327055240478,0.0,76.0,-0.0032651894725859165,75.75225029506214,0.000345460488460958,76.02625953267737
2023-06-09,74.74,76.76,0.02666824708216149,-0.0167179162289933,0.0,74.74,-0.004629291128367186,74.39480639837232,-0.0014242742909118533,74.63362551070462
2023-06-16,76.76,73.56,-0.042582271403378905,0.0266682470821614,0.0,76.76,-0.00499472301453352,76.37756094504594,-0.0011870727175846696,76.66893435966048
2023-06-23,73.56,74.51,0.012831944829515884,-0.0425822714033789,0.0,73.56,-0.002056525554507971,73.40887742718867,-0.004317639861255884,73.24307907934283
2023-06-30,74.51,78.77,0.05559886914959665,0.0128319448295158,0.0,74.51,-0.004088900983333588,74.20595801013668,-0.007917238399386406,73.92241565879237
2023-07-07,78.77,79.9,0.014243639056996172,0.0555988691495966,0.0,78.77,-0.002711479552090168,78.55670605744399,-0.005314018577337265,78.3525249741002
2023-07-14,79.9,81.06,0.014413768427933437,0.0142436390569961,0.0,79.9,-0.002807857934385538,79.67596682489774,-0.006783335469663143,79.35984559145749
2023-07-21,81.06,84.49,0.041443562964590806,0.0144137684279334,0.0,81.06,-0.0003075679996982217,81.03507237161138,-0.0031422870233654976,80.80568598695486
2023-07-28,84.49,87.38,0.03363323935853649,0.0414435629645908,0.0,84.49,-0.001178278704173863,84.39050585970867,-0.00859865453094244,83.76661420800697
2023-08-04,87.38,87.93,0.006274619867621133,0.0336332393585364,0.0,87.38,-0.0025128470733761787,87.16070306794937,-0.009828479960560799,86.52539403932253
2023-08-11,87.93,85.92,-0.023124412630356264,0.0062746198676211,0.0,87.93,-0.004716112744063139,87.51628852819107,-0.007274983916431665,87.29263189665569
2023-08-18,85.92,85.42,-0.005836365347234134,-0.0231244126303562,0.0,85.92,-0.002446116879582405,85.71008647887783,-0.010226590558886528,85.04580895491611
2023-08-25,85.42,89.98,0.052007157999705886,-0.0058363653472341,0.0,85.42,-0.002655461896210909,85.19347134704229,-0.014036587439477444,84.22937043756343
2023-09-01,89.98,91.85,0.020569388248108222,0.0520071579997058,0.0,89.98,-0.006745417136698961,89.37508984535032,-0.012922929599881172,88.82467595864635
2023-09-08,91.85,95.55,0.0394928590251474,0.0205693882481082,0.0,91.85,-0.007169209886342287,91.19386287464118,-0.009679848328232765,90.96519522784934
2023-09-15,95.55,93.99,-0.016461277054071962,0.0394928590251474,0.0,95.55,-0.00437521655112505,95.13286126012308,-0.007806734647601843,94.8069705947859
2023-09-22,93.99,95.86,0.019700400099275317,-0.0164612770540719,0.0,93.99,-0.00685494439676404,93.34790704623703,-0.010831978172063828,92.97739652185275
2023-09-29,95.86,87.86,-0.0871441551838517,0.0197004000992753,0.0,95.86,-0.006738779600709677,95.21619226303395,-0.003773909993469715,95.49891476816828
2023-10-06,87.86,94.33,0.0710546341141284,-0.0871441551838517,0.0,87.86,-0.008588411845266819,87.10865319151374,-0.005638609174638987,87.36598588306843
2023-10-13,94.33,93.72,-0.006487659022166963,0.0710546341141284,0.0,94.33,-0.010369489900767803,93.35690001238042,-0.0077294702641665936,93.60368968307614
2023-10-20,93.72,90.73,-0.03242355045805734,-0.0064876590221669,0.0,93.72,-0.008194941096007824,92.95510852143839,-0.002827787771821022,93.45535408761322
2023-10-27,90.73,87.55,-0.03567800444967682,-0.0324235504580573,0.0,90.73,-0.0066236695274710655,90.13102037523434,-0.004382199142128229,90.33327297513307
2023-11-03,87.55,83.66,-0.045449092717808545,-0.0356780044496768,0.0,87.55,-0.003543673548847437,87.24030044195514,-0.004917840473353863,87.12050003833184
2023-11-10,83.66,81.22,-0.029599443755900578,-0.0454490927178085,0.0,83.66,0.00034391216468065977,83.68877663973178,-0.00699974037706852,83.07644646434221
2023-11-17,81.22,79.82,-0.017387422637563994,-0.0295994437559005,0.0,81.22,-0.0027169701643288136,80.99962719199006,-0.0008159495191648602,81.15375560976791
2023-11-24,79.82,78.72,-0.013876846876589792,-0.0173874226375639,0.0,79.82,-0.000979481847025454,79.74185603551527,0.00028118921909481287,79.84244767934295
2023-12-01,78.72,75.94,-0.035953697940341686,-0.0138768468765897,0.0,78.72,-0.0010850828839465976,78.63462860127389,-0.0025542080402374268,78.51918930838777
2023-12-08,75.94,76.84,0.011781783096699798,-0.0359536979403416,0.0,75.94,0.003132672980427742,76.17826819945245,0.008763939142227173,76.60845842443845
2023-12-15,76.84,80.23,0.04317217186520878,0.0117817830966997,0.0,76.84,-0.0019178950460627675,76.69277017546598,0.006102558691054583,77.31035433256739
2023-12-22,80.23,77.69,-0.03217096080323534,0.0431721718652087,0.0,80.23,-0.0024264948442578316,80.03555831991638,0.002186243887990713,80.40559422309191
2023-12-29,77.69,78.31,0.007948759800517036,-0.0321709608032353,0.0,77.69,-0.0017817619955167174,77.55169815764025,0.003429725766181946,77.95691285207603
2024-01-05,78.31,79.89,0.019975379731104196,0.007948759800517,0.0,78.31,0.0004147530999034643,78.34248605163306,0.011805322021245956,79.23995316550837
2024-01-12,79.89,80.71,0.010211794842330424,0.0199753797311041,0.0,79.89,0.0016482280334457755,80.02178551404666,0.003759371116757393,80.19090140415832
2024-01-19,80.71,83.34,0.03206614265802647,0.0102117948423304,0.0,80.71,0.002682418329641223,80.92678861226946,-0.0018674079328775406,80.55942214463634
2024-01-26,83.34,79.54,-0.04666858621476275,0.0320661426580264,0.0,83.34,-0.00190483289770782,83.18140232529367,0.0007942868396639824,83.40622216143169
2024-02-02,79.54,83.58,0.04954421724022457,-0.0466685862147627,0.0,79.54,-8.443172555416822e-05,79.53328458405049,0.0022616523783653975,79.72009541001465
2024-02-09,83.58,84.88,0.015434237285958267,0.0495442172402245,0.0,83.58,-0.0011913832277059555,83.4804834827542,-0.0007295281393453479,83.51904827381648
2024-02-16,84.88,84.18,-0.008281130963302998,0.0154342372859582,0.0,84.88,-0.0031192798633128405,84.61564803342837,-0.00021132663823664188,84.86206449013872
2024-02-23,84.18,84.82,0.007574000704019899,-0.0082811309633029,0.0,84.18,-0.0012435812968760729,84.07538039140606,-0.0018829724285751581,84.02164052101867
2024-03-01,84.82,84.29,-0.006268130037053695,0.0075740007040198,0.0,84.82,-0.005085442215204239,84.38974773008967,0.0062791164964437485,85.35427027848606
2024-03-08,84.29,85.39,0.012965763910123924,-0.0062681300370536,0.0,84.29,-0.003981397487223148,83.95507518263743,0.0010737128322944045,84.3805518592813
2024-03-15,85.39,84.87,-0.006108323937929177,0.0129657639101239,0.0,85.39,-0.00429152324795723,85.02433202737369,0.0026234802789986134,85.61431309285574
2024-03-22,84.87,86.17,0.015201415270089925,-0.0061083239379291,0.0,84.87,-0.0016163731925189495,84.73292921576478,0.001400903332978487,84.98897798473942
2024-03-29,86.17,92.81,0.07423230335562608,0.0152014152700899,0.0,86.17,-0.00606001541018486,85.64938752515201,0.007173189893364906,86.79033600717092
2024-04-05,92.81,93.12,0.003334591375826262,0.074232303355626,0.0,92.81,-0.0027559094596654177,92.55457616718975,0.013933205045759678,94.11219154460525
2024-04-12,93.12,87.96,-0.0570068182965674,0.0033345913758262,0.0,93.12,-0.0013885197695344687,92.9907907646093,0.010226599872112274,94.07718702229381
2024-04-19,87.96,89.95,0.022371794709981855,-0.0570068182965674,0.0,87.96,-0.003126263152807951,87.68544328496525,0.008007794618606567,88.66719336521756
2024-04-26,89.95,83.6,-0.07321044030588626,0.0223717947099818,0.0,89.95,-0.0011391302105039358,89.84759357576466,0.011523406952619553,90.9925256427133
2024-05-03,83.6,83.39,-0.002515121991761826,-0.0732104403058862,0.0,83.6,-0.0004318810533732176,83.56390253940373,0.013628468848764896,84.74713911532164
2024-05-10,83.39,82.24,-0.013886596392039078,-0.0025151219917618,0.0,83.39,-0.0030795210041105747,83.13359375031757,0.004465516656637192,83.76321210625544
2024-05-17,82.24,78.92,-0.04120712055244034,-0.013886596392039,0.0,82.24,-0.004222227726131678,81.89349601593366,0.001994736958295107,82.4042108917683
2024-05-24,78.92,79.41,0.006189623752704915,-0.0412071205524403,0.0,78.92,-0.001436023972928524,78.80675032214427,0.004111635964363813,79.24515831854434
2024-05-31,79.41,78.12,-0.01637819889864126,0.0061896237527049,0.0,79.41,-0.002279174979776144,79.22921681137471,0.004568429663777351,79.7736089281142
2024-06-07,78.12,81.49,0.04223420732365022,-0.0163781988986412,0.0,78.12,5.261984188109636e-05,78.12411077020084,0.0016093854792416096,78.24582641808463
2024-06-14,81.49,86.42,0.05873881717165882,0.0422342073236502,0.0,81.49,0.0013324449537321925,81.59865331048192,0.002441111020743847,81.68916913516139
2024-06-21,86.42,87.26,0.009673037191676392,0.0587388171716588,0.0,86.42,-0.0019900393672287464,86.24819180711819,0.0029028260614722967,86.67122668550611
2024-06-28,87.26,88.66,0.015916661621443753,0.0096730371916763,0.0,87.26,-0.003929824102669954,86.9177564676957,0.006790276616811752,87.85453578440456
2024-07-05,88.66,87.35,-0.01488579273684196,0.0159166616214437,0.0,88.66,-0.004665424581617117,88.24732685284273,0.00800234917551279,89.37233465186236
2024-07-12,87.35,85.19,-0.025038980525316418,-0.0148857927368419,0.0,87.35,-0.001342711504548788,87.23279285537755,0.012037415988743305,88.40782223665074
2024-07-19,85.19,81.35,-0.04612322238970236,-0.0250389805253164,0.0,85.19,-0.0008747052634134889,85.11551643894026,0.009392072446644306,85.9938797911015
2024-07-26,81.35,78.35,-0.03757486486301699,-0.0461232223897023,0.0,81.35,-0.0007411631522700191,81.28972871574938,0.007142073009163141,81.93308738707336
2024-08-02,78.35,81.07,0.034127010197585954,-0.0375748648630169,0.0,78.35,-0.002352655865252018,78.16588607623119,0.003806794062256813,78.64883074745543
2024-08-09,81.07,81.56,0.00602596670663867,0.0341270101975859,0.0,81.07,-0.006512015592306852,80.54378611201946,0.0016042019706219435,81.20015702492339
2024-08-16,81.56,80.34,-0.015071316775118236,0.0060259667066386,0.0,81.56,-0.004830725956708193,81.16695609899448,-0.0012176934396848083,81.46074536618191
2024-08-23,80.34,80.2,-0.0017441140586673676,-0.0150713167751182,0.0,80.34,-0.0006113655399531126,80.29089790371437,0.0025431127287447453,80.54457369335377
2024-08-30,80.2,72.82,-0.0965328721251816,-0.0017441140586673,0.0,80.2,0.0001969089498743415,80.21579365268468,-0.0018111366080120206,80.0548783013172
2024-09-06,72.82,73.68,0.01174074919976413,-0.0965328721251816,0.0,72.82,-0.0018960466841235757,72.68206069147062,0.0037943567149341106,73.09682991958373
2024-09-13,73.68,75.96,0.03047549399703352,0.0117407491997641,0.0,73.68,-0.0020471494644880295,73.52932031200045,0.006016844417899847,74.12465747265486
2024-09-20,75.96,71.63,-0.05869290531772527,0.0304754939970335,0.0,75.96,-0.004193511325865984,75.64212784575597,0.005250175483524799,76.35985205799332
2024-09-27,71.63,79.32,0.10197632302523525,-0.0586929053177252,0.0,71.63,-0.0035793092101812363,71.37407237655827,-3.205833490937948e-05,71.62770369827844
2024-10-04,79.32,80.27,0.011905648491890373,0.1019763230252352,0.0,79.32,-0.0036662002094089985,79.02972941954884,0.002546879695728421,79.52227597441106
2024-10-11,80.27,72.75,-0.09836704609188351,0.0119056484918903,0.0,80.27,-0.005186315160244703,79.85477216402559,0.002663088496774435,80.48405100551648
2024-10-18,72.75,75.62,0.0386918924111849,-0.0983670460918835,0.0,72.75,-0.008038039319217205,72.16757654670124,-0.010108272545039654,72.01832737550889
2024-10-25,75.62,73.63,-0.02666824708216141,0.0386918924111849,0.0,75.62,-0.006546011660248041,75.12660723747345,-0.010978680104017258,74.794332871392
2024-11-01,73.63,74.04,0.005552936324671497,-0.0266682470821614,0.0,73.63,-0.007254583295434713,73.09777789095813,-0.012618334963917732,72.70674919074008
2024-11-08,74.04,73.45,-0.008000585085410516,0.0055529363246714,0.0,74.04,-0.0031990965362638235,73.80351735953758,-0.014806743711233139,72.95178503723234
2024-11-15,73.45,76.1,0.03544336224775383,-0.0080005850854105,0.0,73.45,0.001050541177392006,73.52720279473657,-0.003493647323921323,73.19383933212279
2024-11-22,76.1,74.16,-0.025823343610040416,0.0354433622477538,0.0,76.1,-0.007258502300828695,75.54962783013782,-0.005094916559755802,75.71326288305538
2024-11-29,74.16,73.78,-0.005137229089070089,-0.0258233436100404,0.0,74.16,-0.005197071470320225,73.7755849612159,-0.009235145524144173,73.47827437086521
2024-12-06,73.78,74.89,0.014932678092746073,-0.00513722908907,0.0,73.78,-0.0025280616246163845,73.59371518229891,-0.009685924276709557,73.06882227371212
2024-12-13,74.89,73.19,-0.02296157064813999,0.014932678092746,0.0,74.89,-0.003333509899675846,74.6407690812745,-0.003668283810839057,74.615785481239
2024-12-20,73.19,73.77,0.007893345283075101,-0.0229615706481399,0.0,73.19,-0.005697698798030615,72.77417118359288,-0.010643938556313515,72.4151014392929
2024-12-27,73.77,76.72,0.039210285678971876,0.0078933452830751,0.0,73.77,-0.008676333352923393,73.13271553262169,-0.005388555582612753,73.37355534597847
2025-01-03,76.72,79.76,0.03885969507840028,0.0392102856789718,0.0,76.72,-0.008136814460158348,76.09827644944416,-0.0014957571402192116,76.60533129185079
2025-01-10,79.76,83.02,0.040059416971309686,0.0388596950784002,0.0,79.76,-0.005873542279005051,79.29289937830669,-0.007408818695694208,79.17125626167785
2025-01-17,83.02,78.71,-0.05331133047053389,0.0400594169713096,0.0,83.02,-0.008558431640267372,82.31251082254086,0.0016265197191387415,83.15514354410833
2025-01-24,78.71,77.11,-0.020537238309489416,-0.0533113304705338,0.0,78.71,-0.008336635306477547,78.05655100254525,-0.0017476718639954925,78.57256088180719
2025-01-31,77.11,74.68,-0.032020655171347334,-0.0205372383094894,0.0,77.11,-0.009740158915519714,76.3625822389032,-0.001118686399422586,77.02378632376512
2025-02-07,74.68,75.19,0.00680592471641349,-0.0320206551713473,0.0,74.68,-0.012753277085721493,73.73363273608453,0.004067775793373585,74.98440019237886
2025-02-14,75.19,74.88,-0.004131411220598949,0.0068059247164134,0.0,75.19,-0.011355224996805191,74.34102987810967,0.0036867354065179825,75.46771725567442
2025-02-21,74.88,74.76,-0.0016038495819744047,-0.0041314112205989,0.0,74.88,-0.011365598067641258,74.03376212597472,-0.0004928841954097152,74.8431019254336
2025-02-28,74.76,72.49,-0.03083436127457579,-0.0016038495819744,0.0,74.76,-0.007765744347125292,74.18168139619814,-0.0031602359376847744,74.52411368582048
2025-03-07,72.49,71.94,-0.00761618304530851,-0.0308343612745757,0.0,72.49,-0.00946358498185873,71.80722059091681,-0.00809101015329361,71.90584904639245
2025-03-14,71.94,72.64,0.009683296025560126,-0.0076161830453085,0.0,71.94,-0.009495718404650688,71.26011114324955,-0.007758319843560457,71.3840259713647
2025-03-21,72.64,74.69,0.02783048007593736,0.0096832960255601,0.0,72.64,-0.009377698414027691,71.96198805175055,-0.004789283033460379,72.29293823235322
2025-03-28,74.69,68.36,-0.08855835612158515,0.0278304800759373,0.0,74.69,-0.006773069966584444,74.18582872523668,0.001626891316846013,74.81161140990547
2025-04-04,68.36,66.83,-0.02263577672441143,-0.0885583561215851,0.0,68.36,-0.0047167204320430756,68.0383242150113,0.0003853867528960109,68.38635011559458
2025-04-11,66.83,69.33,0.036725631431420304,-0.0226357767244114,0.0,66.83,-0.005519749131053686,66.46213137085137,0.004799694754183292,67.151534617162
2025-04-18,69.33,66.99,-0.03433435843422292,0.0367256314314203,0.0,69.33,-0.006719554774463177,68.86569497604656,-0.00013108650455251336,69.32091236828532
2025-04-25,66.99,61.57,-0.08436861559705738,-0.0343343584342229,0.0,66.99,-0.005131274927407503,66.64713630884319,0.002421438926830888,67.15240874578278
2025-05-02,61.57,64.26,0.04276261476459379,-0.0843686155970573,0.0,61.57,-0.002776026725769043,61.399317054315325,0.003526019398123026,61.787480208735616
2025-05-09,64.26,65.2,0.01452211524489489,0.0427626147645937,0.0,64.26,-0.00635637529194355,63.85283474223956,0.0020175394602119923,64.38977795776728
2025-05-16,65.2,65.41,0.003215683040514031,0.0145221152448948,0.0,65.2,-0.0036259908229112625,64.96401349934777,0.0059750075452029705,65.59073665671913
2025-05-23,65.41,64.32,-0.016804527102410545,0.003215683040514,0.0,65.41,-0.004524706397205591,65.11470751425107,-0.00032876554178074,65.38849898050294
2025-05-30,64.32,68.02,0.05593115470833859,-0.0168045271024105,0.0,64.32,-0.0015985553618520498,64.2172630563494,0.004188793711364269,64.5899882793507
2025-06-06,68.02,76.0,0.11093156070728181,0.0559311547083385,0.0,68.02,-0.0027283737435936928,67.83466895910105,0.0031865527853369713,68.23709502914282
2025-06-13,76.0,78.73,0.03529093691004477,0.1109315607072818,0.0,76.0,-0.002710439497604966,75.79428551245796,-0.0026208912022411823,75.80107306542628
2025-06-20,78.73,69.37,-0.1265697797991659,0.0352909369100447,0.0,78.73,-0.002022719709202647,78.57091222652284,-0.003871400374919176,78.42579388027238
2025-06-27,69.37,71.03,0.02364782561250864,-0.1265697797991659,0.0,69.37,0.0006518557202070951,69.41523397272098,-0.0002058372483588755,69.35572253954835
2025-07-04,71.03,72.06,0.014396782310228605,0.0236478256125086,0.0,71.03,-0.003526445245370269,70.77995773352548,-0.0031613348983228207,70.80580494671293
2025-07-11,72.06,71.06,-0.013974514727066104,0.0143967823102286,0.0,72.06,-0.006222267169505358,71.61301549840297,-0.0038180039264261723,71.78539918413311
2025-07-18,71.06,69.23,-0.02609029590294695,-0.0139745147270661,0.0,71.06,0.018767284229397774,72.40619592628178,-0.0007756194099783897,71.00490585353361
2025-07-25,69.23,70.55,0.018887383608888808,-0.0260902959029469,0.0,69.23,0.018927311524748802,70.55281697070141,0.002441548742353916,69.3992349330324
2025-08-01,70.55,67.17,-0.04909495902004982,0.0188873836088888,0.0,70.55,0.012137348763644695,71.41150758823214,0.0013983887620270252,70.64872533927546
2025-08-08,67.17,67.3,0.0019335173719090062,-0.0490949590200498,0.0,67.17,0.01624671369791031,68.27020491588671,0.0031871027313172817,67.38441919696764
2025-08-15,67.3,68.29,0.014603106322315935,0.001933517371909,0.0,67.3,0.026143861934542656,69.08268348591015,0.003259842749685049,67.51974539016723
2025-08-22,68.29,67.83,-0.006758768015009859,0.0146031063223159,0.0,68.29,0.017555691301822662,69.49946358050327,-0.003177233040332794,68.07337107819522
2025-08-29,67.83,64.92,-0.04384883231159769,-0.0067587680150098,0.0,67.83,0.009016076102852821,68.44432568409647,-0.006163166835904121,67.41323799960182
2025-09-05,64.92,67.87,0.04443836806927653,-0.0438488323115976,0.0,64.92,0.01244287844747305,65.73283820500677,-0.0045029460452497005,64.62832593188266
2025-09-12,67.87,67.05,-0.012155500987979599,0.0444383680692765,0.0,67.87,0.0041778236627578735,68.15414202634256,-0.002236443106085062,67.7183822118638
2025-09-19,67.05,71.15,0.05935171480817395,-0.0121555009879795,0.0,67.05,0.008925726637244225,67.65114882501581,-0.005356986541301012,66.69177441390283
2025-09-26,71.15,66.13,-0.07316782284929056,0.0593517148081739,0.0,71.15,-0.0005519434344023466,71.11074006027195,-0.008948063477873802,70.516185220001
2025-10-03,66.13,64.41,-0.02635360112777159,-0.0731678228492905,0.0,66.13,0.0028537907637655735,66.31899072493684,-0.0089483093470335,65.54088801198952
2025-10-10,64.41,61.23,-0.050631635068936184,-0.0263536011277715,0.0,64.41,0.007411669008433819,64.8891590916661,-0.010034346021711826,63.76691961416662
2025-10-17,61.23,65.8,0.07198257284140844,-0.0506316350689361,0.0,61.23,0.004423512611538172,61.50145161940056,-0.010626082308590412,60.58280961907972
2025-10-24,65.8,65.44,-0.005486146036779942,0.0719825728414084,0.0,65.8,0.012758810073137283,66.64490825311908,-0.007312107365578413,65.32061811716373
2025-10-31,65.44,63.72,-0.026635207252643837,-0.0054861460367799,0.0,65.44,0.00976803433150053,66.08235231893683,-0.012759493663907051,64.61032311932755
2025-11-07,63.72,63.45,-0.004246290881451097,-0.0266352072526438,0.0,63.72,0.007018493488430977,64.16879148287342,-0.009338987059891224,63.12768983795067
2025-11-14,63.45,62.78,-0.01061564274658919,-0.004246290881451,0.0,63.45,-0.0006924256449565291,63.406080799972486,-0.00927935354411602,62.86394831325156
2025-11-21,62.78,64.07,0.020339684237122565,-0.0106156427465891,0.0,62.78,0.011905360966920853,63.53188541428494,-0.008449324406683445,62.25178608160132
2025-11-28,64.07,64.42,0.005447908252122776,0.0203396842371225,0.0,64.07,0.007156671490520239,64.53017263048051,-0.009639917872846127,63.4553378680595
2025-12-05,64.42,62.11,-0.03651713733184117,0.0054479082521227,0.0,64.42,0.002888666233047843,64.60635691060418,-0.007099090609699488,63.96429603862409
2025-12-12,62.11,61.35,-0.012311835414291147,-0.0365171373318411,0.0,62.11,0.007041408680379391,62.548885265017105,-0.0027719740755856037,61.9380710914935
2025-12-19,61.35,63.7,0.03758939142119723,-0.0123118354142911,0.0,61.35,0.0018895146204158664,61.4660313088679,-0.00507471663877368,61.03945476519549
